ISO-10303-21;
HEADER;
/* Generated by software containing ST-Developer
 * from STEP Tools, Inc. (www.steptools.com) 
 */

FILE_DESCRIPTION(
/* description */ (''),
/* implementation_level */ '2;1');

FILE_NAME(
/* name */ 'AmateurPad.step',
/* time_stamp */ '2026-08-19T17:46:33+01:00',
/* author */ (''),
/* organization */ (''),
/* preprocessor_version */ 'ST-DEVELOPER v20.1',
/* originating_system */ 'Autodesk Translation Framework v15.8.0.0',
/* authorisation */ '');

FILE_SCHEMA (('AUTOMOTIVE_DESIGN { 1 0 10303 214 3 1 1 }'));
ENDSEC;

DATA;
#10=MECHANICAL_DESIGN_GEOMETRIC_PRESENTATION_REPRESENTATION('',(#42,#43),
#3088);
#11=SHAPE_REPRESENTATION_RELATIONSHIP('SRR','None',#3094,#12);
#12=ADVANCED_BREP_SHAPE_REPRESENTATION('',(#13),#3087);
#13=MANIFOLD_SOLID_BREP('Body2',#1840);
#14=FACE_BOUND('',#269,.T.);
#15=FACE_BOUND('',#270,.T.);
#16=FACE_BOUND('',#271,.T.);
#17=FACE_BOUND('',#272,.T.);
#18=FACE_BOUND('',#273,.T.);
#19=FACE_BOUND('',#274,.T.);
#20=FACE_BOUND('',#275,.T.);
#21=FACE_BOUND('',#276,.T.);
#22=FACE_BOUND('',#277,.T.);
#23=FACE_BOUND('',#278,.T.);
#24=FACE_BOUND('',#279,.T.);
#25=FACE_BOUND('',#280,.T.);
#26=FACE_BOUND('',#281,.T.);
#27=FACE_BOUND('',#282,.T.);
#28=FACE_BOUND('',#284,.T.);
#29=FACE_BOUND('',#285,.T.);
#30=FACE_BOUND('',#286,.T.);
#31=FACE_BOUND('',#287,.T.);
#32=FACE_BOUND('',#288,.T.);
#33=FACE_BOUND('',#289,.T.);
#34=FACE_BOUND('',#290,.T.);
#35=FACE_BOUND('',#291,.T.);
#36=FACE_BOUND('',#292,.T.);
#37=FACE_BOUND('',#293,.T.);
#38=FACE_BOUND('',#294,.T.);
#39=FACE_BOUND('',#295,.T.);
#40=FACE_BOUND('',#296,.T.);
#41=FACE_BOUND('',#297,.T.);
#42=STYLED_ITEM('',(#3105),#1838);
#43=STYLED_ITEM('',(#3105),#13);
#44=PLANE('',#1854);
#45=PLANE('',#1858);
#46=PLANE('',#1862);
#47=PLANE('',#1866);
#48=PLANE('',#1870);
#49=PLANE('',#1874);
#50=PLANE('',#1878);
#51=PLANE('',#1882);
#52=PLANE('',#1886);
#53=PLANE('',#1890);
#54=PLANE('',#1894);
#55=PLANE('',#1898);
#56=PLANE('',#1902);
#57=PLANE('',#1906);
#58=PLANE('',#1910);
#59=PLANE('',#1914);
#60=PLANE('',#1918);
#61=PLANE('',#1922);
#62=PLANE('',#1926);
#63=PLANE('',#1930);
#64=PLANE('',#1934);
#65=PLANE('',#1938);
#66=PLANE('',#1942);
#67=PLANE('',#1946);
#68=PLANE('',#1950);
#69=PLANE('',#1954);
#70=PLANE('',#1958);
#71=PLANE('',#1962);
#72=PLANE('',#1966);
#73=PLANE('',#1970);
#74=PLANE('',#1974);
#75=PLANE('',#1978);
#76=PLANE('',#1982);
#77=PLANE('',#1986);
#78=PLANE('',#1990);
#79=PLANE('',#1994);
#80=PLANE('',#1998);
#81=PLANE('',#2002);
#82=PLANE('',#2006);
#83=PLANE('',#2010);
#84=PLANE('',#2014);
#85=PLANE('',#2015);
#86=PLANE('',#2016);
#87=PLANE('',#2017);
#88=PLANE('',#2018);
#89=PLANE('',#2019);
#90=FACE_OUTER_BOUND('',#180,.T.);
#91=FACE_OUTER_BOUND('',#181,.T.);
#92=FACE_OUTER_BOUND('',#182,.T.);
#93=FACE_OUTER_BOUND('',#183,.T.);
#94=FACE_OUTER_BOUND('',#184,.T.);
#95=FACE_OUTER_BOUND('',#185,.T.);
#96=FACE_OUTER_BOUND('',#186,.T.);
#97=FACE_OUTER_BOUND('',#187,.T.);
#98=FACE_OUTER_BOUND('',#188,.T.);
#99=FACE_OUTER_BOUND('',#189,.T.);
#100=FACE_OUTER_BOUND('',#190,.T.);
#101=FACE_OUTER_BOUND('',#191,.T.);
#102=FACE_OUTER_BOUND('',#192,.T.);
#103=FACE_OUTER_BOUND('',#193,.T.);
#104=FACE_OUTER_BOUND('',#194,.T.);
#105=FACE_OUTER_BOUND('',#195,.T.);
#106=FACE_OUTER_BOUND('',#196,.T.);
#107=FACE_OUTER_BOUND('',#197,.T.);
#108=FACE_OUTER_BOUND('',#198,.T.);
#109=FACE_OUTER_BOUND('',#199,.T.);
#110=FACE_OUTER_BOUND('',#200,.T.);
#111=FACE_OUTER_BOUND('',#201,.T.);
#112=FACE_OUTER_BOUND('',#202,.T.);
#113=FACE_OUTER_BOUND('',#203,.T.);
#114=FACE_OUTER_BOUND('',#204,.T.);
#115=FACE_OUTER_BOUND('',#205,.T.);
#116=FACE_OUTER_BOUND('',#206,.T.);
#117=FACE_OUTER_BOUND('',#207,.T.);
#118=FACE_OUTER_BOUND('',#208,.T.);
#119=FACE_OUTER_BOUND('',#209,.T.);
#120=FACE_OUTER_BOUND('',#210,.T.);
#121=FACE_OUTER_BOUND('',#211,.T.);
#122=FACE_OUTER_BOUND('',#212,.T.);
#123=FACE_OUTER_BOUND('',#213,.T.);
#124=FACE_OUTER_BOUND('',#214,.T.);
#125=FACE_OUTER_BOUND('',#215,.T.);
#126=FACE_OUTER_BOUND('',#216,.T.);
#127=FACE_OUTER_BOUND('',#217,.T.);
#128=FACE_OUTER_BOUND('',#218,.T.);
#129=FACE_OUTER_BOUND('',#219,.T.);
#130=FACE_OUTER_BOUND('',#220,.T.);
#131=FACE_OUTER_BOUND('',#221,.T.);
#132=FACE_OUTER_BOUND('',#222,.T.);
#133=FACE_OUTER_BOUND('',#223,.T.);
#134=FACE_OUTER_BOUND('',#224,.T.);
#135=FACE_OUTER_BOUND('',#225,.T.);
#136=FACE_OUTER_BOUND('',#226,.T.);
#137=FACE_OUTER_BOUND('',#227,.T.);
#138=FACE_OUTER_BOUND('',#228,.T.);
#139=FACE_OUTER_BOUND('',#229,.T.);
#140=FACE_OUTER_BOUND('',#230,.T.);
#141=FACE_OUTER_BOUND('',#231,.T.);
#142=FACE_OUTER_BOUND('',#232,.T.);
#143=FACE_OUTER_BOUND('',#233,.T.);
#144=FACE_OUTER_BOUND('',#234,.T.);
#145=FACE_OUTER_BOUND('',#235,.T.);
#146=FACE_OUTER_BOUND('',#236,.T.);
#147=FACE_OUTER_BOUND('',#237,.T.);
#148=FACE_OUTER_BOUND('',#238,.T.);
#149=FACE_OUTER_BOUND('',#239,.T.);
#150=FACE_OUTER_BOUND('',#240,.T.);
#151=FACE_OUTER_BOUND('',#241,.T.);
#152=FACE_OUTER_BOUND('',#242,.T.);
#153=FACE_OUTER_BOUND('',#243,.T.);
#154=FACE_OUTER_BOUND('',#244,.T.);
#155=FACE_OUTER_BOUND('',#245,.T.);
#156=FACE_OUTER_BOUND('',#246,.T.);
#157=FACE_OUTER_BOUND('',#247,.T.);
#158=FACE_OUTER_BOUND('',#248,.T.);
#159=FACE_OUTER_BOUND('',#249,.T.);
#160=FACE_OUTER_BOUND('',#250,.T.);
#161=FACE_OUTER_BOUND('',#251,.T.);
#162=FACE_OUTER_BOUND('',#252,.T.);
#163=FACE_OUTER_BOUND('',#253,.T.);
#164=FACE_OUTER_BOUND('',#254,.T.);
#165=FACE_OUTER_BOUND('',#255,.T.);
#166=FACE_OUTER_BOUND('',#256,.T.);
#167=FACE_OUTER_BOUND('',#257,.T.);
#168=FACE_OUTER_BOUND('',#258,.T.);
#169=FACE_OUTER_BOUND('',#259,.T.);
#170=FACE_OUTER_BOUND('',#260,.T.);
#171=FACE_OUTER_BOUND('',#261,.T.);
#172=FACE_OUTER_BOUND('',#262,.T.);
#173=FACE_OUTER_BOUND('',#263,.T.);
#174=FACE_OUTER_BOUND('',#264,.T.);
#175=FACE_OUTER_BOUND('',#265,.T.);
#176=FACE_OUTER_BOUND('',#266,.T.);
#177=FACE_OUTER_BOUND('',#267,.T.);
#178=FACE_OUTER_BOUND('',#268,.T.);
#179=FACE_OUTER_BOUND('',#283,.T.);
#180=EDGE_LOOP('',(#1178,#1179,#1180,#1181));
#181=EDGE_LOOP('',(#1182,#1183,#1184,#1185));
#182=EDGE_LOOP('',(#1186,#1187,#1188,#1189));
#183=EDGE_LOOP('',(#1190,#1191,#1192,#1193));
#184=EDGE_LOOP('',(#1194,#1195,#1196,#1197));
#185=EDGE_LOOP('',(#1198,#1199,#1200,#1201));
#186=EDGE_LOOP('',(#1202,#1203,#1204,#1205));
#187=EDGE_LOOP('',(#1206,#1207,#1208,#1209));
#188=EDGE_LOOP('',(#1210,#1211,#1212,#1213));
#189=EDGE_LOOP('',(#1214,#1215,#1216,#1217));
#190=EDGE_LOOP('',(#1218,#1219,#1220,#1221));
#191=EDGE_LOOP('',(#1222,#1223,#1224,#1225));
#192=EDGE_LOOP('',(#1226,#1227,#1228,#1229));
#193=EDGE_LOOP('',(#1230,#1231,#1232,#1233));
#194=EDGE_LOOP('',(#1234,#1235,#1236,#1237));
#195=EDGE_LOOP('',(#1238,#1239,#1240,#1241));
#196=EDGE_LOOP('',(#1242,#1243,#1244,#1245));
#197=EDGE_LOOP('',(#1246,#1247,#1248,#1249));
#198=EDGE_LOOP('',(#1250,#1251,#1252,#1253));
#199=EDGE_LOOP('',(#1254,#1255,#1256,#1257));
#200=EDGE_LOOP('',(#1258,#1259,#1260,#1261));
#201=EDGE_LOOP('',(#1262,#1263,#1264,#1265));
#202=EDGE_LOOP('',(#1266,#1267,#1268,#1269));
#203=EDGE_LOOP('',(#1270,#1271,#1272,#1273));
#204=EDGE_LOOP('',(#1274,#1275,#1276,#1277));
#205=EDGE_LOOP('',(#1278,#1279,#1280,#1281));
#206=EDGE_LOOP('',(#1282,#1283,#1284,#1285));
#207=EDGE_LOOP('',(#1286,#1287,#1288,#1289));
#208=EDGE_LOOP('',(#1290,#1291,#1292,#1293));
#209=EDGE_LOOP('',(#1294,#1295,#1296,#1297));
#210=EDGE_LOOP('',(#1298,#1299,#1300,#1301));
#211=EDGE_LOOP('',(#1302,#1303,#1304,#1305));
#212=EDGE_LOOP('',(#1306,#1307,#1308,#1309));
#213=EDGE_LOOP('',(#1310,#1311,#1312,#1313));
#214=EDGE_LOOP('',(#1314,#1315,#1316,#1317));
#215=EDGE_LOOP('',(#1318,#1319,#1320,#1321));
#216=EDGE_LOOP('',(#1322,#1323,#1324,#1325));
#217=EDGE_LOOP('',(#1326,#1327,#1328,#1329));
#218=EDGE_LOOP('',(#1330,#1331,#1332,#1333));
#219=EDGE_LOOP('',(#1334,#1335,#1336,#1337));
#220=EDGE_LOOP('',(#1338,#1339,#1340,#1341));
#221=EDGE_LOOP('',(#1342,#1343,#1344,#1345));
#222=EDGE_LOOP('',(#1346,#1347,#1348,#1349));
#223=EDGE_LOOP('',(#1350,#1351,#1352,#1353));
#224=EDGE_LOOP('',(#1354,#1355,#1356,#1357));
#225=EDGE_LOOP('',(#1358,#1359,#1360,#1361));
#226=EDGE_LOOP('',(#1362,#1363,#1364,#1365));
#227=EDGE_LOOP('',(#1366,#1367,#1368,#1369));
#228=EDGE_LOOP('',(#1370,#1371,#1372,#1373));
#229=EDGE_LOOP('',(#1374,#1375,#1376,#1377));
#230=EDGE_LOOP('',(#1378,#1379,#1380,#1381));
#231=EDGE_LOOP('',(#1382,#1383,#1384,#1385));
#232=EDGE_LOOP('',(#1386,#1387,#1388,#1389));
#233=EDGE_LOOP('',(#1390,#1391,#1392,#1393));
#234=EDGE_LOOP('',(#1394,#1395,#1396,#1397));
#235=EDGE_LOOP('',(#1398,#1399,#1400,#1401));
#236=EDGE_LOOP('',(#1402,#1403,#1404,#1405));
#237=EDGE_LOOP('',(#1406,#1407,#1408,#1409));
#238=EDGE_LOOP('',(#1410,#1411,#1412,#1413));
#239=EDGE_LOOP('',(#1414,#1415,#1416,#1417));
#240=EDGE_LOOP('',(#1418,#1419,#1420,#1421));
#241=EDGE_LOOP('',(#1422,#1423,#1424,#1425));
#242=EDGE_LOOP('',(#1426,#1427,#1428,#1429));
#243=EDGE_LOOP('',(#1430,#1431,#1432,#1433));
#244=EDGE_LOOP('',(#1434,#1435,#1436,#1437));
#245=EDGE_LOOP('',(#1438,#1439,#1440,#1441));
#246=EDGE_LOOP('',(#1442,#1443,#1444,#1445));
#247=EDGE_LOOP('',(#1446,#1447,#1448,#1449));
#248=EDGE_LOOP('',(#1450,#1451,#1452,#1453));
#249=EDGE_LOOP('',(#1454,#1455,#1456,#1457));
#250=EDGE_LOOP('',(#1458,#1459,#1460,#1461));
#251=EDGE_LOOP('',(#1462,#1463,#1464,#1465));
#252=EDGE_LOOP('',(#1466,#1467,#1468,#1469));
#253=EDGE_LOOP('',(#1470,#1471,#1472,#1473));
#254=EDGE_LOOP('',(#1474,#1475,#1476,#1477));
#255=EDGE_LOOP('',(#1478,#1479,#1480,#1481));
#256=EDGE_LOOP('',(#1482,#1483,#1484,#1485));
#257=EDGE_LOOP('',(#1486,#1487,#1488,#1489));
#258=EDGE_LOOP('',(#1490,#1491,#1492,#1493));
#259=EDGE_LOOP('',(#1494,#1495,#1496,#1497));
#260=EDGE_LOOP('',(#1498,#1499,#1500,#1501));
#261=EDGE_LOOP('',(#1502,#1503,#1504,#1505));
#262=EDGE_LOOP('',(#1506,#1507,#1508,#1509));
#263=EDGE_LOOP('',(#1510,#1511,#1512,#1513));
#264=EDGE_LOOP('',(#1514,#1515,#1516,#1517));
#265=EDGE_LOOP('',(#1518,#1519,#1520,#1521));
#266=EDGE_LOOP('',(#1522,#1523,#1524,#1525));
#267=EDGE_LOOP('',(#1526,#1527,#1528,#1529));
#268=EDGE_LOOP('',(#1530,#1531,#1532,#1533));
#269=EDGE_LOOP('',(#1534));
#270=EDGE_LOOP('',(#1535));
#271=EDGE_LOOP('',(#1536,#1537,#1538,#1539,#1540,#1541,#1542,#1543));
#272=EDGE_LOOP('',(#1544,#1545,#1546,#1547,#1548,#1549,#1550,#1551));
#273=EDGE_LOOP('',(#1552,#1553,#1554,#1555,#1556,#1557,#1558,#1559));
#274=EDGE_LOOP('',(#1560,#1561,#1562,#1563,#1564,#1565,#1566,#1567));
#275=EDGE_LOOP('',(#1568,#1569,#1570,#1571,#1572,#1573,#1574,#1575));
#276=EDGE_LOOP('',(#1576,#1577,#1578,#1579,#1580,#1581,#1582,#1583));
#277=EDGE_LOOP('',(#1584,#1585,#1586,#1587,#1588,#1589,#1590,#1591));
#278=EDGE_LOOP('',(#1592,#1593,#1594,#1595,#1596,#1597,#1598,#1599));
#279=EDGE_LOOP('',(#1600,#1601,#1602,#1603,#1604,#1605,#1606,#1607));
#280=EDGE_LOOP('',(#1608,#1609,#1610,#1611,#1612,#1613,#1614,#1615));
#281=EDGE_LOOP('',(#1616));
#282=EDGE_LOOP('',(#1617));
#283=EDGE_LOOP('',(#1618,#1619,#1620,#1621));
#284=EDGE_LOOP('',(#1622));
#285=EDGE_LOOP('',(#1623));
#286=EDGE_LOOP('',(#1624,#1625,#1626,#1627,#1628,#1629,#1630,#1631));
#287=EDGE_LOOP('',(#1632,#1633,#1634,#1635,#1636,#1637,#1638,#1639));
#288=EDGE_LOOP('',(#1640,#1641,#1642,#1643,#1644,#1645,#1646,#1647));
#289=EDGE_LOOP('',(#1648,#1649,#1650,#1651,#1652,#1653,#1654,#1655));
#290=EDGE_LOOP('',(#1656,#1657,#1658,#1659,#1660,#1661,#1662,#1663));
#291=EDGE_LOOP('',(#1664,#1665,#1666,#1667,#1668,#1669,#1670,#1671));
#292=EDGE_LOOP('',(#1672,#1673,#1674,#1675,#1676,#1677,#1678,#1679));
#293=EDGE_LOOP('',(#1680,#1681,#1682,#1683,#1684,#1685,#1686,#1687));
#294=EDGE_LOOP('',(#1688,#1689,#1690,#1691,#1692,#1693,#1694,#1695));
#295=EDGE_LOOP('',(#1696,#1697,#1698,#1699,#1700,#1701,#1702,#1703));
#296=EDGE_LOOP('',(#1704));
#297=EDGE_LOOP('',(#1705));
#298=LINE('',#2559,#474);
#299=LINE('',#2565,#475);
#300=LINE('',#2571,#476);
#301=LINE('',#2577,#477);
#302=LINE('',#2582,#478);
#303=LINE('',#2584,#479);
#304=LINE('',#2586,#480);
#305=LINE('',#2587,#481);
#306=LINE('',#2593,#482);
#307=LINE('',#2596,#483);
#308=LINE('',#2598,#484);
#309=LINE('',#2599,#485);
#310=LINE('',#2605,#486);
#311=LINE('',#2608,#487);
#312=LINE('',#2610,#488);
#313=LINE('',#2611,#489);
#314=LINE('',#2617,#490);
#315=LINE('',#2620,#491);
#316=LINE('',#2622,#492);
#317=LINE('',#2623,#493);
#318=LINE('',#2630,#494);
#319=LINE('',#2632,#495);
#320=LINE('',#2634,#496);
#321=LINE('',#2635,#497);
#322=LINE('',#2641,#498);
#323=LINE('',#2644,#499);
#324=LINE('',#2646,#500);
#325=LINE('',#2647,#501);
#326=LINE('',#2653,#502);
#327=LINE('',#2656,#503);
#328=LINE('',#2658,#504);
#329=LINE('',#2659,#505);
#330=LINE('',#2665,#506);
#331=LINE('',#2668,#507);
#332=LINE('',#2670,#508);
#333=LINE('',#2671,#509);
#334=LINE('',#2678,#510);
#335=LINE('',#2680,#511);
#336=LINE('',#2682,#512);
#337=LINE('',#2683,#513);
#338=LINE('',#2689,#514);
#339=LINE('',#2692,#515);
#340=LINE('',#2694,#516);
#341=LINE('',#2695,#517);
#342=LINE('',#2701,#518);
#343=LINE('',#2704,#519);
#344=LINE('',#2706,#520);
#345=LINE('',#2707,#521);
#346=LINE('',#2713,#522);
#347=LINE('',#2716,#523);
#348=LINE('',#2718,#524);
#349=LINE('',#2719,#525);
#350=LINE('',#2726,#526);
#351=LINE('',#2728,#527);
#352=LINE('',#2730,#528);
#353=LINE('',#2731,#529);
#354=LINE('',#2737,#530);
#355=LINE('',#2740,#531);
#356=LINE('',#2742,#532);
#357=LINE('',#2743,#533);
#358=LINE('',#2749,#534);
#359=LINE('',#2752,#535);
#360=LINE('',#2754,#536);
#361=LINE('',#2755,#537);
#362=LINE('',#2761,#538);
#363=LINE('',#2764,#539);
#364=LINE('',#2766,#540);
#365=LINE('',#2767,#541);
#366=LINE('',#2774,#542);
#367=LINE('',#2776,#543);
#368=LINE('',#2778,#544);
#369=LINE('',#2779,#545);
#370=LINE('',#2785,#546);
#371=LINE('',#2788,#547);
#372=LINE('',#2790,#548);
#373=LINE('',#2791,#549);
#374=LINE('',#2797,#550);
#375=LINE('',#2800,#551);
#376=LINE('',#2802,#552);
#377=LINE('',#2803,#553);
#378=LINE('',#2809,#554);
#379=LINE('',#2812,#555);
#380=LINE('',#2814,#556);
#381=LINE('',#2815,#557);
#382=LINE('',#2822,#558);
#383=LINE('',#2824,#559);
#384=LINE('',#2826,#560);
#385=LINE('',#2827,#561);
#386=LINE('',#2833,#562);
#387=LINE('',#2836,#563);
#388=LINE('',#2838,#564);
#389=LINE('',#2839,#565);
#390=LINE('',#2845,#566);
#391=LINE('',#2848,#567);
#392=LINE('',#2850,#568);
#393=LINE('',#2851,#569);
#394=LINE('',#2857,#570);
#395=LINE('',#2860,#571);
#396=LINE('',#2862,#572);
#397=LINE('',#2863,#573);
#398=LINE('',#2870,#574);
#399=LINE('',#2872,#575);
#400=LINE('',#2874,#576);
#401=LINE('',#2875,#577);
#402=LINE('',#2881,#578);
#403=LINE('',#2884,#579);
#404=LINE('',#2886,#580);
#405=LINE('',#2887,#581);
#406=LINE('',#2893,#582);
#407=LINE('',#2896,#583);
#408=LINE('',#2898,#584);
#409=LINE('',#2899,#585);
#410=LINE('',#2905,#586);
#411=LINE('',#2908,#587);
#412=LINE('',#2910,#588);
#413=LINE('',#2911,#589);
#414=LINE('',#2918,#590);
#415=LINE('',#2920,#591);
#416=LINE('',#2922,#592);
#417=LINE('',#2923,#593);
#418=LINE('',#2929,#594);
#419=LINE('',#2932,#595);
#420=LINE('',#2934,#596);
#421=LINE('',#2935,#597);
#422=LINE('',#2941,#598);
#423=LINE('',#2944,#599);
#424=LINE('',#2946,#600);
#425=LINE('',#2947,#601);
#426=LINE('',#2953,#602);
#427=LINE('',#2956,#603);
#428=LINE('',#2958,#604);
#429=LINE('',#2959,#605);
#430=LINE('',#2966,#606);
#431=LINE('',#2968,#607);
#432=LINE('',#2970,#608);
#433=LINE('',#2971,#609);
#434=LINE('',#2977,#610);
#435=LINE('',#2980,#611);
#436=LINE('',#2982,#612);
#437=LINE('',#2983,#613);
#438=LINE('',#2989,#614);
#439=LINE('',#2992,#615);
#440=LINE('',#2994,#616);
#441=LINE('',#2995,#617);
#442=LINE('',#3001,#618);
#443=LINE('',#3004,#619);
#444=LINE('',#3006,#620);
#445=LINE('',#3007,#621);
#446=LINE('',#3014,#622);
#447=LINE('',#3016,#623);
#448=LINE('',#3018,#624);
#449=LINE('',#3019,#625);
#450=LINE('',#3025,#626);
#451=LINE('',#3028,#627);
#452=LINE('',#3030,#628);
#453=LINE('',#3031,#629);
#454=LINE('',#3037,#630);
#455=LINE('',#3040,#631);
#456=LINE('',#3042,#632);
#457=LINE('',#3043,#633);
#458=LINE('',#3049,#634);
#459=LINE('',#3052,#635);
#460=LINE('',#3054,#636);
#461=LINE('',#3055,#637);
#462=LINE('',#3062,#638);
#463=LINE('',#3064,#639);
#464=LINE('',#3066,#640);
#465=LINE('',#3067,#641);
#466=LINE('',#3070,#642);
#467=LINE('',#3072,#643);
#468=LINE('',#3073,#644);
#469=LINE('',#3076,#645);
#470=LINE('',#3078,#646);
#471=LINE('',#3079,#647);
#472=LINE('',#3081,#648);
#473=LINE('',#3082,#649);
#474=VECTOR('',#2026,2.5);
#475=VECTOR('',#2033,2.5);
#476=VECTOR('',#2040,2.5);
#477=VECTOR('',#2047,2.5);
#478=VECTOR('',#2052,10.);
#479=VECTOR('',#2053,10.);
#480=VECTOR('',#2054,10.);
#481=VECTOR('',#2055,10.);
#482=VECTOR('',#2062,10.);
#483=VECTOR('',#2065,10.);
#484=VECTOR('',#2066,10.);
#485=VECTOR('',#2067,10.);
#486=VECTOR('',#2074,10.);
#487=VECTOR('',#2077,10.);
#488=VECTOR('',#2078,10.);
#489=VECTOR('',#2079,10.);
#490=VECTOR('',#2086,10.);
#491=VECTOR('',#2089,10.);
#492=VECTOR('',#2090,10.);
#493=VECTOR('',#2091,10.);
#494=VECTOR('',#2100,10.);
#495=VECTOR('',#2101,10.);
#496=VECTOR('',#2102,10.);
#497=VECTOR('',#2103,10.);
#498=VECTOR('',#2110,10.);
#499=VECTOR('',#2113,10.);
#500=VECTOR('',#2114,10.);
#501=VECTOR('',#2115,10.);
#502=VECTOR('',#2122,10.);
#503=VECTOR('',#2125,10.);
#504=VECTOR('',#2126,10.);
#505=VECTOR('',#2127,10.);
#506=VECTOR('',#2134,10.);
#507=VECTOR('',#2137,10.);
#508=VECTOR('',#2138,10.);
#509=VECTOR('',#2139,10.);
#510=VECTOR('',#2148,10.);
#511=VECTOR('',#2149,10.);
#512=VECTOR('',#2150,10.);
#513=VECTOR('',#2151,10.);
#514=VECTOR('',#2158,10.);
#515=VECTOR('',#2161,10.);
#516=VECTOR('',#2162,10.);
#517=VECTOR('',#2163,10.);
#518=VECTOR('',#2170,10.);
#519=VECTOR('',#2173,10.);
#520=VECTOR('',#2174,10.);
#521=VECTOR('',#2175,10.);
#522=VECTOR('',#2182,10.);
#523=VECTOR('',#2185,10.);
#524=VECTOR('',#2186,10.);
#525=VECTOR('',#2187,10.);
#526=VECTOR('',#2196,10.);
#527=VECTOR('',#2197,10.);
#528=VECTOR('',#2198,10.);
#529=VECTOR('',#2199,10.);
#530=VECTOR('',#2206,10.);
#531=VECTOR('',#2209,10.);
#532=VECTOR('',#2210,10.);
#533=VECTOR('',#2211,10.);
#534=VECTOR('',#2218,10.);
#535=VECTOR('',#2221,10.);
#536=VECTOR('',#2222,10.);
#537=VECTOR('',#2223,10.);
#538=VECTOR('',#2230,10.);
#539=VECTOR('',#2233,10.);
#540=VECTOR('',#2234,10.);
#541=VECTOR('',#2235,10.);
#542=VECTOR('',#2244,10.);
#543=VECTOR('',#2245,10.);
#544=VECTOR('',#2246,10.);
#545=VECTOR('',#2247,10.);
#546=VECTOR('',#2254,10.);
#547=VECTOR('',#2257,10.);
#548=VECTOR('',#2258,10.);
#549=VECTOR('',#2259,10.);
#550=VECTOR('',#2266,10.);
#551=VECTOR('',#2269,10.);
#552=VECTOR('',#2270,10.);
#553=VECTOR('',#2271,10.);
#554=VECTOR('',#2278,10.);
#555=VECTOR('',#2281,10.);
#556=VECTOR('',#2282,10.);
#557=VECTOR('',#2283,10.);
#558=VECTOR('',#2292,10.);
#559=VECTOR('',#2293,10.);
#560=VECTOR('',#2294,10.);
#561=VECTOR('',#2295,10.);
#562=VECTOR('',#2302,10.);
#563=VECTOR('',#2305,10.);
#564=VECTOR('',#2306,10.);
#565=VECTOR('',#2307,10.);
#566=VECTOR('',#2314,10.);
#567=VECTOR('',#2317,10.);
#568=VECTOR('',#2318,10.);
#569=VECTOR('',#2319,10.);
#570=VECTOR('',#2326,10.);
#571=VECTOR('',#2329,10.);
#572=VECTOR('',#2330,10.);
#573=VECTOR('',#2331,10.);
#574=VECTOR('',#2340,10.);
#575=VECTOR('',#2341,10.);
#576=VECTOR('',#2342,10.);
#577=VECTOR('',#2343,10.);
#578=VECTOR('',#2350,10.);
#579=VECTOR('',#2353,10.);
#580=VECTOR('',#2354,10.);
#581=VECTOR('',#2355,10.);
#582=VECTOR('',#2362,10.);
#583=VECTOR('',#2365,10.);
#584=VECTOR('',#2366,10.);
#585=VECTOR('',#2367,10.);
#586=VECTOR('',#2374,10.);
#587=VECTOR('',#2377,10.);
#588=VECTOR('',#2378,10.);
#589=VECTOR('',#2379,10.);
#590=VECTOR('',#2388,10.);
#591=VECTOR('',#2389,10.);
#592=VECTOR('',#2390,10.);
#593=VECTOR('',#2391,10.);
#594=VECTOR('',#2398,10.);
#595=VECTOR('',#2401,10.);
#596=VECTOR('',#2402,10.);
#597=VECTOR('',#2403,10.);
#598=VECTOR('',#2410,10.);
#599=VECTOR('',#2413,10.);
#600=VECTOR('',#2414,10.);
#601=VECTOR('',#2415,10.);
#602=VECTOR('',#2422,10.);
#603=VECTOR('',#2425,10.);
#604=VECTOR('',#2426,10.);
#605=VECTOR('',#2427,10.);
#606=VECTOR('',#2436,10.);
#607=VECTOR('',#2437,10.);
#608=VECTOR('',#2438,10.);
#609=VECTOR('',#2439,10.);
#610=VECTOR('',#2446,10.);
#611=VECTOR('',#2449,10.);
#612=VECTOR('',#2450,10.);
#613=VECTOR('',#2451,10.);
#614=VECTOR('',#2458,10.);
#615=VECTOR('',#2461,10.);
#616=VECTOR('',#2462,10.);
#617=VECTOR('',#2463,10.);
#618=VECTOR('',#2470,10.);
#619=VECTOR('',#2473,10.);
#620=VECTOR('',#2474,10.);
#621=VECTOR('',#2475,10.);
#622=VECTOR('',#2484,10.);
#623=VECTOR('',#2485,10.);
#624=VECTOR('',#2486,10.);
#625=VECTOR('',#2487,10.);
#626=VECTOR('',#2494,10.);
#627=VECTOR('',#2497,10.);
#628=VECTOR('',#2498,10.);
#629=VECTOR('',#2499,10.);
#630=VECTOR('',#2506,10.);
#631=VECTOR('',#2509,10.);
#632=VECTOR('',#2510,10.);
#633=VECTOR('',#2511,10.);
#634=VECTOR('',#2518,10.);
#635=VECTOR('',#2521,10.);
#636=VECTOR('',#2522,10.);
#637=VECTOR('',#2523,10.);
#638=VECTOR('',#2532,10.);
#639=VECTOR('',#2533,10.);
#640=VECTOR('',#2534,10.);
#641=VECTOR('',#2535,10.);
#642=VECTOR('',#2538,10.);
#643=VECTOR('',#2539,10.);
#644=VECTOR('',#2540,10.);
#645=VECTOR('',#2543,10.);
#646=VECTOR('',#2544,10.);
#647=VECTOR('',#2545,10.);
#648=VECTOR('',#2548,10.);
#649=VECTOR('',#2549,10.);
#650=CIRCLE('',#1843,2.5);
#651=CIRCLE('',#1844,2.5);
#652=CIRCLE('',#1846,2.5);
#653=CIRCLE('',#1847,2.5);
#654=CIRCLE('',#1849,2.5);
#655=CIRCLE('',#1850,2.5);
#656=CIRCLE('',#1852,2.5);
#657=CIRCLE('',#1853,2.5);
#658=CIRCLE('',#1856,0.500000000000007);
#659=CIRCLE('',#1857,0.500000000000007);
#660=CIRCLE('',#1860,0.499999999999997);
#661=CIRCLE('',#1861,0.499999999999997);
#662=CIRCLE('',#1864,0.499999999999998);
#663=CIRCLE('',#1865,0.499999999999998);
#664=CIRCLE('',#1868,0.499999999999998);
#665=CIRCLE('',#1869,0.499999999999998);
#666=CIRCLE('',#1872,0.499999999999998);
#667=CIRCLE('',#1873,0.499999999999998);
#668=CIRCLE('',#1876,0.500000000000003);
#669=CIRCLE('',#1877,0.500000000000003);
#670=CIRCLE('',#1880,0.500000000000007);
#671=CIRCLE('',#1881,0.500000000000007);
#672=CIRCLE('',#1884,0.499999999999989);
#673=CIRCLE('',#1885,0.499999999999989);
#674=CIRCLE('',#1888,0.499999999999994);
#675=CIRCLE('',#1889,0.499999999999994);
#676=CIRCLE('',#1892,0.499999999999998);
#677=CIRCLE('',#1893,0.499999999999998);
#678=CIRCLE('',#1896,0.499999999999998);
#679=CIRCLE('',#1897,0.499999999999998);
#680=CIRCLE('',#1900,0.499999999999998);
#681=CIRCLE('',#1901,0.499999999999998);
#682=CIRCLE('',#1904,0.500000000000007);
#683=CIRCLE('',#1905,0.500000000000007);
#684=CIRCLE('',#1908,0.499999999999998);
#685=CIRCLE('',#1909,0.499999999999998);
#686=CIRCLE('',#1912,0.499999999999998);
#687=CIRCLE('',#1913,0.499999999999998);
#688=CIRCLE('',#1916,0.499999999999998);
#689=CIRCLE('',#1917,0.499999999999998);
#690=CIRCLE('',#1920,0.499999999999998);
#691=CIRCLE('',#1921,0.499999999999998);
#692=CIRCLE('',#1924,0.499999999999998);
#693=CIRCLE('',#1925,0.499999999999998);
#694=CIRCLE('',#1928,0.500000000000007);
#695=CIRCLE('',#1929,0.500000000000007);
#696=CIRCLE('',#1932,0.499999999999998);
#697=CIRCLE('',#1933,0.499999999999998);
#698=CIRCLE('',#1936,0.500000000000007);
#699=CIRCLE('',#1937,0.500000000000007);
#700=CIRCLE('',#1940,0.500000000000003);
#701=CIRCLE('',#1941,0.500000000000003);
#702=CIRCLE('',#1944,0.499999999999998);
#703=CIRCLE('',#1945,0.499999999999998);
#704=CIRCLE('',#1948,0.499999999999989);
#705=CIRCLE('',#1949,0.499999999999989);
#706=CIRCLE('',#1952,0.499999999999998);
#707=CIRCLE('',#1953,0.499999999999998);
#708=CIRCLE('',#1956,0.499999999999997);
#709=CIRCLE('',#1957,0.499999999999997);
#710=CIRCLE('',#1960,0.500000000000007);
#711=CIRCLE('',#1961,0.500000000000007);
#712=CIRCLE('',#1964,0.499999999999998);
#713=CIRCLE('',#1965,0.499999999999998);
#714=CIRCLE('',#1968,0.500000000000003);
#715=CIRCLE('',#1969,0.500000000000003);
#716=CIRCLE('',#1972,0.499999999999998);
#717=CIRCLE('',#1973,0.499999999999998);
#718=CIRCLE('',#1976,0.499999999999998);
#719=CIRCLE('',#1977,0.499999999999998);
#720=CIRCLE('',#1980,0.499999999999998);
#721=CIRCLE('',#1981,0.499999999999998);
#722=CIRCLE('',#1984,0.500000000000003);
#723=CIRCLE('',#1985,0.500000000000003);
#724=CIRCLE('',#1988,0.500000000000003);
#725=CIRCLE('',#1989,0.500000000000003);
#726=CIRCLE('',#1992,0.499999999999998);
#727=CIRCLE('',#1993,0.499999999999998);
#728=CIRCLE('',#1996,0.499999999999989);
#729=CIRCLE('',#1997,0.499999999999989);
#730=CIRCLE('',#2000,0.316392030939515);
#731=CIRCLE('',#2001,0.316392030939515);
#732=CIRCLE('',#2004,0.499999999999998);
#733=CIRCLE('',#2005,0.499999999999998);
#734=CIRCLE('',#2008,0.499999999999998);
#735=CIRCLE('',#2009,0.499999999999998);
#736=CIRCLE('',#2012,0.499999999999989);
#737=CIRCLE('',#2013,0.499999999999989);
#738=VERTEX_POINT('',#2556);
#739=VERTEX_POINT('',#2558);
#740=VERTEX_POINT('',#2562);
#741=VERTEX_POINT('',#2564);
#742=VERTEX_POINT('',#2568);
#743=VERTEX_POINT('',#2570);
#744=VERTEX_POINT('',#2574);
#745=VERTEX_POINT('',#2576);
#746=VERTEX_POINT('',#2580);
#747=VERTEX_POINT('',#2581);
#748=VERTEX_POINT('',#2583);
#749=VERTEX_POINT('',#2585);
#750=VERTEX_POINT('',#2589);
#751=VERTEX_POINT('',#2591);
#752=VERTEX_POINT('',#2595);
#753=VERTEX_POINT('',#2597);
#754=VERTEX_POINT('',#2601);
#755=VERTEX_POINT('',#2603);
#756=VERTEX_POINT('',#2607);
#757=VERTEX_POINT('',#2609);
#758=VERTEX_POINT('',#2613);
#759=VERTEX_POINT('',#2615);
#760=VERTEX_POINT('',#2619);
#761=VERTEX_POINT('',#2621);
#762=VERTEX_POINT('',#2628);
#763=VERTEX_POINT('',#2629);
#764=VERTEX_POINT('',#2631);
#765=VERTEX_POINT('',#2633);
#766=VERTEX_POINT('',#2637);
#767=VERTEX_POINT('',#2639);
#768=VERTEX_POINT('',#2643);
#769=VERTEX_POINT('',#2645);
#770=VERTEX_POINT('',#2649);
#771=VERTEX_POINT('',#2651);
#772=VERTEX_POINT('',#2655);
#773=VERTEX_POINT('',#2657);
#774=VERTEX_POINT('',#2661);
#775=VERTEX_POINT('',#2663);
#776=VERTEX_POINT('',#2667);
#777=VERTEX_POINT('',#2669);
#778=VERTEX_POINT('',#2676);
#779=VERTEX_POINT('',#2677);
#780=VERTEX_POINT('',#2679);
#781=VERTEX_POINT('',#2681);
#782=VERTEX_POINT('',#2685);
#783=VERTEX_POINT('',#2687);
#784=VERTEX_POINT('',#2691);
#785=VERTEX_POINT('',#2693);
#786=VERTEX_POINT('',#2697);
#787=VERTEX_POINT('',#2699);
#788=VERTEX_POINT('',#2703);
#789=VERTEX_POINT('',#2705);
#790=VERTEX_POINT('',#2709);
#791=VERTEX_POINT('',#2711);
#792=VERTEX_POINT('',#2715);
#793=VERTEX_POINT('',#2717);
#794=VERTEX_POINT('',#2724);
#795=VERTEX_POINT('',#2725);
#796=VERTEX_POINT('',#2727);
#797=VERTEX_POINT('',#2729);
#798=VERTEX_POINT('',#2733);
#799=VERTEX_POINT('',#2735);
#800=VERTEX_POINT('',#2739);
#801=VERTEX_POINT('',#2741);
#802=VERTEX_POINT('',#2745);
#803=VERTEX_POINT('',#2747);
#804=VERTEX_POINT('',#2751);
#805=VERTEX_POINT('',#2753);
#806=VERTEX_POINT('',#2757);
#807=VERTEX_POINT('',#2759);
#808=VERTEX_POINT('',#2763);
#809=VERTEX_POINT('',#2765);
#810=VERTEX_POINT('',#2772);
#811=VERTEX_POINT('',#2773);
#812=VERTEX_POINT('',#2775);
#813=VERTEX_POINT('',#2777);
#814=VERTEX_POINT('',#2781);
#815=VERTEX_POINT('',#2783);
#816=VERTEX_POINT('',#2787);
#817=VERTEX_POINT('',#2789);
#818=VERTEX_POINT('',#2793);
#819=VERTEX_POINT('',#2795);
#820=VERTEX_POINT('',#2799);
#821=VERTEX_POINT('',#2801);
#822=VERTEX_POINT('',#2805);
#823=VERTEX_POINT('',#2807);
#824=VERTEX_POINT('',#2811);
#825=VERTEX_POINT('',#2813);
#826=VERTEX_POINT('',#2820);
#827=VERTEX_POINT('',#2821);
#828=VERTEX_POINT('',#2823);
#829=VERTEX_POINT('',#2825);
#830=VERTEX_POINT('',#2829);
#831=VERTEX_POINT('',#2831);
#832=VERTEX_POINT('',#2835);
#833=VERTEX_POINT('',#2837);
#834=VERTEX_POINT('',#2841);
#835=VERTEX_POINT('',#2843);
#836=VERTEX_POINT('',#2847);
#837=VERTEX_POINT('',#2849);
#838=VERTEX_POINT('',#2853);
#839=VERTEX_POINT('',#2855);
#840=VERTEX_POINT('',#2859);
#841=VERTEX_POINT('',#2861);
#842=VERTEX_POINT('',#2868);
#843=VERTEX_POINT('',#2869);
#844=VERTEX_POINT('',#2871);
#845=VERTEX_POINT('',#2873);
#846=VERTEX_POINT('',#2877);
#847=VERTEX_POINT('',#2879);
#848=VERTEX_POINT('',#2883);
#849=VERTEX_POINT('',#2885);
#850=VERTEX_POINT('',#2889);
#851=VERTEX_POINT('',#2891);
#852=VERTEX_POINT('',#2895);
#853=VERTEX_POINT('',#2897);
#854=VERTEX_POINT('',#2901);
#855=VERTEX_POINT('',#2903);
#856=VERTEX_POINT('',#2907);
#857=VERTEX_POINT('',#2909);
#858=VERTEX_POINT('',#2916);
#859=VERTEX_POINT('',#2917);
#860=VERTEX_POINT('',#2919);
#861=VERTEX_POINT('',#2921);
#862=VERTEX_POINT('',#2925);
#863=VERTEX_POINT('',#2927);
#864=VERTEX_POINT('',#2931);
#865=VERTEX_POINT('',#2933);
#866=VERTEX_POINT('',#2937);
#867=VERTEX_POINT('',#2939);
#868=VERTEX_POINT('',#2943);
#869=VERTEX_POINT('',#2945);
#870=VERTEX_POINT('',#2949);
#871=VERTEX_POINT('',#2951);
#872=VERTEX_POINT('',#2955);
#873=VERTEX_POINT('',#2957);
#874=VERTEX_POINT('',#2964);
#875=VERTEX_POINT('',#2965);
#876=VERTEX_POINT('',#2967);
#877=VERTEX_POINT('',#2969);
#878=VERTEX_POINT('',#2973);
#879=VERTEX_POINT('',#2975);
#880=VERTEX_POINT('',#2979);
#881=VERTEX_POINT('',#2981);
#882=VERTEX_POINT('',#2985);
#883=VERTEX_POINT('',#2987);
#884=VERTEX_POINT('',#2991);
#885=VERTEX_POINT('',#2993);
#886=VERTEX_POINT('',#2997);
#887=VERTEX_POINT('',#2999);
#888=VERTEX_POINT('',#3003);
#889=VERTEX_POINT('',#3005);
#890=VERTEX_POINT('',#3012);
#891=VERTEX_POINT('',#3013);
#892=VERTEX_POINT('',#3015);
#893=VERTEX_POINT('',#3017);
#894=VERTEX_POINT('',#3021);
#895=VERTEX_POINT('',#3023);
#896=VERTEX_POINT('',#3027);
#897=VERTEX_POINT('',#3029);
#898=VERTEX_POINT('',#3033);
#899=VERTEX_POINT('',#3035);
#900=VERTEX_POINT('',#3039);
#901=VERTEX_POINT('',#3041);
#902=VERTEX_POINT('',#3045);
#903=VERTEX_POINT('',#3047);
#904=VERTEX_POINT('',#3051);
#905=VERTEX_POINT('',#3053);
#906=VERTEX_POINT('',#3060);
#907=VERTEX_POINT('',#3061);
#908=VERTEX_POINT('',#3063);
#909=VERTEX_POINT('',#3065);
#910=VERTEX_POINT('',#3069);
#911=VERTEX_POINT('',#3071);
#912=VERTEX_POINT('',#3075);
#913=VERTEX_POINT('',#3077);
#914=EDGE_CURVE('',#738,#738,#650,.T.);
#915=EDGE_CURVE('',#738,#739,#298,.T.);
#916=EDGE_CURVE('',#739,#739,#651,.T.);
#917=EDGE_CURVE('',#740,#740,#652,.T.);
#918=EDGE_CURVE('',#740,#741,#299,.T.);
#919=EDGE_CURVE('',#741,#741,#653,.T.);
#920=EDGE_CURVE('',#742,#742,#654,.T.);
#921=EDGE_CURVE('',#742,#743,#300,.T.);
#922=EDGE_CURVE('',#743,#743,#655,.T.);
#923=EDGE_CURVE('',#744,#744,#656,.T.);
#924=EDGE_CURVE('',#744,#745,#301,.T.);
#925=EDGE_CURVE('',#745,#745,#657,.T.);
#926=EDGE_CURVE('',#746,#747,#302,.T.);
#927=EDGE_CURVE('',#747,#748,#303,.T.);
#928=EDGE_CURVE('',#749,#748,#304,.T.);
#929=EDGE_CURVE('',#746,#749,#305,.T.);
#930=EDGE_CURVE('',#750,#746,#658,.T.);
#931=EDGE_CURVE('',#751,#749,#659,.T.);
#932=EDGE_CURVE('',#750,#751,#306,.T.);
#933=EDGE_CURVE('',#752,#750,#307,.T.);
#934=EDGE_CURVE('',#753,#751,#308,.T.);
#935=EDGE_CURVE('',#752,#753,#309,.T.);
#936=EDGE_CURVE('',#754,#752,#660,.T.);
#937=EDGE_CURVE('',#755,#753,#661,.T.);
#938=EDGE_CURVE('',#754,#755,#310,.T.);
#939=EDGE_CURVE('',#756,#754,#311,.T.);
#940=EDGE_CURVE('',#757,#755,#312,.T.);
#941=EDGE_CURVE('',#756,#757,#313,.T.);
#942=EDGE_CURVE('',#758,#756,#662,.T.);
#943=EDGE_CURVE('',#759,#757,#663,.T.);
#944=EDGE_CURVE('',#758,#759,#314,.T.);
#945=EDGE_CURVE('',#760,#758,#315,.T.);
#946=EDGE_CURVE('',#761,#759,#316,.T.);
#947=EDGE_CURVE('',#760,#761,#317,.T.);
#948=EDGE_CURVE('',#747,#760,#664,.T.);
#949=EDGE_CURVE('',#748,#761,#665,.T.);
#950=EDGE_CURVE('',#762,#763,#318,.T.);
#951=EDGE_CURVE('',#763,#764,#319,.T.);
#952=EDGE_CURVE('',#765,#764,#320,.T.);
#953=EDGE_CURVE('',#762,#765,#321,.T.);
#954=EDGE_CURVE('',#766,#762,#666,.T.);
#955=EDGE_CURVE('',#767,#765,#667,.T.);
#956=EDGE_CURVE('',#766,#767,#322,.T.);
#957=EDGE_CURVE('',#768,#766,#323,.T.);
#958=EDGE_CURVE('',#769,#767,#324,.T.);
#959=EDGE_CURVE('',#768,#769,#325,.T.);
#960=EDGE_CURVE('',#770,#768,#668,.T.);
#961=EDGE_CURVE('',#771,#769,#669,.T.);
#962=EDGE_CURVE('',#770,#771,#326,.T.);
#963=EDGE_CURVE('',#772,#770,#327,.T.);
#964=EDGE_CURVE('',#773,#771,#328,.T.);
#965=EDGE_CURVE('',#772,#773,#329,.T.);
#966=EDGE_CURVE('',#774,#772,#670,.T.);
#967=EDGE_CURVE('',#775,#773,#671,.T.);
#968=EDGE_CURVE('',#774,#775,#330,.T.);
#969=EDGE_CURVE('',#776,#774,#331,.T.);
#970=EDGE_CURVE('',#777,#775,#332,.T.);
#971=EDGE_CURVE('',#776,#777,#333,.T.);
#972=EDGE_CURVE('',#763,#776,#672,.T.);
#973=EDGE_CURVE('',#764,#777,#673,.T.);
#974=EDGE_CURVE('',#778,#779,#334,.T.);
#975=EDGE_CURVE('',#779,#780,#335,.T.);
#976=EDGE_CURVE('',#781,#780,#336,.T.);
#977=EDGE_CURVE('',#778,#781,#337,.T.);
#978=EDGE_CURVE('',#782,#778,#674,.T.);
#979=EDGE_CURVE('',#783,#781,#675,.T.);
#980=EDGE_CURVE('',#782,#783,#338,.T.);
#981=EDGE_CURVE('',#784,#782,#339,.T.);
#982=EDGE_CURVE('',#785,#783,#340,.T.);
#983=EDGE_CURVE('',#784,#785,#341,.T.);
#984=EDGE_CURVE('',#786,#784,#676,.T.);
#985=EDGE_CURVE('',#787,#785,#677,.T.);
#986=EDGE_CURVE('',#786,#787,#342,.T.);
#987=EDGE_CURVE('',#788,#786,#343,.T.);
#988=EDGE_CURVE('',#789,#787,#344,.T.);
#989=EDGE_CURVE('',#788,#789,#345,.T.);
#990=EDGE_CURVE('',#790,#788,#678,.T.);
#991=EDGE_CURVE('',#791,#789,#679,.T.);
#992=EDGE_CURVE('',#790,#791,#346,.T.);
#993=EDGE_CURVE('',#792,#790,#347,.T.);
#994=EDGE_CURVE('',#793,#791,#348,.T.);
#995=EDGE_CURVE('',#792,#793,#349,.T.);
#996=EDGE_CURVE('',#779,#792,#680,.T.);
#997=EDGE_CURVE('',#780,#793,#681,.T.);
#998=EDGE_CURVE('',#794,#795,#350,.T.);
#999=EDGE_CURVE('',#795,#796,#351,.T.);
#1000=EDGE_CURVE('',#797,#796,#352,.T.);
#1001=EDGE_CURVE('',#794,#797,#353,.T.);
#1002=EDGE_CURVE('',#798,#794,#682,.T.);
#1003=EDGE_CURVE('',#799,#797,#683,.T.);
#1004=EDGE_CURVE('',#798,#799,#354,.T.);
#1005=EDGE_CURVE('',#800,#798,#355,.T.);
#1006=EDGE_CURVE('',#801,#799,#356,.T.);
#1007=EDGE_CURVE('',#800,#801,#357,.T.);
#1008=EDGE_CURVE('',#802,#800,#684,.T.);
#1009=EDGE_CURVE('',#803,#801,#685,.T.);
#1010=EDGE_CURVE('',#802,#803,#358,.T.);
#1011=EDGE_CURVE('',#804,#802,#359,.T.);
#1012=EDGE_CURVE('',#805,#803,#360,.T.);
#1013=EDGE_CURVE('',#804,#805,#361,.T.);
#1014=EDGE_CURVE('',#806,#804,#686,.T.);
#1015=EDGE_CURVE('',#807,#805,#687,.T.);
#1016=EDGE_CURVE('',#806,#807,#362,.T.);
#1017=EDGE_CURVE('',#808,#806,#363,.T.);
#1018=EDGE_CURVE('',#809,#807,#364,.T.);
#1019=EDGE_CURVE('',#808,#809,#365,.T.);
#1020=EDGE_CURVE('',#795,#808,#688,.T.);
#1021=EDGE_CURVE('',#796,#809,#689,.T.);
#1022=EDGE_CURVE('',#810,#811,#366,.T.);
#1023=EDGE_CURVE('',#811,#812,#367,.T.);
#1024=EDGE_CURVE('',#813,#812,#368,.T.);
#1025=EDGE_CURVE('',#810,#813,#369,.T.);
#1026=EDGE_CURVE('',#814,#810,#690,.T.);
#1027=EDGE_CURVE('',#815,#813,#691,.T.);
#1028=EDGE_CURVE('',#814,#815,#370,.T.);
#1029=EDGE_CURVE('',#816,#814,#371,.T.);
#1030=EDGE_CURVE('',#817,#815,#372,.T.);
#1031=EDGE_CURVE('',#816,#817,#373,.T.);
#1032=EDGE_CURVE('',#818,#816,#692,.T.);
#1033=EDGE_CURVE('',#819,#817,#693,.T.);
#1034=EDGE_CURVE('',#818,#819,#374,.T.);
#1035=EDGE_CURVE('',#820,#818,#375,.T.);
#1036=EDGE_CURVE('',#821,#819,#376,.T.);
#1037=EDGE_CURVE('',#820,#821,#377,.T.);
#1038=EDGE_CURVE('',#822,#820,#694,.T.);
#1039=EDGE_CURVE('',#823,#821,#695,.T.);
#1040=EDGE_CURVE('',#822,#823,#378,.T.);
#1041=EDGE_CURVE('',#824,#822,#379,.T.);
#1042=EDGE_CURVE('',#825,#823,#380,.T.);
#1043=EDGE_CURVE('',#824,#825,#381,.T.);
#1044=EDGE_CURVE('',#811,#824,#696,.T.);
#1045=EDGE_CURVE('',#812,#825,#697,.T.);
#1046=EDGE_CURVE('',#826,#827,#382,.T.);
#1047=EDGE_CURVE('',#827,#828,#383,.T.);
#1048=EDGE_CURVE('',#829,#828,#384,.T.);
#1049=EDGE_CURVE('',#826,#829,#385,.T.);
#1050=EDGE_CURVE('',#830,#826,#698,.T.);
#1051=EDGE_CURVE('',#831,#829,#699,.T.);
#1052=EDGE_CURVE('',#830,#831,#386,.T.);
#1053=EDGE_CURVE('',#832,#830,#387,.T.);
#1054=EDGE_CURVE('',#833,#831,#388,.T.);
#1055=EDGE_CURVE('',#832,#833,#389,.T.);
#1056=EDGE_CURVE('',#834,#832,#700,.T.);
#1057=EDGE_CURVE('',#835,#833,#701,.T.);
#1058=EDGE_CURVE('',#834,#835,#390,.T.);
#1059=EDGE_CURVE('',#836,#834,#391,.T.);
#1060=EDGE_CURVE('',#837,#835,#392,.T.);
#1061=EDGE_CURVE('',#836,#837,#393,.T.);
#1062=EDGE_CURVE('',#838,#836,#702,.T.);
#1063=EDGE_CURVE('',#839,#837,#703,.T.);
#1064=EDGE_CURVE('',#838,#839,#394,.T.);
#1065=EDGE_CURVE('',#840,#838,#395,.T.);
#1066=EDGE_CURVE('',#841,#839,#396,.T.);
#1067=EDGE_CURVE('',#840,#841,#397,.T.);
#1068=EDGE_CURVE('',#827,#840,#704,.T.);
#1069=EDGE_CURVE('',#828,#841,#705,.T.);
#1070=EDGE_CURVE('',#842,#843,#398,.T.);
#1071=EDGE_CURVE('',#843,#844,#399,.T.);
#1072=EDGE_CURVE('',#845,#844,#400,.T.);
#1073=EDGE_CURVE('',#842,#845,#401,.T.);
#1074=EDGE_CURVE('',#846,#842,#706,.T.);
#1075=EDGE_CURVE('',#847,#845,#707,.T.);
#1076=EDGE_CURVE('',#846,#847,#402,.T.);
#1077=EDGE_CURVE('',#848,#846,#403,.T.);
#1078=EDGE_CURVE('',#849,#847,#404,.T.);
#1079=EDGE_CURVE('',#848,#849,#405,.T.);
#1080=EDGE_CURVE('',#850,#848,#708,.T.);
#1081=EDGE_CURVE('',#851,#849,#709,.T.);
#1082=EDGE_CURVE('',#850,#851,#406,.T.);
#1083=EDGE_CURVE('',#852,#850,#407,.T.);
#1084=EDGE_CURVE('',#853,#851,#408,.T.);
#1085=EDGE_CURVE('',#852,#853,#409,.T.);
#1086=EDGE_CURVE('',#854,#852,#710,.T.);
#1087=EDGE_CURVE('',#855,#853,#711,.T.);
#1088=EDGE_CURVE('',#854,#855,#410,.T.);
#1089=EDGE_CURVE('',#856,#854,#411,.T.);
#1090=EDGE_CURVE('',#857,#855,#412,.T.);
#1091=EDGE_CURVE('',#856,#857,#413,.T.);
#1092=EDGE_CURVE('',#843,#856,#712,.T.);
#1093=EDGE_CURVE('',#844,#857,#713,.T.);
#1094=EDGE_CURVE('',#858,#859,#414,.T.);
#1095=EDGE_CURVE('',#859,#860,#415,.T.);
#1096=EDGE_CURVE('',#861,#860,#416,.T.);
#1097=EDGE_CURVE('',#858,#861,#417,.T.);
#1098=EDGE_CURVE('',#862,#858,#714,.T.);
#1099=EDGE_CURVE('',#863,#861,#715,.T.);
#1100=EDGE_CURVE('',#862,#863,#418,.T.);
#1101=EDGE_CURVE('',#864,#862,#419,.T.);
#1102=EDGE_CURVE('',#865,#863,#420,.T.);
#1103=EDGE_CURVE('',#864,#865,#421,.T.);
#1104=EDGE_CURVE('',#866,#864,#716,.T.);
#1105=EDGE_CURVE('',#867,#865,#717,.T.);
#1106=EDGE_CURVE('',#866,#867,#422,.T.);
#1107=EDGE_CURVE('',#868,#866,#423,.T.);
#1108=EDGE_CURVE('',#869,#867,#424,.T.);
#1109=EDGE_CURVE('',#868,#869,#425,.T.);
#1110=EDGE_CURVE('',#870,#868,#718,.T.);
#1111=EDGE_CURVE('',#871,#869,#719,.T.);
#1112=EDGE_CURVE('',#870,#871,#426,.T.);
#1113=EDGE_CURVE('',#872,#870,#427,.T.);
#1114=EDGE_CURVE('',#873,#871,#428,.T.);
#1115=EDGE_CURVE('',#872,#873,#429,.T.);
#1116=EDGE_CURVE('',#859,#872,#720,.T.);
#1117=EDGE_CURVE('',#860,#873,#721,.T.);
#1118=EDGE_CURVE('',#874,#875,#430,.T.);
#1119=EDGE_CURVE('',#875,#876,#431,.T.);
#1120=EDGE_CURVE('',#877,#876,#432,.T.);
#1121=EDGE_CURVE('',#874,#877,#433,.T.);
#1122=EDGE_CURVE('',#878,#874,#722,.T.);
#1123=EDGE_CURVE('',#879,#877,#723,.T.);
#1124=EDGE_CURVE('',#878,#879,#434,.T.);
#1125=EDGE_CURVE('',#880,#878,#435,.T.);
#1126=EDGE_CURVE('',#881,#879,#436,.T.);
#1127=EDGE_CURVE('',#880,#881,#437,.T.);
#1128=EDGE_CURVE('',#882,#880,#724,.T.);
#1129=EDGE_CURVE('',#883,#881,#725,.T.);
#1130=EDGE_CURVE('',#882,#883,#438,.T.);
#1131=EDGE_CURVE('',#884,#882,#439,.T.);
#1132=EDGE_CURVE('',#885,#883,#440,.T.);
#1133=EDGE_CURVE('',#884,#885,#441,.T.);
#1134=EDGE_CURVE('',#886,#884,#726,.T.);
#1135=EDGE_CURVE('',#887,#885,#727,.T.);
#1136=EDGE_CURVE('',#886,#887,#442,.T.);
#1137=EDGE_CURVE('',#888,#886,#443,.T.);
#1138=EDGE_CURVE('',#889,#887,#444,.T.);
#1139=EDGE_CURVE('',#888,#889,#445,.T.);
#1140=EDGE_CURVE('',#875,#888,#728,.T.);
#1141=EDGE_CURVE('',#876,#889,#729,.T.);
#1142=EDGE_CURVE('',#890,#891,#446,.T.);
#1143=EDGE_CURVE('',#891,#892,#447,.T.);
#1144=EDGE_CURVE('',#893,#892,#448,.T.);
#1145=EDGE_CURVE('',#890,#893,#449,.T.);
#1146=EDGE_CURVE('',#894,#890,#730,.T.);
#1147=EDGE_CURVE('',#895,#893,#731,.T.);
#1148=EDGE_CURVE('',#894,#895,#450,.T.);
#1149=EDGE_CURVE('',#896,#894,#451,.T.);
#1150=EDGE_CURVE('',#897,#895,#452,.T.);
#1151=EDGE_CURVE('',#896,#897,#453,.T.);
#1152=EDGE_CURVE('',#898,#896,#732,.T.);
#1153=EDGE_CURVE('',#899,#897,#733,.T.);
#1154=EDGE_CURVE('',#898,#899,#454,.T.);
#1155=EDGE_CURVE('',#900,#898,#455,.T.);
#1156=EDGE_CURVE('',#901,#899,#456,.T.);
#1157=EDGE_CURVE('',#900,#901,#457,.T.);
#1158=EDGE_CURVE('',#902,#900,#734,.T.);
#1159=EDGE_CURVE('',#903,#901,#735,.T.);
#1160=EDGE_CURVE('',#902,#903,#458,.T.);
#1161=EDGE_CURVE('',#904,#902,#459,.T.);
#1162=EDGE_CURVE('',#905,#903,#460,.T.);
#1163=EDGE_CURVE('',#904,#905,#461,.T.);
#1164=EDGE_CURVE('',#891,#904,#736,.T.);
#1165=EDGE_CURVE('',#892,#905,#737,.T.);
#1166=EDGE_CURVE('',#906,#907,#462,.T.);
#1167=EDGE_CURVE('',#906,#908,#463,.T.);
#1168=EDGE_CURVE('',#909,#908,#464,.T.);
#1169=EDGE_CURVE('',#907,#909,#465,.T.);
#1170=EDGE_CURVE('',#907,#910,#466,.T.);
#1171=EDGE_CURVE('',#911,#909,#467,.T.);
#1172=EDGE_CURVE('',#910,#911,#468,.T.);
#1173=EDGE_CURVE('',#912,#910,#469,.T.);
#1174=EDGE_CURVE('',#913,#911,#470,.T.);
#1175=EDGE_CURVE('',#912,#913,#471,.T.);
#1176=EDGE_CURVE('',#906,#912,#472,.T.);
#1177=EDGE_CURVE('',#908,#913,#473,.T.);
#1178=ORIENTED_EDGE('',*,*,#914,.F.);
#1179=ORIENTED_EDGE('',*,*,#915,.T.);
#1180=ORIENTED_EDGE('',*,*,#916,.F.);
#1181=ORIENTED_EDGE('',*,*,#915,.F.);
#1182=ORIENTED_EDGE('',*,*,#917,.F.);
#1183=ORIENTED_EDGE('',*,*,#918,.T.);
#1184=ORIENTED_EDGE('',*,*,#919,.F.);
#1185=ORIENTED_EDGE('',*,*,#918,.F.);
#1186=ORIENTED_EDGE('',*,*,#920,.F.);
#1187=ORIENTED_EDGE('',*,*,#921,.T.);
#1188=ORIENTED_EDGE('',*,*,#922,.F.);
#1189=ORIENTED_EDGE('',*,*,#921,.F.);
#1190=ORIENTED_EDGE('',*,*,#923,.F.);
#1191=ORIENTED_EDGE('',*,*,#924,.T.);
#1192=ORIENTED_EDGE('',*,*,#925,.F.);
#1193=ORIENTED_EDGE('',*,*,#924,.F.);
#1194=ORIENTED_EDGE('',*,*,#926,.T.);
#1195=ORIENTED_EDGE('',*,*,#927,.T.);
#1196=ORIENTED_EDGE('',*,*,#928,.F.);
#1197=ORIENTED_EDGE('',*,*,#929,.F.);
#1198=ORIENTED_EDGE('',*,*,#930,.T.);
#1199=ORIENTED_EDGE('',*,*,#929,.T.);
#1200=ORIENTED_EDGE('',*,*,#931,.F.);
#1201=ORIENTED_EDGE('',*,*,#932,.F.);
#1202=ORIENTED_EDGE('',*,*,#933,.T.);
#1203=ORIENTED_EDGE('',*,*,#932,.T.);
#1204=ORIENTED_EDGE('',*,*,#934,.F.);
#1205=ORIENTED_EDGE('',*,*,#935,.F.);
#1206=ORIENTED_EDGE('',*,*,#936,.T.);
#1207=ORIENTED_EDGE('',*,*,#935,.T.);
#1208=ORIENTED_EDGE('',*,*,#937,.F.);
#1209=ORIENTED_EDGE('',*,*,#938,.F.);
#1210=ORIENTED_EDGE('',*,*,#939,.T.);
#1211=ORIENTED_EDGE('',*,*,#938,.T.);
#1212=ORIENTED_EDGE('',*,*,#940,.F.);
#1213=ORIENTED_EDGE('',*,*,#941,.F.);
#1214=ORIENTED_EDGE('',*,*,#942,.T.);
#1215=ORIENTED_EDGE('',*,*,#941,.T.);
#1216=ORIENTED_EDGE('',*,*,#943,.F.);
#1217=ORIENTED_EDGE('',*,*,#944,.F.);
#1218=ORIENTED_EDGE('',*,*,#945,.T.);
#1219=ORIENTED_EDGE('',*,*,#944,.T.);
#1220=ORIENTED_EDGE('',*,*,#946,.F.);
#1221=ORIENTED_EDGE('',*,*,#947,.F.);
#1222=ORIENTED_EDGE('',*,*,#948,.T.);
#1223=ORIENTED_EDGE('',*,*,#947,.T.);
#1224=ORIENTED_EDGE('',*,*,#949,.F.);
#1225=ORIENTED_EDGE('',*,*,#927,.F.);
#1226=ORIENTED_EDGE('',*,*,#950,.T.);
#1227=ORIENTED_EDGE('',*,*,#951,.T.);
#1228=ORIENTED_EDGE('',*,*,#952,.F.);
#1229=ORIENTED_EDGE('',*,*,#953,.F.);
#1230=ORIENTED_EDGE('',*,*,#954,.T.);
#1231=ORIENTED_EDGE('',*,*,#953,.T.);
#1232=ORIENTED_EDGE('',*,*,#955,.F.);
#1233=ORIENTED_EDGE('',*,*,#956,.F.);
#1234=ORIENTED_EDGE('',*,*,#957,.T.);
#1235=ORIENTED_EDGE('',*,*,#956,.T.);
#1236=ORIENTED_EDGE('',*,*,#958,.F.);
#1237=ORIENTED_EDGE('',*,*,#959,.F.);
#1238=ORIENTED_EDGE('',*,*,#960,.T.);
#1239=ORIENTED_EDGE('',*,*,#959,.T.);
#1240=ORIENTED_EDGE('',*,*,#961,.F.);
#1241=ORIENTED_EDGE('',*,*,#962,.F.);
#1242=ORIENTED_EDGE('',*,*,#963,.T.);
#1243=ORIENTED_EDGE('',*,*,#962,.T.);
#1244=ORIENTED_EDGE('',*,*,#964,.F.);
#1245=ORIENTED_EDGE('',*,*,#965,.F.);
#1246=ORIENTED_EDGE('',*,*,#966,.T.);
#1247=ORIENTED_EDGE('',*,*,#965,.T.);
#1248=ORIENTED_EDGE('',*,*,#967,.F.);
#1249=ORIENTED_EDGE('',*,*,#968,.F.);
#1250=ORIENTED_EDGE('',*,*,#969,.T.);
#1251=ORIENTED_EDGE('',*,*,#968,.T.);
#1252=ORIENTED_EDGE('',*,*,#970,.F.);
#1253=ORIENTED_EDGE('',*,*,#971,.F.);
#1254=ORIENTED_EDGE('',*,*,#972,.T.);
#1255=ORIENTED_EDGE('',*,*,#971,.T.);
#1256=ORIENTED_EDGE('',*,*,#973,.F.);
#1257=ORIENTED_EDGE('',*,*,#951,.F.);
#1258=ORIENTED_EDGE('',*,*,#974,.T.);
#1259=ORIENTED_EDGE('',*,*,#975,.T.);
#1260=ORIENTED_EDGE('',*,*,#976,.F.);
#1261=ORIENTED_EDGE('',*,*,#977,.F.);
#1262=ORIENTED_EDGE('',*,*,#978,.T.);
#1263=ORIENTED_EDGE('',*,*,#977,.T.);
#1264=ORIENTED_EDGE('',*,*,#979,.F.);
#1265=ORIENTED_EDGE('',*,*,#980,.F.);
#1266=ORIENTED_EDGE('',*,*,#981,.T.);
#1267=ORIENTED_EDGE('',*,*,#980,.T.);
#1268=ORIENTED_EDGE('',*,*,#982,.F.);
#1269=ORIENTED_EDGE('',*,*,#983,.F.);
#1270=ORIENTED_EDGE('',*,*,#984,.T.);
#1271=ORIENTED_EDGE('',*,*,#983,.T.);
#1272=ORIENTED_EDGE('',*,*,#985,.F.);
#1273=ORIENTED_EDGE('',*,*,#986,.F.);
#1274=ORIENTED_EDGE('',*,*,#987,.T.);
#1275=ORIENTED_EDGE('',*,*,#986,.T.);
#1276=ORIENTED_EDGE('',*,*,#988,.F.);
#1277=ORIENTED_EDGE('',*,*,#989,.F.);
#1278=ORIENTED_EDGE('',*,*,#990,.T.);
#1279=ORIENTED_EDGE('',*,*,#989,.T.);
#1280=ORIENTED_EDGE('',*,*,#991,.F.);
#1281=ORIENTED_EDGE('',*,*,#992,.F.);
#1282=ORIENTED_EDGE('',*,*,#993,.T.);
#1283=ORIENTED_EDGE('',*,*,#992,.T.);
#1284=ORIENTED_EDGE('',*,*,#994,.F.);
#1285=ORIENTED_EDGE('',*,*,#995,.F.);
#1286=ORIENTED_EDGE('',*,*,#996,.T.);
#1287=ORIENTED_EDGE('',*,*,#995,.T.);
#1288=ORIENTED_EDGE('',*,*,#997,.F.);
#1289=ORIENTED_EDGE('',*,*,#975,.F.);
#1290=ORIENTED_EDGE('',*,*,#998,.T.);
#1291=ORIENTED_EDGE('',*,*,#999,.T.);
#1292=ORIENTED_EDGE('',*,*,#1000,.F.);
#1293=ORIENTED_EDGE('',*,*,#1001,.F.);
#1294=ORIENTED_EDGE('',*,*,#1002,.T.);
#1295=ORIENTED_EDGE('',*,*,#1001,.T.);
#1296=ORIENTED_EDGE('',*,*,#1003,.F.);
#1297=ORIENTED_EDGE('',*,*,#1004,.F.);
#1298=ORIENTED_EDGE('',*,*,#1005,.T.);
#1299=ORIENTED_EDGE('',*,*,#1004,.T.);
#1300=ORIENTED_EDGE('',*,*,#1006,.F.);
#1301=ORIENTED_EDGE('',*,*,#1007,.F.);
#1302=ORIENTED_EDGE('',*,*,#1008,.T.);
#1303=ORIENTED_EDGE('',*,*,#1007,.T.);
#1304=ORIENTED_EDGE('',*,*,#1009,.F.);
#1305=ORIENTED_EDGE('',*,*,#1010,.F.);
#1306=ORIENTED_EDGE('',*,*,#1011,.T.);
#1307=ORIENTED_EDGE('',*,*,#1010,.T.);
#1308=ORIENTED_EDGE('',*,*,#1012,.F.);
#1309=ORIENTED_EDGE('',*,*,#1013,.F.);
#1310=ORIENTED_EDGE('',*,*,#1014,.T.);
#1311=ORIENTED_EDGE('',*,*,#1013,.T.);
#1312=ORIENTED_EDGE('',*,*,#1015,.F.);
#1313=ORIENTED_EDGE('',*,*,#1016,.F.);
#1314=ORIENTED_EDGE('',*,*,#1017,.T.);
#1315=ORIENTED_EDGE('',*,*,#1016,.T.);
#1316=ORIENTED_EDGE('',*,*,#1018,.F.);
#1317=ORIENTED_EDGE('',*,*,#1019,.F.);
#1318=ORIENTED_EDGE('',*,*,#1020,.T.);
#1319=ORIENTED_EDGE('',*,*,#1019,.T.);
#1320=ORIENTED_EDGE('',*,*,#1021,.F.);
#1321=ORIENTED_EDGE('',*,*,#999,.F.);
#1322=ORIENTED_EDGE('',*,*,#1022,.T.);
#1323=ORIENTED_EDGE('',*,*,#1023,.T.);
#1324=ORIENTED_EDGE('',*,*,#1024,.F.);
#1325=ORIENTED_EDGE('',*,*,#1025,.F.);
#1326=ORIENTED_EDGE('',*,*,#1026,.T.);
#1327=ORIENTED_EDGE('',*,*,#1025,.T.);
#1328=ORIENTED_EDGE('',*,*,#1027,.F.);
#1329=ORIENTED_EDGE('',*,*,#1028,.F.);
#1330=ORIENTED_EDGE('',*,*,#1029,.T.);
#1331=ORIENTED_EDGE('',*,*,#1028,.T.);
#1332=ORIENTED_EDGE('',*,*,#1030,.F.);
#1333=ORIENTED_EDGE('',*,*,#1031,.F.);
#1334=ORIENTED_EDGE('',*,*,#1032,.T.);
#1335=ORIENTED_EDGE('',*,*,#1031,.T.);
#1336=ORIENTED_EDGE('',*,*,#1033,.F.);
#1337=ORIENTED_EDGE('',*,*,#1034,.F.);
#1338=ORIENTED_EDGE('',*,*,#1035,.T.);
#1339=ORIENTED_EDGE('',*,*,#1034,.T.);
#1340=ORIENTED_EDGE('',*,*,#1036,.F.);
#1341=ORIENTED_EDGE('',*,*,#1037,.F.);
#1342=ORIENTED_EDGE('',*,*,#1038,.T.);
#1343=ORIENTED_EDGE('',*,*,#1037,.T.);
#1344=ORIENTED_EDGE('',*,*,#1039,.F.);
#1345=ORIENTED_EDGE('',*,*,#1040,.F.);
#1346=ORIENTED_EDGE('',*,*,#1041,.T.);
#1347=ORIENTED_EDGE('',*,*,#1040,.T.);
#1348=ORIENTED_EDGE('',*,*,#1042,.F.);
#1349=ORIENTED_EDGE('',*,*,#1043,.F.);
#1350=ORIENTED_EDGE('',*,*,#1044,.T.);
#1351=ORIENTED_EDGE('',*,*,#1043,.T.);
#1352=ORIENTED_EDGE('',*,*,#1045,.F.);
#1353=ORIENTED_EDGE('',*,*,#1023,.F.);
#1354=ORIENTED_EDGE('',*,*,#1046,.T.);
#1355=ORIENTED_EDGE('',*,*,#1047,.T.);
#1356=ORIENTED_EDGE('',*,*,#1048,.F.);
#1357=ORIENTED_EDGE('',*,*,#1049,.F.);
#1358=ORIENTED_EDGE('',*,*,#1050,.T.);
#1359=ORIENTED_EDGE('',*,*,#1049,.T.);
#1360=ORIENTED_EDGE('',*,*,#1051,.F.);
#1361=ORIENTED_EDGE('',*,*,#1052,.F.);
#1362=ORIENTED_EDGE('',*,*,#1053,.T.);
#1363=ORIENTED_EDGE('',*,*,#1052,.T.);
#1364=ORIENTED_EDGE('',*,*,#1054,.F.);
#1365=ORIENTED_EDGE('',*,*,#1055,.F.);
#1366=ORIENTED_EDGE('',*,*,#1056,.T.);
#1367=ORIENTED_EDGE('',*,*,#1055,.T.);
#1368=ORIENTED_EDGE('',*,*,#1057,.F.);
#1369=ORIENTED_EDGE('',*,*,#1058,.F.);
#1370=ORIENTED_EDGE('',*,*,#1059,.T.);
#1371=ORIENTED_EDGE('',*,*,#1058,.T.);
#1372=ORIENTED_EDGE('',*,*,#1060,.F.);
#1373=ORIENTED_EDGE('',*,*,#1061,.F.);
#1374=ORIENTED_EDGE('',*,*,#1062,.T.);
#1375=ORIENTED_EDGE('',*,*,#1061,.T.);
#1376=ORIENTED_EDGE('',*,*,#1063,.F.);
#1377=ORIENTED_EDGE('',*,*,#1064,.F.);
#1378=ORIENTED_EDGE('',*,*,#1065,.T.);
#1379=ORIENTED_EDGE('',*,*,#1064,.T.);
#1380=ORIENTED_EDGE('',*,*,#1066,.F.);
#1381=ORIENTED_EDGE('',*,*,#1067,.F.);
#1382=ORIENTED_EDGE('',*,*,#1068,.T.);
#1383=ORIENTED_EDGE('',*,*,#1067,.T.);
#1384=ORIENTED_EDGE('',*,*,#1069,.F.);
#1385=ORIENTED_EDGE('',*,*,#1047,.F.);
#1386=ORIENTED_EDGE('',*,*,#1070,.T.);
#1387=ORIENTED_EDGE('',*,*,#1071,.T.);
#1388=ORIENTED_EDGE('',*,*,#1072,.F.);
#1389=ORIENTED_EDGE('',*,*,#1073,.F.);
#1390=ORIENTED_EDGE('',*,*,#1074,.T.);
#1391=ORIENTED_EDGE('',*,*,#1073,.T.);
#1392=ORIENTED_EDGE('',*,*,#1075,.F.);
#1393=ORIENTED_EDGE('',*,*,#1076,.F.);
#1394=ORIENTED_EDGE('',*,*,#1077,.T.);
#1395=ORIENTED_EDGE('',*,*,#1076,.T.);
#1396=ORIENTED_EDGE('',*,*,#1078,.F.);
#1397=ORIENTED_EDGE('',*,*,#1079,.F.);
#1398=ORIENTED_EDGE('',*,*,#1080,.T.);
#1399=ORIENTED_EDGE('',*,*,#1079,.T.);
#1400=ORIENTED_EDGE('',*,*,#1081,.F.);
#1401=ORIENTED_EDGE('',*,*,#1082,.F.);
#1402=ORIENTED_EDGE('',*,*,#1083,.T.);
#1403=ORIENTED_EDGE('',*,*,#1082,.T.);
#1404=ORIENTED_EDGE('',*,*,#1084,.F.);
#1405=ORIENTED_EDGE('',*,*,#1085,.F.);
#1406=ORIENTED_EDGE('',*,*,#1086,.T.);
#1407=ORIENTED_EDGE('',*,*,#1085,.T.);
#1408=ORIENTED_EDGE('',*,*,#1087,.F.);
#1409=ORIENTED_EDGE('',*,*,#1088,.F.);
#1410=ORIENTED_EDGE('',*,*,#1089,.T.);
#1411=ORIENTED_EDGE('',*,*,#1088,.T.);
#1412=ORIENTED_EDGE('',*,*,#1090,.F.);
#1413=ORIENTED_EDGE('',*,*,#1091,.F.);
#1414=ORIENTED_EDGE('',*,*,#1092,.T.);
#1415=ORIENTED_EDGE('',*,*,#1091,.T.);
#1416=ORIENTED_EDGE('',*,*,#1093,.F.);
#1417=ORIENTED_EDGE('',*,*,#1071,.F.);
#1418=ORIENTED_EDGE('',*,*,#1094,.T.);
#1419=ORIENTED_EDGE('',*,*,#1095,.T.);
#1420=ORIENTED_EDGE('',*,*,#1096,.F.);
#1421=ORIENTED_EDGE('',*,*,#1097,.F.);
#1422=ORIENTED_EDGE('',*,*,#1098,.T.);
#1423=ORIENTED_EDGE('',*,*,#1097,.T.);
#1424=ORIENTED_EDGE('',*,*,#1099,.F.);
#1425=ORIENTED_EDGE('',*,*,#1100,.F.);
#1426=ORIENTED_EDGE('',*,*,#1101,.T.);
#1427=ORIENTED_EDGE('',*,*,#1100,.T.);
#1428=ORIENTED_EDGE('',*,*,#1102,.F.);
#1429=ORIENTED_EDGE('',*,*,#1103,.F.);
#1430=ORIENTED_EDGE('',*,*,#1104,.T.);
#1431=ORIENTED_EDGE('',*,*,#1103,.T.);
#1432=ORIENTED_EDGE('',*,*,#1105,.F.);
#1433=ORIENTED_EDGE('',*,*,#1106,.F.);
#1434=ORIENTED_EDGE('',*,*,#1107,.T.);
#1435=ORIENTED_EDGE('',*,*,#1106,.T.);
#1436=ORIENTED_EDGE('',*,*,#1108,.F.);
#1437=ORIENTED_EDGE('',*,*,#1109,.F.);
#1438=ORIENTED_EDGE('',*,*,#1110,.T.);
#1439=ORIENTED_EDGE('',*,*,#1109,.T.);
#1440=ORIENTED_EDGE('',*,*,#1111,.F.);
#1441=ORIENTED_EDGE('',*,*,#1112,.F.);
#1442=ORIENTED_EDGE('',*,*,#1113,.T.);
#1443=ORIENTED_EDGE('',*,*,#1112,.T.);
#1444=ORIENTED_EDGE('',*,*,#1114,.F.);
#1445=ORIENTED_EDGE('',*,*,#1115,.F.);
#1446=ORIENTED_EDGE('',*,*,#1116,.T.);
#1447=ORIENTED_EDGE('',*,*,#1115,.T.);
#1448=ORIENTED_EDGE('',*,*,#1117,.F.);
#1449=ORIENTED_EDGE('',*,*,#1095,.F.);
#1450=ORIENTED_EDGE('',*,*,#1118,.T.);
#1451=ORIENTED_EDGE('',*,*,#1119,.T.);
#1452=ORIENTED_EDGE('',*,*,#1120,.F.);
#1453=ORIENTED_EDGE('',*,*,#1121,.F.);
#1454=ORIENTED_EDGE('',*,*,#1122,.T.);
#1455=ORIENTED_EDGE('',*,*,#1121,.T.);
#1456=ORIENTED_EDGE('',*,*,#1123,.F.);
#1457=ORIENTED_EDGE('',*,*,#1124,.F.);
#1458=ORIENTED_EDGE('',*,*,#1125,.T.);
#1459=ORIENTED_EDGE('',*,*,#1124,.T.);
#1460=ORIENTED_EDGE('',*,*,#1126,.F.);
#1461=ORIENTED_EDGE('',*,*,#1127,.F.);
#1462=ORIENTED_EDGE('',*,*,#1128,.T.);
#1463=ORIENTED_EDGE('',*,*,#1127,.T.);
#1464=ORIENTED_EDGE('',*,*,#1129,.F.);
#1465=ORIENTED_EDGE('',*,*,#1130,.F.);
#1466=ORIENTED_EDGE('',*,*,#1131,.T.);
#1467=ORIENTED_EDGE('',*,*,#1130,.T.);
#1468=ORIENTED_EDGE('',*,*,#1132,.F.);
#1469=ORIENTED_EDGE('',*,*,#1133,.F.);
#1470=ORIENTED_EDGE('',*,*,#1134,.T.);
#1471=ORIENTED_EDGE('',*,*,#1133,.T.);
#1472=ORIENTED_EDGE('',*,*,#1135,.F.);
#1473=ORIENTED_EDGE('',*,*,#1136,.F.);
#1474=ORIENTED_EDGE('',*,*,#1137,.T.);
#1475=ORIENTED_EDGE('',*,*,#1136,.T.);
#1476=ORIENTED_EDGE('',*,*,#1138,.F.);
#1477=ORIENTED_EDGE('',*,*,#1139,.F.);
#1478=ORIENTED_EDGE('',*,*,#1140,.T.);
#1479=ORIENTED_EDGE('',*,*,#1139,.T.);
#1480=ORIENTED_EDGE('',*,*,#1141,.F.);
#1481=ORIENTED_EDGE('',*,*,#1119,.F.);
#1482=ORIENTED_EDGE('',*,*,#1142,.T.);
#1483=ORIENTED_EDGE('',*,*,#1143,.T.);
#1484=ORIENTED_EDGE('',*,*,#1144,.F.);
#1485=ORIENTED_EDGE('',*,*,#1145,.F.);
#1486=ORIENTED_EDGE('',*,*,#1146,.T.);
#1487=ORIENTED_EDGE('',*,*,#1145,.T.);
#1488=ORIENTED_EDGE('',*,*,#1147,.F.);
#1489=ORIENTED_EDGE('',*,*,#1148,.F.);
#1490=ORIENTED_EDGE('',*,*,#1149,.T.);
#1491=ORIENTED_EDGE('',*,*,#1148,.T.);
#1492=ORIENTED_EDGE('',*,*,#1150,.F.);
#1493=ORIENTED_EDGE('',*,*,#1151,.F.);
#1494=ORIENTED_EDGE('',*,*,#1152,.T.);
#1495=ORIENTED_EDGE('',*,*,#1151,.T.);
#1496=ORIENTED_EDGE('',*,*,#1153,.F.);
#1497=ORIENTED_EDGE('',*,*,#1154,.F.);
#1498=ORIENTED_EDGE('',*,*,#1155,.T.);
#1499=ORIENTED_EDGE('',*,*,#1154,.T.);
#1500=ORIENTED_EDGE('',*,*,#1156,.F.);
#1501=ORIENTED_EDGE('',*,*,#1157,.F.);
#1502=ORIENTED_EDGE('',*,*,#1158,.T.);
#1503=ORIENTED_EDGE('',*,*,#1157,.T.);
#1504=ORIENTED_EDGE('',*,*,#1159,.F.);
#1505=ORIENTED_EDGE('',*,*,#1160,.F.);
#1506=ORIENTED_EDGE('',*,*,#1161,.T.);
#1507=ORIENTED_EDGE('',*,*,#1160,.T.);
#1508=ORIENTED_EDGE('',*,*,#1162,.F.);
#1509=ORIENTED_EDGE('',*,*,#1163,.F.);
#1510=ORIENTED_EDGE('',*,*,#1164,.T.);
#1511=ORIENTED_EDGE('',*,*,#1163,.T.);
#1512=ORIENTED_EDGE('',*,*,#1165,.F.);
#1513=ORIENTED_EDGE('',*,*,#1143,.F.);
#1514=ORIENTED_EDGE('',*,*,#1166,.F.);
#1515=ORIENTED_EDGE('',*,*,#1167,.T.);
#1516=ORIENTED_EDGE('',*,*,#1168,.F.);
#1517=ORIENTED_EDGE('',*,*,#1169,.F.);
#1518=ORIENTED_EDGE('',*,*,#1170,.F.);
#1519=ORIENTED_EDGE('',*,*,#1169,.T.);
#1520=ORIENTED_EDGE('',*,*,#1171,.F.);
#1521=ORIENTED_EDGE('',*,*,#1172,.F.);
#1522=ORIENTED_EDGE('',*,*,#1173,.T.);
#1523=ORIENTED_EDGE('',*,*,#1172,.T.);
#1524=ORIENTED_EDGE('',*,*,#1174,.F.);
#1525=ORIENTED_EDGE('',*,*,#1175,.F.);
#1526=ORIENTED_EDGE('',*,*,#1176,.T.);
#1527=ORIENTED_EDGE('',*,*,#1175,.T.);
#1528=ORIENTED_EDGE('',*,*,#1177,.F.);
#1529=ORIENTED_EDGE('',*,*,#1167,.F.);
#1530=ORIENTED_EDGE('',*,*,#1177,.T.);
#1531=ORIENTED_EDGE('',*,*,#1174,.T.);
#1532=ORIENTED_EDGE('',*,*,#1171,.T.);
#1533=ORIENTED_EDGE('',*,*,#1168,.T.);
#1534=ORIENTED_EDGE('',*,*,#917,.T.);
#1535=ORIENTED_EDGE('',*,*,#923,.T.);
#1536=ORIENTED_EDGE('',*,*,#1165,.T.);
#1537=ORIENTED_EDGE('',*,*,#1162,.T.);
#1538=ORIENTED_EDGE('',*,*,#1159,.T.);
#1539=ORIENTED_EDGE('',*,*,#1156,.T.);
#1540=ORIENTED_EDGE('',*,*,#1153,.T.);
#1541=ORIENTED_EDGE('',*,*,#1150,.T.);
#1542=ORIENTED_EDGE('',*,*,#1147,.T.);
#1543=ORIENTED_EDGE('',*,*,#1144,.T.);
#1544=ORIENTED_EDGE('',*,*,#1141,.T.);
#1545=ORIENTED_EDGE('',*,*,#1138,.T.);
#1546=ORIENTED_EDGE('',*,*,#1135,.T.);
#1547=ORIENTED_EDGE('',*,*,#1132,.T.);
#1548=ORIENTED_EDGE('',*,*,#1129,.T.);
#1549=ORIENTED_EDGE('',*,*,#1126,.T.);
#1550=ORIENTED_EDGE('',*,*,#1123,.T.);
#1551=ORIENTED_EDGE('',*,*,#1120,.T.);
#1552=ORIENTED_EDGE('',*,*,#1117,.T.);
#1553=ORIENTED_EDGE('',*,*,#1114,.T.);
#1554=ORIENTED_EDGE('',*,*,#1111,.T.);
#1555=ORIENTED_EDGE('',*,*,#1108,.T.);
#1556=ORIENTED_EDGE('',*,*,#1105,.T.);
#1557=ORIENTED_EDGE('',*,*,#1102,.T.);
#1558=ORIENTED_EDGE('',*,*,#1099,.T.);
#1559=ORIENTED_EDGE('',*,*,#1096,.T.);
#1560=ORIENTED_EDGE('',*,*,#1093,.T.);
#1561=ORIENTED_EDGE('',*,*,#1090,.T.);
#1562=ORIENTED_EDGE('',*,*,#1087,.T.);
#1563=ORIENTED_EDGE('',*,*,#1084,.T.);
#1564=ORIENTED_EDGE('',*,*,#1081,.T.);
#1565=ORIENTED_EDGE('',*,*,#1078,.T.);
#1566=ORIENTED_EDGE('',*,*,#1075,.T.);
#1567=ORIENTED_EDGE('',*,*,#1072,.T.);
#1568=ORIENTED_EDGE('',*,*,#1069,.T.);
#1569=ORIENTED_EDGE('',*,*,#1066,.T.);
#1570=ORIENTED_EDGE('',*,*,#1063,.T.);
#1571=ORIENTED_EDGE('',*,*,#1060,.T.);
#1572=ORIENTED_EDGE('',*,*,#1057,.T.);
#1573=ORIENTED_EDGE('',*,*,#1054,.T.);
#1574=ORIENTED_EDGE('',*,*,#1051,.T.);
#1575=ORIENTED_EDGE('',*,*,#1048,.T.);
#1576=ORIENTED_EDGE('',*,*,#1045,.T.);
#1577=ORIENTED_EDGE('',*,*,#1042,.T.);
#1578=ORIENTED_EDGE('',*,*,#1039,.T.);
#1579=ORIENTED_EDGE('',*,*,#1036,.T.);
#1580=ORIENTED_EDGE('',*,*,#1033,.T.);
#1581=ORIENTED_EDGE('',*,*,#1030,.T.);
#1582=ORIENTED_EDGE('',*,*,#1027,.T.);
#1583=ORIENTED_EDGE('',*,*,#1024,.T.);
#1584=ORIENTED_EDGE('',*,*,#1021,.T.);
#1585=ORIENTED_EDGE('',*,*,#1018,.T.);
#1586=ORIENTED_EDGE('',*,*,#1015,.T.);
#1587=ORIENTED_EDGE('',*,*,#1012,.T.);
#1588=ORIENTED_EDGE('',*,*,#1009,.T.);
#1589=ORIENTED_EDGE('',*,*,#1006,.T.);
#1590=ORIENTED_EDGE('',*,*,#1003,.T.);
#1591=ORIENTED_EDGE('',*,*,#1000,.T.);
#1592=ORIENTED_EDGE('',*,*,#997,.T.);
#1593=ORIENTED_EDGE('',*,*,#994,.T.);
#1594=ORIENTED_EDGE('',*,*,#991,.T.);
#1595=ORIENTED_EDGE('',*,*,#988,.T.);
#1596=ORIENTED_EDGE('',*,*,#985,.T.);
#1597=ORIENTED_EDGE('',*,*,#982,.T.);
#1598=ORIENTED_EDGE('',*,*,#979,.T.);
#1599=ORIENTED_EDGE('',*,*,#976,.T.);
#1600=ORIENTED_EDGE('',*,*,#973,.T.);
#1601=ORIENTED_EDGE('',*,*,#970,.T.);
#1602=ORIENTED_EDGE('',*,*,#967,.T.);
#1603=ORIENTED_EDGE('',*,*,#964,.T.);
#1604=ORIENTED_EDGE('',*,*,#961,.T.);
#1605=ORIENTED_EDGE('',*,*,#958,.T.);
#1606=ORIENTED_EDGE('',*,*,#955,.T.);
#1607=ORIENTED_EDGE('',*,*,#952,.T.);
#1608=ORIENTED_EDGE('',*,*,#949,.T.);
#1609=ORIENTED_EDGE('',*,*,#946,.T.);
#1610=ORIENTED_EDGE('',*,*,#943,.T.);
#1611=ORIENTED_EDGE('',*,*,#940,.T.);
#1612=ORIENTED_EDGE('',*,*,#937,.T.);
#1613=ORIENTED_EDGE('',*,*,#934,.T.);
#1614=ORIENTED_EDGE('',*,*,#931,.T.);
#1615=ORIENTED_EDGE('',*,*,#928,.T.);
#1616=ORIENTED_EDGE('',*,*,#920,.T.);
#1617=ORIENTED_EDGE('',*,*,#914,.T.);
#1618=ORIENTED_EDGE('',*,*,#1176,.F.);
#1619=ORIENTED_EDGE('',*,*,#1166,.T.);
#1620=ORIENTED_EDGE('',*,*,#1170,.T.);
#1621=ORIENTED_EDGE('',*,*,#1173,.F.);
#1622=ORIENTED_EDGE('',*,*,#919,.T.);
#1623=ORIENTED_EDGE('',*,*,#925,.T.);
#1624=ORIENTED_EDGE('',*,*,#1164,.F.);
#1625=ORIENTED_EDGE('',*,*,#1142,.F.);
#1626=ORIENTED_EDGE('',*,*,#1146,.F.);
#1627=ORIENTED_EDGE('',*,*,#1149,.F.);
#1628=ORIENTED_EDGE('',*,*,#1152,.F.);
#1629=ORIENTED_EDGE('',*,*,#1155,.F.);
#1630=ORIENTED_EDGE('',*,*,#1158,.F.);
#1631=ORIENTED_EDGE('',*,*,#1161,.F.);
#1632=ORIENTED_EDGE('',*,*,#1140,.F.);
#1633=ORIENTED_EDGE('',*,*,#1118,.F.);
#1634=ORIENTED_EDGE('',*,*,#1122,.F.);
#1635=ORIENTED_EDGE('',*,*,#1125,.F.);
#1636=ORIENTED_EDGE('',*,*,#1128,.F.);
#1637=ORIENTED_EDGE('',*,*,#1131,.F.);
#1638=ORIENTED_EDGE('',*,*,#1134,.F.);
#1639=ORIENTED_EDGE('',*,*,#1137,.F.);
#1640=ORIENTED_EDGE('',*,*,#1116,.F.);
#1641=ORIENTED_EDGE('',*,*,#1094,.F.);
#1642=ORIENTED_EDGE('',*,*,#1098,.F.);
#1643=ORIENTED_EDGE('',*,*,#1101,.F.);
#1644=ORIENTED_EDGE('',*,*,#1104,.F.);
#1645=ORIENTED_EDGE('',*,*,#1107,.F.);
#1646=ORIENTED_EDGE('',*,*,#1110,.F.);
#1647=ORIENTED_EDGE('',*,*,#1113,.F.);
#1648=ORIENTED_EDGE('',*,*,#1092,.F.);
#1649=ORIENTED_EDGE('',*,*,#1070,.F.);
#1650=ORIENTED_EDGE('',*,*,#1074,.F.);
#1651=ORIENTED_EDGE('',*,*,#1077,.F.);
#1652=ORIENTED_EDGE('',*,*,#1080,.F.);
#1653=ORIENTED_EDGE('',*,*,#1083,.F.);
#1654=ORIENTED_EDGE('',*,*,#1086,.F.);
#1655=ORIENTED_EDGE('',*,*,#1089,.F.);
#1656=ORIENTED_EDGE('',*,*,#1068,.F.);
#1657=ORIENTED_EDGE('',*,*,#1046,.F.);
#1658=ORIENTED_EDGE('',*,*,#1050,.F.);
#1659=ORIENTED_EDGE('',*,*,#1053,.F.);
#1660=ORIENTED_EDGE('',*,*,#1056,.F.);
#1661=ORIENTED_EDGE('',*,*,#1059,.F.);
#1662=ORIENTED_EDGE('',*,*,#1062,.F.);
#1663=ORIENTED_EDGE('',*,*,#1065,.F.);
#1664=ORIENTED_EDGE('',*,*,#1044,.F.);
#1665=ORIENTED_EDGE('',*,*,#1022,.F.);
#1666=ORIENTED_EDGE('',*,*,#1026,.F.);
#1667=ORIENTED_EDGE('',*,*,#1029,.F.);
#1668=ORIENTED_EDGE('',*,*,#1032,.F.);
#1669=ORIENTED_EDGE('',*,*,#1035,.F.);
#1670=ORIENTED_EDGE('',*,*,#1038,.F.);
#1671=ORIENTED_EDGE('',*,*,#1041,.F.);
#1672=ORIENTED_EDGE('',*,*,#1020,.F.);
#1673=ORIENTED_EDGE('',*,*,#998,.F.);
#1674=ORIENTED_EDGE('',*,*,#1002,.F.);
#1675=ORIENTED_EDGE('',*,*,#1005,.F.);
#1676=ORIENTED_EDGE('',*,*,#1008,.F.);
#1677=ORIENTED_EDGE('',*,*,#1011,.F.);
#1678=ORIENTED_EDGE('',*,*,#1014,.F.);
#1679=ORIENTED_EDGE('',*,*,#1017,.F.);
#1680=ORIENTED_EDGE('',*,*,#996,.F.);
#1681=ORIENTED_EDGE('',*,*,#974,.F.);
#1682=ORIENTED_EDGE('',*,*,#978,.F.);
#1683=ORIENTED_EDGE('',*,*,#981,.F.);
#1684=ORIENTED_EDGE('',*,*,#984,.F.);
#1685=ORIENTED_EDGE('',*,*,#987,.F.);
#1686=ORIENTED_EDGE('',*,*,#990,.F.);
#1687=ORIENTED_EDGE('',*,*,#993,.F.);
#1688=ORIENTED_EDGE('',*,*,#972,.F.);
#1689=ORIENTED_EDGE('',*,*,#950,.F.);
#1690=ORIENTED_EDGE('',*,*,#954,.F.);
#1691=ORIENTED_EDGE('',*,*,#957,.F.);
#1692=ORIENTED_EDGE('',*,*,#960,.F.);
#1693=ORIENTED_EDGE('',*,*,#963,.F.);
#1694=ORIENTED_EDGE('',*,*,#966,.F.);
#1695=ORIENTED_EDGE('',*,*,#969,.F.);
#1696=ORIENTED_EDGE('',*,*,#948,.F.);
#1697=ORIENTED_EDGE('',*,*,#926,.F.);
#1698=ORIENTED_EDGE('',*,*,#930,.F.);
#1699=ORIENTED_EDGE('',*,*,#933,.F.);
#1700=ORIENTED_EDGE('',*,*,#936,.F.);
#1701=ORIENTED_EDGE('',*,*,#939,.F.);
#1702=ORIENTED_EDGE('',*,*,#942,.F.);
#1703=ORIENTED_EDGE('',*,*,#945,.F.);
#1704=ORIENTED_EDGE('',*,*,#922,.T.);
#1705=ORIENTED_EDGE('',*,*,#916,.T.);
#1706=CYLINDRICAL_SURFACE('',#1842,2.5);
#1707=CYLINDRICAL_SURFACE('',#1845,2.5);
#1708=CYLINDRICAL_SURFACE('',#1848,2.5);
#1709=CYLINDRICAL_SURFACE('',#1851,2.5);
#1710=CYLINDRICAL_SURFACE('',#1855,0.500000000000007);
#1711=CYLINDRICAL_SURFACE('',#1859,0.499999999999997);
#1712=CYLINDRICAL_SURFACE('',#1863,0.499999999999998);
#1713=CYLINDRICAL_SURFACE('',#1867,0.499999999999998);
#1714=CYLINDRICAL_SURFACE('',#1871,0.499999999999998);
#1715=CYLINDRICAL_SURFACE('',#1875,0.500000000000003);
#1716=CYLINDRICAL_SURFACE('',#1879,0.500000000000007);
#1717=CYLINDRICAL_SURFACE('',#1883,0.499999999999989);
#1718=CYLINDRICAL_SURFACE('',#1887,0.499999999999994);
#1719=CYLINDRICAL_SURFACE('',#1891,0.499999999999998);
#1720=CYLINDRICAL_SURFACE('',#1895,0.499999999999998);
#1721=CYLINDRICAL_SURFACE('',#1899,0.499999999999998);
#1722=CYLINDRICAL_SURFACE('',#1903,0.500000000000007);
#1723=CYLINDRICAL_SURFACE('',#1907,0.499999999999998);
#1724=CYLINDRICAL_SURFACE('',#1911,0.499999999999998);
#1725=CYLINDRICAL_SURFACE('',#1915,0.499999999999998);
#1726=CYLINDRICAL_SURFACE('',#1919,0.499999999999998);
#1727=CYLINDRICAL_SURFACE('',#1923,0.499999999999998);
#1728=CYLINDRICAL_SURFACE('',#1927,0.500000000000007);
#1729=CYLINDRICAL_SURFACE('',#1931,0.499999999999998);
#1730=CYLINDRICAL_SURFACE('',#1935,0.500000000000007);
#1731=CYLINDRICAL_SURFACE('',#1939,0.500000000000003);
#1732=CYLINDRICAL_SURFACE('',#1943,0.499999999999998);
#1733=CYLINDRICAL_SURFACE('',#1947,0.499999999999989);
#1734=CYLINDRICAL_SURFACE('',#1951,0.499999999999998);
#1735=CYLINDRICAL_SURFACE('',#1955,0.499999999999997);
#1736=CYLINDRICAL_SURFACE('',#1959,0.500000000000007);
#1737=CYLINDRICAL_SURFACE('',#1963,0.499999999999998);
#1738=CYLINDRICAL_SURFACE('',#1967,0.500000000000003);
#1739=CYLINDRICAL_SURFACE('',#1971,0.499999999999998);
#1740=CYLINDRICAL_SURFACE('',#1975,0.499999999999998);
#1741=CYLINDRICAL_SURFACE('',#1979,0.499999999999998);
#1742=CYLINDRICAL_SURFACE('',#1983,0.500000000000003);
#1743=CYLINDRICAL_SURFACE('',#1987,0.500000000000003);
#1744=CYLINDRICAL_SURFACE('',#1991,0.499999999999998);
#1745=CYLINDRICAL_SURFACE('',#1995,0.499999999999989);
#1746=CYLINDRICAL_SURFACE('',#1999,0.316392030939515);
#1747=CYLINDRICAL_SURFACE('',#2003,0.499999999999998);
#1748=CYLINDRICAL_SURFACE('',#2007,0.499999999999998);
#1749=CYLINDRICAL_SURFACE('',#2011,0.499999999999989);
#1750=ADVANCED_FACE('',(#90),#1706,.F.);
#1751=ADVANCED_FACE('',(#91),#1707,.F.);
#1752=ADVANCED_FACE('',(#92),#1708,.F.);
#1753=ADVANCED_FACE('',(#93),#1709,.F.);
#1754=ADVANCED_FACE('',(#94),#44,.T.);
#1755=ADVANCED_FACE('',(#95),#1710,.F.);
#1756=ADVANCED_FACE('',(#96),#45,.T.);
#1757=ADVANCED_FACE('',(#97),#1711,.F.);
#1758=ADVANCED_FACE('',(#98),#46,.T.);
#1759=ADVANCED_FACE('',(#99),#1712,.F.);
#1760=ADVANCED_FACE('',(#100),#47,.T.);
#1761=ADVANCED_FACE('',(#101),#1713,.F.);
#1762=ADVANCED_FACE('',(#102),#48,.T.);
#1763=ADVANCED_FACE('',(#103),#1714,.F.);
#1764=ADVANCED_FACE('',(#104),#49,.T.);
#1765=ADVANCED_FACE('',(#105),#1715,.F.);
#1766=ADVANCED_FACE('',(#106),#50,.T.);
#1767=ADVANCED_FACE('',(#107),#1716,.F.);
#1768=ADVANCED_FACE('',(#108),#51,.T.);
#1769=ADVANCED_FACE('',(#109),#1717,.F.);
#1770=ADVANCED_FACE('',(#110),#52,.T.);
#1771=ADVANCED_FACE('',(#111),#1718,.F.);
#1772=ADVANCED_FACE('',(#112),#53,.T.);
#1773=ADVANCED_FACE('',(#113),#1719,.F.);
#1774=ADVANCED_FACE('',(#114),#54,.T.);
#1775=ADVANCED_FACE('',(#115),#1720,.F.);
#1776=ADVANCED_FACE('',(#116),#55,.T.);
#1777=ADVANCED_FACE('',(#117),#1721,.F.);
#1778=ADVANCED_FACE('',(#118),#56,.T.);
#1779=ADVANCED_FACE('',(#119),#1722,.F.);
#1780=ADVANCED_FACE('',(#120),#57,.T.);
#1781=ADVANCED_FACE('',(#121),#1723,.F.);
#1782=ADVANCED_FACE('',(#122),#58,.T.);
#1783=ADVANCED_FACE('',(#123),#1724,.F.);
#1784=ADVANCED_FACE('',(#124),#59,.T.);
#1785=ADVANCED_FACE('',(#125),#1725,.F.);
#1786=ADVANCED_FACE('',(#126),#60,.T.);
#1787=ADVANCED_FACE('',(#127),#1726,.F.);
#1788=ADVANCED_FACE('',(#128),#61,.T.);
#1789=ADVANCED_FACE('',(#129),#1727,.F.);
#1790=ADVANCED_FACE('',(#130),#62,.T.);
#1791=ADVANCED_FACE('',(#131),#1728,.F.);
#1792=ADVANCED_FACE('',(#132),#63,.T.);
#1793=ADVANCED_FACE('',(#133),#1729,.F.);
#1794=ADVANCED_FACE('',(#134),#64,.T.);
#1795=ADVANCED_FACE('',(#135),#1730,.F.);
#1796=ADVANCED_FACE('',(#136),#65,.T.);
#1797=ADVANCED_FACE('',(#137),#1731,.F.);
#1798=ADVANCED_FACE('',(#138),#66,.T.);
#1799=ADVANCED_FACE('',(#139),#1732,.F.);
#1800=ADVANCED_FACE('',(#140),#67,.T.);
#1801=ADVANCED_FACE('',(#141),#1733,.F.);
#1802=ADVANCED_FACE('',(#142),#68,.T.);
#1803=ADVANCED_FACE('',(#143),#1734,.F.);
#1804=ADVANCED_FACE('',(#144),#69,.T.);
#1805=ADVANCED_FACE('',(#145),#1735,.F.);
#1806=ADVANCED_FACE('',(#146),#70,.T.);
#1807=ADVANCED_FACE('',(#147),#1736,.F.);
#1808=ADVANCED_FACE('',(#148),#71,.T.);
#1809=ADVANCED_FACE('',(#149),#1737,.F.);
#1810=ADVANCED_FACE('',(#150),#72,.T.);
#1811=ADVANCED_FACE('',(#151),#1738,.F.);
#1812=ADVANCED_FACE('',(#152),#73,.T.);
#1813=ADVANCED_FACE('',(#153),#1739,.F.);
#1814=ADVANCED_FACE('',(#154),#74,.T.);
#1815=ADVANCED_FACE('',(#155),#1740,.F.);
#1816=ADVANCED_FACE('',(#156),#75,.T.);
#1817=ADVANCED_FACE('',(#157),#1741,.F.);
#1818=ADVANCED_FACE('',(#158),#76,.T.);
#1819=ADVANCED_FACE('',(#159),#1742,.F.);
#1820=ADVANCED_FACE('',(#160),#77,.T.);
#1821=ADVANCED_FACE('',(#161),#1743,.F.);
#1822=ADVANCED_FACE('',(#162),#78,.T.);
#1823=ADVANCED_FACE('',(#163),#1744,.F.);
#1824=ADVANCED_FACE('',(#164),#79,.T.);
#1825=ADVANCED_FACE('',(#165),#1745,.F.);
#1826=ADVANCED_FACE('',(#166),#80,.T.);
#1827=ADVANCED_FACE('',(#167),#1746,.F.);
#1828=ADVANCED_FACE('',(#168),#81,.T.);
#1829=ADVANCED_FACE('',(#169),#1747,.F.);
#1830=ADVANCED_FACE('',(#170),#82,.T.);
#1831=ADVANCED_FACE('',(#171),#1748,.F.);
#1832=ADVANCED_FACE('',(#172),#83,.T.);
#1833=ADVANCED_FACE('',(#173),#1749,.F.);
#1834=ADVANCED_FACE('',(#174),#84,.T.);
#1835=ADVANCED_FACE('',(#175),#85,.T.);
#1836=ADVANCED_FACE('',(#176),#86,.T.);
#1837=ADVANCED_FACE('',(#177),#87,.T.);
#1838=ADVANCED_FACE('',(#178,#14,#15,#16,#17,#18,#19,#20,#21,#22,#23,#24,
#25,#26,#27),#88,.T.);
#1839=ADVANCED_FACE('',(#179,#28,#29,#30,#31,#32,#33,#34,#35,#36,#37,#38,
#39,#40,#41),#89,.F.);
#1840=CLOSED_SHELL('',(#1750,#1751,#1752,#1753,#1754,#1755,#1756,#1757,
#1758,#1759,#1760,#1761,#1762,#1763,#1764,#1765,#1766,#1767,#1768,#1769,
#1770,#1771,#1772,#1773,#1774,#1775,#1776,#1777,#1778,#1779,#1780,#1781,
#1782,#1783,#1784,#1785,#1786,#1787,#1788,#1789,#1790,#1791,#1792,#1793,
#1794,#1795,#1796,#1797,#1798,#1799,#1800,#1801,#1802,#1803,#1804,#1805,
#1806,#1807,#1808,#1809,#1810,#1811,#1812,#1813,#1814,#1815,#1816,#1817,
#1818,#1819,#1820,#1821,#1822,#1823,#1824,#1825,#1826,#1827,#1828,#1829,
#1830,#1831,#1832,#1833,#1834,#1835,#1836,#1837,#1838,#1839));
#1841=AXIS2_PLACEMENT_3D('',#2554,#2020,#2021);
#1842=AXIS2_PLACEMENT_3D('',#2555,#2022,#2023);
#1843=AXIS2_PLACEMENT_3D('',#2557,#2024,#2025);
#1844=AXIS2_PLACEMENT_3D('',#2560,#2027,#2028);
#1845=AXIS2_PLACEMENT_3D('',#2561,#2029,#2030);
#1846=AXIS2_PLACEMENT_3D('',#2563,#2031,#2032);
#1847=AXIS2_PLACEMENT_3D('',#2566,#2034,#2035);
#1848=AXIS2_PLACEMENT_3D('',#2567,#2036,#2037);
#1849=AXIS2_PLACEMENT_3D('',#2569,#2038,#2039);
#1850=AXIS2_PLACEMENT_3D('',#2572,#2041,#2042);
#1851=AXIS2_PLACEMENT_3D('',#2573,#2043,#2044);
#1852=AXIS2_PLACEMENT_3D('',#2575,#2045,#2046);
#1853=AXIS2_PLACEMENT_3D('',#2578,#2048,#2049);
#1854=AXIS2_PLACEMENT_3D('',#2579,#2050,#2051);
#1855=AXIS2_PLACEMENT_3D('',#2588,#2056,#2057);
#1856=AXIS2_PLACEMENT_3D('',#2590,#2058,#2059);
#1857=AXIS2_PLACEMENT_3D('',#2592,#2060,#2061);
#1858=AXIS2_PLACEMENT_3D('',#2594,#2063,#2064);
#1859=AXIS2_PLACEMENT_3D('',#2600,#2068,#2069);
#1860=AXIS2_PLACEMENT_3D('',#2602,#2070,#2071);
#1861=AXIS2_PLACEMENT_3D('',#2604,#2072,#2073);
#1862=AXIS2_PLACEMENT_3D('',#2606,#2075,#2076);
#1863=AXIS2_PLACEMENT_3D('',#2612,#2080,#2081);
#1864=AXIS2_PLACEMENT_3D('',#2614,#2082,#2083);
#1865=AXIS2_PLACEMENT_3D('',#2616,#2084,#2085);
#1866=AXIS2_PLACEMENT_3D('',#2618,#2087,#2088);
#1867=AXIS2_PLACEMENT_3D('',#2624,#2092,#2093);
#1868=AXIS2_PLACEMENT_3D('',#2625,#2094,#2095);
#1869=AXIS2_PLACEMENT_3D('',#2626,#2096,#2097);
#1870=AXIS2_PLACEMENT_3D('',#2627,#2098,#2099);
#1871=AXIS2_PLACEMENT_3D('',#2636,#2104,#2105);
#1872=AXIS2_PLACEMENT_3D('',#2638,#2106,#2107);
#1873=AXIS2_PLACEMENT_3D('',#2640,#2108,#2109);
#1874=AXIS2_PLACEMENT_3D('',#2642,#2111,#2112);
#1875=AXIS2_PLACEMENT_3D('',#2648,#2116,#2117);
#1876=AXIS2_PLACEMENT_3D('',#2650,#2118,#2119);
#1877=AXIS2_PLACEMENT_3D('',#2652,#2120,#2121);
#1878=AXIS2_PLACEMENT_3D('',#2654,#2123,#2124);
#1879=AXIS2_PLACEMENT_3D('',#2660,#2128,#2129);
#1880=AXIS2_PLACEMENT_3D('',#2662,#2130,#2131);
#1881=AXIS2_PLACEMENT_3D('',#2664,#2132,#2133);
#1882=AXIS2_PLACEMENT_3D('',#2666,#2135,#2136);
#1883=AXIS2_PLACEMENT_3D('',#2672,#2140,#2141);
#1884=AXIS2_PLACEMENT_3D('',#2673,#2142,#2143);
#1885=AXIS2_PLACEMENT_3D('',#2674,#2144,#2145);
#1886=AXIS2_PLACEMENT_3D('',#2675,#2146,#2147);
#1887=AXIS2_PLACEMENT_3D('',#2684,#2152,#2153);
#1888=AXIS2_PLACEMENT_3D('',#2686,#2154,#2155);
#1889=AXIS2_PLACEMENT_3D('',#2688,#2156,#2157);
#1890=AXIS2_PLACEMENT_3D('',#2690,#2159,#2160);
#1891=AXIS2_PLACEMENT_3D('',#2696,#2164,#2165);
#1892=AXIS2_PLACEMENT_3D('',#2698,#2166,#2167);
#1893=AXIS2_PLACEMENT_3D('',#2700,#2168,#2169);
#1894=AXIS2_PLACEMENT_3D('',#2702,#2171,#2172);
#1895=AXIS2_PLACEMENT_3D('',#2708,#2176,#2177);
#1896=AXIS2_PLACEMENT_3D('',#2710,#2178,#2179);
#1897=AXIS2_PLACEMENT_3D('',#2712,#2180,#2181);
#1898=AXIS2_PLACEMENT_3D('',#2714,#2183,#2184);
#1899=AXIS2_PLACEMENT_3D('',#2720,#2188,#2189);
#1900=AXIS2_PLACEMENT_3D('',#2721,#2190,#2191);
#1901=AXIS2_PLACEMENT_3D('',#2722,#2192,#2193);
#1902=AXIS2_PLACEMENT_3D('',#2723,#2194,#2195);
#1903=AXIS2_PLACEMENT_3D('',#2732,#2200,#2201);
#1904=AXIS2_PLACEMENT_3D('',#2734,#2202,#2203);
#1905=AXIS2_PLACEMENT_3D('',#2736,#2204,#2205);
#1906=AXIS2_PLACEMENT_3D('',#2738,#2207,#2208);
#1907=AXIS2_PLACEMENT_3D('',#2744,#2212,#2213);
#1908=AXIS2_PLACEMENT_3D('',#2746,#2214,#2215);
#1909=AXIS2_PLACEMENT_3D('',#2748,#2216,#2217);
#1910=AXIS2_PLACEMENT_3D('',#2750,#2219,#2220);
#1911=AXIS2_PLACEMENT_3D('',#2756,#2224,#2225);
#1912=AXIS2_PLACEMENT_3D('',#2758,#2226,#2227);
#1913=AXIS2_PLACEMENT_3D('',#2760,#2228,#2229);
#1914=AXIS2_PLACEMENT_3D('',#2762,#2231,#2232);
#1915=AXIS2_PLACEMENT_3D('',#2768,#2236,#2237);
#1916=AXIS2_PLACEMENT_3D('',#2769,#2238,#2239);
#1917=AXIS2_PLACEMENT_3D('',#2770,#2240,#2241);
#1918=AXIS2_PLACEMENT_3D('',#2771,#2242,#2243);
#1919=AXIS2_PLACEMENT_3D('',#2780,#2248,#2249);
#1920=AXIS2_PLACEMENT_3D('',#2782,#2250,#2251);
#1921=AXIS2_PLACEMENT_3D('',#2784,#2252,#2253);
#1922=AXIS2_PLACEMENT_3D('',#2786,#2255,#2256);
#1923=AXIS2_PLACEMENT_3D('',#2792,#2260,#2261);
#1924=AXIS2_PLACEMENT_3D('',#2794,#2262,#2263);
#1925=AXIS2_PLACEMENT_3D('',#2796,#2264,#2265);
#1926=AXIS2_PLACEMENT_3D('',#2798,#2267,#2268);
#1927=AXIS2_PLACEMENT_3D('',#2804,#2272,#2273);
#1928=AXIS2_PLACEMENT_3D('',#2806,#2274,#2275);
#1929=AXIS2_PLACEMENT_3D('',#2808,#2276,#2277);
#1930=AXIS2_PLACEMENT_3D('',#2810,#2279,#2280);
#1931=AXIS2_PLACEMENT_3D('',#2816,#2284,#2285);
#1932=AXIS2_PLACEMENT_3D('',#2817,#2286,#2287);
#1933=AXIS2_PLACEMENT_3D('',#2818,#2288,#2289);
#1934=AXIS2_PLACEMENT_3D('',#2819,#2290,#2291);
#1935=AXIS2_PLACEMENT_3D('',#2828,#2296,#2297);
#1936=AXIS2_PLACEMENT_3D('',#2830,#2298,#2299);
#1937=AXIS2_PLACEMENT_3D('',#2832,#2300,#2301);
#1938=AXIS2_PLACEMENT_3D('',#2834,#2303,#2304);
#1939=AXIS2_PLACEMENT_3D('',#2840,#2308,#2309);
#1940=AXIS2_PLACEMENT_3D('',#2842,#2310,#2311);
#1941=AXIS2_PLACEMENT_3D('',#2844,#2312,#2313);
#1942=AXIS2_PLACEMENT_3D('',#2846,#2315,#2316);
#1943=AXIS2_PLACEMENT_3D('',#2852,#2320,#2321);
#1944=AXIS2_PLACEMENT_3D('',#2854,#2322,#2323);
#1945=AXIS2_PLACEMENT_3D('',#2856,#2324,#2325);
#1946=AXIS2_PLACEMENT_3D('',#2858,#2327,#2328);
#1947=AXIS2_PLACEMENT_3D('',#2864,#2332,#2333);
#1948=AXIS2_PLACEMENT_3D('',#2865,#2334,#2335);
#1949=AXIS2_PLACEMENT_3D('',#2866,#2336,#2337);
#1950=AXIS2_PLACEMENT_3D('',#2867,#2338,#2339);
#1951=AXIS2_PLACEMENT_3D('',#2876,#2344,#2345);
#1952=AXIS2_PLACEMENT_3D('',#2878,#2346,#2347);
#1953=AXIS2_PLACEMENT_3D('',#2880,#2348,#2349);
#1954=AXIS2_PLACEMENT_3D('',#2882,#2351,#2352);
#1955=AXIS2_PLACEMENT_3D('',#2888,#2356,#2357);
#1956=AXIS2_PLACEMENT_3D('',#2890,#2358,#2359);
#1957=AXIS2_PLACEMENT_3D('',#2892,#2360,#2361);
#1958=AXIS2_PLACEMENT_3D('',#2894,#2363,#2364);
#1959=AXIS2_PLACEMENT_3D('',#2900,#2368,#2369);
#1960=AXIS2_PLACEMENT_3D('',#2902,#2370,#2371);
#1961=AXIS2_PLACEMENT_3D('',#2904,#2372,#2373);
#1962=AXIS2_PLACEMENT_3D('',#2906,#2375,#2376);
#1963=AXIS2_PLACEMENT_3D('',#2912,#2380,#2381);
#1964=AXIS2_PLACEMENT_3D('',#2913,#2382,#2383);
#1965=AXIS2_PLACEMENT_3D('',#2914,#2384,#2385);
#1966=AXIS2_PLACEMENT_3D('',#2915,#2386,#2387);
#1967=AXIS2_PLACEMENT_3D('',#2924,#2392,#2393);
#1968=AXIS2_PLACEMENT_3D('',#2926,#2394,#2395);
#1969=AXIS2_PLACEMENT_3D('',#2928,#2396,#2397);
#1970=AXIS2_PLACEMENT_3D('',#2930,#2399,#2400);
#1971=AXIS2_PLACEMENT_3D('',#2936,#2404,#2405);
#1972=AXIS2_PLACEMENT_3D('',#2938,#2406,#2407);
#1973=AXIS2_PLACEMENT_3D('',#2940,#2408,#2409);
#1974=AXIS2_PLACEMENT_3D('',#2942,#2411,#2412);
#1975=AXIS2_PLACEMENT_3D('',#2948,#2416,#2417);
#1976=AXIS2_PLACEMENT_3D('',#2950,#2418,#2419);
#1977=AXIS2_PLACEMENT_3D('',#2952,#2420,#2421);
#1978=AXIS2_PLACEMENT_3D('',#2954,#2423,#2424);
#1979=AXIS2_PLACEMENT_3D('',#2960,#2428,#2429);
#1980=AXIS2_PLACEMENT_3D('',#2961,#2430,#2431);
#1981=AXIS2_PLACEMENT_3D('',#2962,#2432,#2433);
#1982=AXIS2_PLACEMENT_3D('',#2963,#2434,#2435);
#1983=AXIS2_PLACEMENT_3D('',#2972,#2440,#2441);
#1984=AXIS2_PLACEMENT_3D('',#2974,#2442,#2443);
#1985=AXIS2_PLACEMENT_3D('',#2976,#2444,#2445);
#1986=AXIS2_PLACEMENT_3D('',#2978,#2447,#2448);
#1987=AXIS2_PLACEMENT_3D('',#2984,#2452,#2453);
#1988=AXIS2_PLACEMENT_3D('',#2986,#2454,#2455);
#1989=AXIS2_PLACEMENT_3D('',#2988,#2456,#2457);
#1990=AXIS2_PLACEMENT_3D('',#2990,#2459,#2460);
#1991=AXIS2_PLACEMENT_3D('',#2996,#2464,#2465);
#1992=AXIS2_PLACEMENT_3D('',#2998,#2466,#2467);
#1993=AXIS2_PLACEMENT_3D('',#3000,#2468,#2469);
#1994=AXIS2_PLACEMENT_3D('',#3002,#2471,#2472);
#1995=AXIS2_PLACEMENT_3D('',#3008,#2476,#2477);
#1996=AXIS2_PLACEMENT_3D('',#3009,#2478,#2479);
#1997=AXIS2_PLACEMENT_3D('',#3010,#2480,#2481);
#1998=AXIS2_PLACEMENT_3D('',#3011,#2482,#2483);
#1999=AXIS2_PLACEMENT_3D('',#3020,#2488,#2489);
#2000=AXIS2_PLACEMENT_3D('',#3022,#2490,#2491);
#2001=AXIS2_PLACEMENT_3D('',#3024,#2492,#2493);
#2002=AXIS2_PLACEMENT_3D('',#3026,#2495,#2496);
#2003=AXIS2_PLACEMENT_3D('',#3032,#2500,#2501);
#2004=AXIS2_PLACEMENT_3D('',#3034,#2502,#2503);
#2005=AXIS2_PLACEMENT_3D('',#3036,#2504,#2505);
#2006=AXIS2_PLACEMENT_3D('',#3038,#2507,#2508);
#2007=AXIS2_PLACEMENT_3D('',#3044,#2512,#2513);
#2008=AXIS2_PLACEMENT_3D('',#3046,#2514,#2515);
#2009=AXIS2_PLACEMENT_3D('',#3048,#2516,#2517);
#2010=AXIS2_PLACEMENT_3D('',#3050,#2519,#2520);
#2011=AXIS2_PLACEMENT_3D('',#3056,#2524,#2525);
#2012=AXIS2_PLACEMENT_3D('',#3057,#2526,#2527);
#2013=AXIS2_PLACEMENT_3D('',#3058,#2528,#2529);
#2014=AXIS2_PLACEMENT_3D('',#3059,#2530,#2531);
#2015=AXIS2_PLACEMENT_3D('',#3068,#2536,#2537);
#2016=AXIS2_PLACEMENT_3D('',#3074,#2541,#2542);
#2017=AXIS2_PLACEMENT_3D('',#3080,#2546,#2547);
#2018=AXIS2_PLACEMENT_3D('',#3083,#2550,#2551);
#2019=AXIS2_PLACEMENT_3D('',#3084,#2552,#2553);
#2020=DIRECTION('axis',(0.,0.,1.));
#2021=DIRECTION('refdir',(1.,0.,0.));
#2022=DIRECTION('center_axis',(0.,0.,-1.));
#2023=DIRECTION('ref_axis',(1.,0.,0.));
#2024=DIRECTION('center_axis',(0.,0.,-1.));
#2025=DIRECTION('ref_axis',(1.,0.,0.));
#2026=DIRECTION('',(0.,0.,-1.));
#2027=DIRECTION('center_axis',(0.,0.,1.));
#2028=DIRECTION('ref_axis',(1.,0.,0.));
#2029=DIRECTION('center_axis',(0.,0.,-1.));
#2030=DIRECTION('ref_axis',(1.,0.,0.));
#2031=DIRECTION('center_axis',(0.,0.,-1.));
#2032=DIRECTION('ref_axis',(1.,0.,0.));
#2033=DIRECTION('',(0.,0.,-1.));
#2034=DIRECTION('center_axis',(0.,0.,1.));
#2035=DIRECTION('ref_axis',(1.,0.,0.));
#2036=DIRECTION('center_axis',(0.,0.,-1.));
#2037=DIRECTION('ref_axis',(1.,0.,0.));
#2038=DIRECTION('center_axis',(0.,0.,-1.));
#2039=DIRECTION('ref_axis',(1.,0.,0.));
#2040=DIRECTION('',(0.,0.,-1.));
#2041=DIRECTION('center_axis',(0.,0.,1.));
#2042=DIRECTION('ref_axis',(1.,0.,0.));
#2043=DIRECTION('center_axis',(0.,0.,-1.));
#2044=DIRECTION('ref_axis',(1.,0.,0.));
#2045=DIRECTION('center_axis',(0.,0.,-1.));
#2046=DIRECTION('ref_axis',(1.,0.,0.));
#2047=DIRECTION('',(0.,0.,-1.));
#2048=DIRECTION('center_axis',(0.,0.,1.));
#2049=DIRECTION('ref_axis',(1.,0.,0.));
#2050=DIRECTION('center_axis',(0.999901042359767,-0.0140678885356778,0.));
#2051=DIRECTION('ref_axis',(0.0140678885356778,0.999901042359767,0.));
#2052=DIRECTION('',(0.0140678885356778,0.999901042359767,0.));
#2053=DIRECTION('',(0.,0.,1.));
#2054=DIRECTION('',(0.0140678885356778,0.999901042359767,0.));
#2055=DIRECTION('',(0.,0.,1.));
#2056=DIRECTION('center_axis',(0.,0.,1.));
#2057=DIRECTION('ref_axis',(-1.,0.,0.));
#2058=DIRECTION('center_axis',(0.,0.,-1.));
#2059=DIRECTION('ref_axis',(-1.,0.,0.));
#2060=DIRECTION('center_axis',(0.,0.,-1.));
#2061=DIRECTION('ref_axis',(-1.,0.,0.));
#2062=DIRECTION('',(0.,0.,1.));
#2063=DIRECTION('center_axis',(-0.0128347122847597,0.999917631688014,0.));
#2064=DIRECTION('ref_axis',(-0.999917631688014,-0.0128347122847597,0.));
#2065=DIRECTION('',(-0.999917631688014,-0.0128347122847597,0.));
#2066=DIRECTION('',(-0.999917631688014,-0.0128347122847597,0.));
#2067=DIRECTION('',(0.,0.,1.));
#2068=DIRECTION('center_axis',(0.,0.,1.));
#2069=DIRECTION('ref_axis',(1.77635683940026E-14,-1.,0.));
#2070=DIRECTION('center_axis',(0.,0.,-1.));
#2071=DIRECTION('ref_axis',(1.77635683940026E-14,-1.,0.));
#2072=DIRECTION('center_axis',(0.,0.,-1.));
#2073=DIRECTION('ref_axis',(1.77635683940026E-14,-1.,0.));
#2074=DIRECTION('',(0.,0.,1.));
#2075=DIRECTION('center_axis',(-0.999987951114005,0.0049089333683968,0.));
#2076=DIRECTION('ref_axis',(-0.0049089333683968,-0.999987951114005,0.));
#2077=DIRECTION('',(-0.0049089333683968,-0.999987951114005,0.));
#2078=DIRECTION('',(-0.0049089333683968,-0.999987951114005,0.));
#2079=DIRECTION('',(0.,0.,1.));
#2080=DIRECTION('center_axis',(0.,0.,1.));
#2081=DIRECTION('ref_axis',(1.,0.,0.));
#2082=DIRECTION('center_axis',(0.,0.,-1.));
#2083=DIRECTION('ref_axis',(1.,0.,0.));
#2084=DIRECTION('center_axis',(0.,0.,-1.));
#2085=DIRECTION('ref_axis',(1.,0.,0.));
#2086=DIRECTION('',(0.,0.,1.));
#2087=DIRECTION('center_axis',(-0.0114402623231159,-0.999934558057665,0.));
#2088=DIRECTION('ref_axis',(0.999934558057665,-0.0114402623231159,0.));
#2089=DIRECTION('',(0.999934558057665,-0.0114402623231159,0.));
#2090=DIRECTION('',(0.999934558057665,-0.0114402623231159,0.));
#2091=DIRECTION('',(0.,0.,1.));
#2092=DIRECTION('center_axis',(0.,0.,1.));
#2093=DIRECTION('ref_axis',(0.,1.,0.));
#2094=DIRECTION('center_axis',(0.,0.,-1.));
#2095=DIRECTION('ref_axis',(0.,1.,0.));
#2096=DIRECTION('center_axis',(0.,0.,-1.));
#2097=DIRECTION('ref_axis',(0.,1.,0.));
#2098=DIRECTION('center_axis',(1.,0.,0.));
#2099=DIRECTION('ref_axis',(0.,1.,0.));
#2100=DIRECTION('',(0.,1.,0.));
#2101=DIRECTION('',(0.,0.,1.));
#2102=DIRECTION('',(0.,1.,0.));
#2103=DIRECTION('',(0.,0.,1.));
#2104=DIRECTION('center_axis',(0.,0.,1.));
#2105=DIRECTION('ref_axis',(-1.,8.88178419700128E-15,0.));
#2106=DIRECTION('center_axis',(0.,0.,-1.));
#2107=DIRECTION('ref_axis',(-1.,8.88178419700128E-15,0.));
#2108=DIRECTION('center_axis',(0.,0.,-1.));
#2109=DIRECTION('ref_axis',(-1.,8.88178419700128E-15,0.));
#2110=DIRECTION('',(0.,0.,1.));
#2111=DIRECTION('center_axis',(0.0016682153510133,0.999998608527803,0.));
#2112=DIRECTION('ref_axis',(-0.999998608527803,0.0016682153510133,0.));
#2113=DIRECTION('',(-0.999998608527803,0.0016682153510133,0.));
#2114=DIRECTION('',(-0.999998608527803,0.0016682153510133,0.));
#2115=DIRECTION('',(0.,0.,1.));
#2116=DIRECTION('center_axis',(0.,0.,1.));
#2117=DIRECTION('ref_axis',(0.,-1.,0.));
#2118=DIRECTION('center_axis',(0.,0.,-1.));
#2119=DIRECTION('ref_axis',(0.,-1.,0.));
#2120=DIRECTION('center_axis',(0.,0.,-1.));
#2121=DIRECTION('ref_axis',(0.,-1.,0.));
#2122=DIRECTION('',(0.,0.,1.));
#2123=DIRECTION('center_axis',(-0.999987816371859,-0.00493630507982884,
0.));
#2124=DIRECTION('ref_axis',(0.00493630507982884,-0.999987816371859,0.));
#2125=DIRECTION('',(0.00493630507982884,-0.999987816371859,0.));
#2126=DIRECTION('',(0.00493630507982884,-0.999987816371859,0.));
#2127=DIRECTION('',(0.,0.,1.));
#2128=DIRECTION('center_axis',(0.,0.,1.));
#2129=DIRECTION('ref_axis',(1.,0.,0.));
#2130=DIRECTION('center_axis',(0.,0.,-1.));
#2131=DIRECTION('ref_axis',(1.,0.,0.));
#2132=DIRECTION('center_axis',(0.,0.,-1.));
#2133=DIRECTION('ref_axis',(1.,0.,0.));
#2134=DIRECTION('',(0.,0.,1.));
#2135=DIRECTION('center_axis',(-0.00889037231458276,-0.999960479859133,
0.));
#2136=DIRECTION('ref_axis',(0.999960479859133,-0.00889037231458276,0.));
#2137=DIRECTION('',(0.999960479859133,-0.00889037231458276,0.));
#2138=DIRECTION('',(0.999960479859133,-0.00889037231458276,0.));
#2139=DIRECTION('',(0.,0.,1.));
#2140=DIRECTION('center_axis',(0.,0.,1.));
#2141=DIRECTION('ref_axis',(0.,1.,0.));
#2142=DIRECTION('center_axis',(0.,0.,-1.));
#2143=DIRECTION('ref_axis',(0.,1.,0.));
#2144=DIRECTION('center_axis',(0.,0.,-1.));
#2145=DIRECTION('ref_axis',(0.,1.,0.));
#2146=DIRECTION('center_axis',(0.999919526524252,-0.0126862317303147,0.));
#2147=DIRECTION('ref_axis',(0.0126862317303147,0.999919526524252,0.));
#2148=DIRECTION('',(0.0126862317303147,0.999919526524252,0.));
#2149=DIRECTION('',(0.,0.,1.));
#2150=DIRECTION('',(0.0126862317303147,0.999919526524252,0.));
#2151=DIRECTION('',(0.,0.,1.));
#2152=DIRECTION('center_axis',(0.,0.,1.));
#2153=DIRECTION('ref_axis',(-1.,0.,0.));
#2154=DIRECTION('center_axis',(0.,0.,-1.));
#2155=DIRECTION('ref_axis',(-1.,0.,0.));
#2156=DIRECTION('center_axis',(0.,0.,-1.));
#2157=DIRECTION('ref_axis',(-1.,0.,0.));
#2158=DIRECTION('',(0.,0.,1.));
#2159=DIRECTION('center_axis',(-0.00416507708310221,0.999991326028827,0.));
#2160=DIRECTION('ref_axis',(-0.999991326028827,-0.00416507708310221,0.));
#2161=DIRECTION('',(-0.999991326028827,-0.00416507708310221,0.));
#2162=DIRECTION('',(-0.999991326028827,-0.00416507708310221,0.));
#2163=DIRECTION('',(0.,0.,1.));
#2164=DIRECTION('center_axis',(0.,0.,1.));
#2165=DIRECTION('ref_axis',(0.,-1.,0.));
#2166=DIRECTION('center_axis',(0.,0.,-1.));
#2167=DIRECTION('ref_axis',(0.,-1.,0.));
#2168=DIRECTION('center_axis',(0.,0.,-1.));
#2169=DIRECTION('ref_axis',(0.,-1.,0.));
#2170=DIRECTION('',(0.,0.,1.));
#2171=DIRECTION('center_axis',(-0.999949868162082,0.0100130496171527,0.));
#2172=DIRECTION('ref_axis',(-0.0100130496171527,-0.999949868162082,0.));
#2173=DIRECTION('',(-0.0100130496171527,-0.999949868162082,0.));
#2174=DIRECTION('',(-0.0100130496171527,-0.999949868162082,0.));
#2175=DIRECTION('',(0.,0.,1.));
#2176=DIRECTION('center_axis',(0.,0.,1.));
#2177=DIRECTION('ref_axis',(1.,0.,0.));
#2178=DIRECTION('center_axis',(0.,0.,-1.));
#2179=DIRECTION('ref_axis',(1.,0.,0.));
#2180=DIRECTION('center_axis',(0.,0.,-1.));
#2181=DIRECTION('ref_axis',(1.,0.,0.));
#2182=DIRECTION('',(0.,0.,1.));
#2183=DIRECTION('center_axis',(5.55111504040772E-16,-1.,0.));
#2184=DIRECTION('ref_axis',(1.,5.55111504040772E-16,0.));
#2185=DIRECTION('',(1.,5.55111504040772E-16,0.));
#2186=DIRECTION('',(1.,5.55111504040772E-16,0.));
#2187=DIRECTION('',(0.,0.,1.));
#2188=DIRECTION('center_axis',(0.,0.,1.));
#2189=DIRECTION('ref_axis',(0.,1.,0.));
#2190=DIRECTION('center_axis',(0.,0.,-1.));
#2191=DIRECTION('ref_axis',(0.,1.,0.));
#2192=DIRECTION('center_axis',(0.,0.,-1.));
#2193=DIRECTION('ref_axis',(0.,1.,0.));
#2194=DIRECTION('center_axis',(0.999999999877768,-1.56353629076144E-5,0.));
#2195=DIRECTION('ref_axis',(1.56353629076144E-5,0.999999999877768,0.));
#2196=DIRECTION('',(1.56353629076144E-5,0.999999999877768,0.));
#2197=DIRECTION('',(0.,0.,1.));
#2198=DIRECTION('',(1.56353629076144E-5,0.999999999877768,0.));
#2199=DIRECTION('',(0.,0.,1.));
#2200=DIRECTION('center_axis',(0.,0.,1.));
#2201=DIRECTION('ref_axis',(-1.,0.,0.));
#2202=DIRECTION('center_axis',(0.,0.,-1.));
#2203=DIRECTION('ref_axis',(-1.,0.,0.));
#2204=DIRECTION('center_axis',(0.,0.,-1.));
#2205=DIRECTION('ref_axis',(-1.,0.,0.));
#2206=DIRECTION('',(0.,0.,1.));
#2207=DIRECTION('center_axis',(0.00116352398191411,0.999999323105743,0.));
#2208=DIRECTION('ref_axis',(-0.999999323105743,0.00116352398191411,0.));
#2209=DIRECTION('',(-0.999999323105743,0.00116352398191411,0.));
#2210=DIRECTION('',(-0.999999323105743,0.00116352398191411,0.));
#2211=DIRECTION('',(0.,0.,1.));
#2212=DIRECTION('center_axis',(0.,0.,1.));
#2213=DIRECTION('ref_axis',(1.77635683940026E-14,-1.,0.));
#2214=DIRECTION('center_axis',(0.,0.,-1.));
#2215=DIRECTION('ref_axis',(1.77635683940026E-14,-1.,0.));
#2216=DIRECTION('center_axis',(0.,0.,-1.));
#2217=DIRECTION('ref_axis',(1.77635683940026E-14,-1.,0.));
#2218=DIRECTION('',(0.,0.,1.));
#2219=DIRECTION('center_axis',(-1.,-6.87621992432647E-15,0.));
#2220=DIRECTION('ref_axis',(6.87621992432647E-15,-1.,0.));
#2221=DIRECTION('',(6.87621992432647E-15,-1.,0.));
#2222=DIRECTION('',(6.87621992432647E-15,-1.,0.));
#2223=DIRECTION('',(0.,0.,1.));
#2224=DIRECTION('center_axis',(0.,0.,1.));
#2225=DIRECTION('ref_axis',(1.,0.,0.));
#2226=DIRECTION('center_axis',(0.,0.,-1.));
#2227=DIRECTION('ref_axis',(1.,0.,0.));
#2228=DIRECTION('center_axis',(0.,0.,-1.));
#2229=DIRECTION('ref_axis',(1.,0.,0.));
#2230=DIRECTION('',(0.,0.,1.));
#2231=DIRECTION('center_axis',(-0.00673322949997098,-0.999977331553321,
0.));
#2232=DIRECTION('ref_axis',(0.999977331553321,-0.00673322949997098,0.));
#2233=DIRECTION('',(0.999977331553321,-0.00673322949997098,0.));
#2234=DIRECTION('',(0.999977331553321,-0.00673322949997098,0.));
#2235=DIRECTION('',(0.,0.,1.));
#2236=DIRECTION('center_axis',(0.,0.,1.));
#2237=DIRECTION('ref_axis',(0.,1.,0.));
#2238=DIRECTION('center_axis',(0.,0.,-1.));
#2239=DIRECTION('ref_axis',(0.,1.,0.));
#2240=DIRECTION('center_axis',(0.,0.,-1.));
#2241=DIRECTION('ref_axis',(0.,1.,0.));
#2242=DIRECTION('center_axis',(0.999988315195725,0.00483419817717733,0.));
#2243=DIRECTION('ref_axis',(-0.00483419817717733,0.999988315195725,0.));
#2244=DIRECTION('',(-0.00483419817717733,0.999988315195725,0.));
#2245=DIRECTION('',(0.,0.,1.));
#2246=DIRECTION('',(-0.00483419817717733,0.999988315195725,0.));
#2247=DIRECTION('',(0.,0.,1.));
#2248=DIRECTION('center_axis',(0.,0.,1.));
#2249=DIRECTION('ref_axis',(-1.,0.,0.));
#2250=DIRECTION('center_axis',(0.,0.,-1.));
#2251=DIRECTION('ref_axis',(-1.,0.,0.));
#2252=DIRECTION('center_axis',(0.,0.,-1.));
#2253=DIRECTION('ref_axis',(-1.,0.,0.));
#2254=DIRECTION('',(0.,0.,1.));
#2255=DIRECTION('center_axis',(-0.0123791766764189,0.999923375056716,0.));
#2256=DIRECTION('ref_axis',(-0.999923375056716,-0.0123791766764189,0.));
#2257=DIRECTION('',(-0.999923375056716,-0.0123791766764189,0.));
#2258=DIRECTION('',(-0.999923375056716,-0.0123791766764189,0.));
#2259=DIRECTION('',(0.,0.,1.));
#2260=DIRECTION('center_axis',(0.,0.,1.));
#2261=DIRECTION('ref_axis',(0.,-1.,0.));
#2262=DIRECTION('center_axis',(0.,0.,-1.));
#2263=DIRECTION('ref_axis',(0.,-1.,0.));
#2264=DIRECTION('center_axis',(0.,0.,-1.));
#2265=DIRECTION('ref_axis',(0.,-1.,0.));
#2266=DIRECTION('',(0.,0.,1.));
#2267=DIRECTION('center_axis',(-0.999932767797664,-0.0115956838739105,0.));
#2268=DIRECTION('ref_axis',(0.0115956838739105,-0.999932767797664,0.));
#2269=DIRECTION('',(0.0115956838739105,-0.999932767797664,0.));
#2270=DIRECTION('',(0.0115956838739105,-0.999932767797664,0.));
#2271=DIRECTION('',(0.,0.,1.));
#2272=DIRECTION('center_axis',(0.,0.,1.));
#2273=DIRECTION('ref_axis',(1.,0.,0.));
#2274=DIRECTION('center_axis',(0.,0.,-1.));
#2275=DIRECTION('ref_axis',(1.,0.,0.));
#2276=DIRECTION('center_axis',(0.,0.,-1.));
#2277=DIRECTION('ref_axis',(1.,0.,0.));
#2278=DIRECTION('',(0.,0.,1.));
#2279=DIRECTION('center_axis',(0.0293360009970179,-0.999569606903643,0.));
#2280=DIRECTION('ref_axis',(0.999569606903643,0.0293360009970179,0.));
#2281=DIRECTION('',(0.999569606903643,0.0293360009970179,0.));
#2282=DIRECTION('',(0.999569606903643,0.0293360009970179,0.));
#2283=DIRECTION('',(0.,0.,1.));
#2284=DIRECTION('center_axis',(0.,0.,1.));
#2285=DIRECTION('ref_axis',(0.,1.,0.));
#2286=DIRECTION('center_axis',(0.,0.,-1.));
#2287=DIRECTION('ref_axis',(0.,1.,0.));
#2288=DIRECTION('center_axis',(0.,0.,-1.));
#2289=DIRECTION('ref_axis',(0.,1.,0.));
#2290=DIRECTION('center_axis',(1.,0.,0.));
#2291=DIRECTION('ref_axis',(0.,1.,0.));
#2292=DIRECTION('',(0.,1.,0.));
#2293=DIRECTION('',(0.,0.,1.));
#2294=DIRECTION('',(0.,1.,0.));
#2295=DIRECTION('',(0.,0.,1.));
#2296=DIRECTION('center_axis',(0.,0.,1.));
#2297=DIRECTION('ref_axis',(-1.,8.88178419700113E-15,0.));
#2298=DIRECTION('center_axis',(0.,0.,-1.));
#2299=DIRECTION('ref_axis',(-1.,8.88178419700113E-15,0.));
#2300=DIRECTION('center_axis',(0.,0.,-1.));
#2301=DIRECTION('ref_axis',(-1.,8.88178419700113E-15,0.));
#2302=DIRECTION('',(0.,0.,1.));
#2303=DIRECTION('center_axis',(0.00737313783330745,0.999972818049816,0.));
#2304=DIRECTION('ref_axis',(-0.999972818049816,0.00737313783330745,0.));
#2305=DIRECTION('',(-0.999972818049816,0.00737313783330745,0.));
#2306=DIRECTION('',(-0.999972818049816,0.00737313783330745,0.));
#2307=DIRECTION('',(0.,0.,1.));
#2308=DIRECTION('center_axis',(0.,0.,1.));
#2309=DIRECTION('ref_axis',(0.,-1.,0.));
#2310=DIRECTION('center_axis',(0.,0.,-1.));
#2311=DIRECTION('ref_axis',(0.,-1.,0.));
#2312=DIRECTION('center_axis',(0.,0.,-1.));
#2313=DIRECTION('ref_axis',(0.,-1.,0.));
#2314=DIRECTION('',(0.,0.,1.));
#2315=DIRECTION('center_axis',(-0.999999274761535,-0.00120435725788092,
0.));
#2316=DIRECTION('ref_axis',(0.00120435725788092,-0.999999274761535,0.));
#2317=DIRECTION('',(0.00120435725788092,-0.999999274761535,0.));
#2318=DIRECTION('',(0.00120435725788092,-0.999999274761535,0.));
#2319=DIRECTION('',(0.,0.,1.));
#2320=DIRECTION('center_axis',(0.,0.,1.));
#2321=DIRECTION('ref_axis',(1.,0.,0.));
#2322=DIRECTION('center_axis',(0.,0.,-1.));
#2323=DIRECTION('ref_axis',(1.,0.,0.));
#2324=DIRECTION('center_axis',(0.,0.,-1.));
#2325=DIRECTION('ref_axis',(1.,0.,0.));
#2326=DIRECTION('',(0.,0.,1.));
#2327=DIRECTION('center_axis',(0.000956987574671415,-0.999999542087286,
0.));
#2328=DIRECTION('ref_axis',(0.999999542087286,0.000956987574671415,0.));
#2329=DIRECTION('',(0.999999542087286,0.000956987574671415,0.));
#2330=DIRECTION('',(0.999999542087286,0.000956987574671415,0.));
#2331=DIRECTION('',(0.,0.,1.));
#2332=DIRECTION('center_axis',(0.,0.,1.));
#2333=DIRECTION('ref_axis',(1.77635683940029E-14,1.,0.));
#2334=DIRECTION('center_axis',(0.,0.,-1.));
#2335=DIRECTION('ref_axis',(1.77635683940029E-14,1.,0.));
#2336=DIRECTION('center_axis',(0.,0.,-1.));
#2337=DIRECTION('ref_axis',(1.77635683940029E-14,1.,0.));
#2338=DIRECTION('center_axis',(1.,1.18423787528698E-15,0.));
#2339=DIRECTION('ref_axis',(-1.18423787528698E-15,1.,0.));
#2340=DIRECTION('',(-1.18423787528698E-15,1.,0.));
#2341=DIRECTION('',(0.,0.,1.));
#2342=DIRECTION('',(-1.18423787528698E-15,1.,0.));
#2343=DIRECTION('',(0.,0.,1.));
#2344=DIRECTION('center_axis',(0.,0.,1.));
#2345=DIRECTION('ref_axis',(-1.,0.,0.));
#2346=DIRECTION('center_axis',(0.,0.,-1.));
#2347=DIRECTION('ref_axis',(-1.,0.,0.));
#2348=DIRECTION('center_axis',(0.,0.,-1.));
#2349=DIRECTION('ref_axis',(-1.,0.,0.));
#2350=DIRECTION('',(0.,0.,1.));
#2351=DIRECTION('center_axis',(2.0816681401529E-16,1.,0.));
#2352=DIRECTION('ref_axis',(-1.,2.0816681401529E-16,0.));
#2353=DIRECTION('',(-1.,2.0816681401529E-16,0.));
#2354=DIRECTION('',(-1.,2.0816681401529E-16,0.));
#2355=DIRECTION('',(0.,0.,1.));
#2356=DIRECTION('center_axis',(0.,0.,1.));
#2357=DIRECTION('ref_axis',(0.,-1.,0.));
#2358=DIRECTION('center_axis',(0.,0.,-1.));
#2359=DIRECTION('ref_axis',(0.,-1.,0.));
#2360=DIRECTION('center_axis',(0.,0.,-1.));
#2361=DIRECTION('ref_axis',(0.,-1.,0.));
#2362=DIRECTION('',(0.,0.,1.));
#2363=DIRECTION('center_axis',(-1.,0.,0.));
#2364=DIRECTION('ref_axis',(0.,-1.,0.));
#2365=DIRECTION('',(0.,-1.,0.));
#2366=DIRECTION('',(0.,-1.,0.));
#2367=DIRECTION('',(0.,0.,1.));
#2368=DIRECTION('center_axis',(0.,0.,1.));
#2369=DIRECTION('ref_axis',(1.,0.,0.));
#2370=DIRECTION('center_axis',(0.,0.,-1.));
#2371=DIRECTION('ref_axis',(1.,0.,0.));
#2372=DIRECTION('center_axis',(0.,0.,-1.));
#2373=DIRECTION('ref_axis',(1.,0.,0.));
#2374=DIRECTION('',(0.,0.,1.));
#2375=DIRECTION('center_axis',(-2.77555752020386E-16,-1.,0.));
#2376=DIRECTION('ref_axis',(1.,-2.77555752020386E-16,0.));
#2377=DIRECTION('',(1.,-2.77555752020386E-16,0.));
#2378=DIRECTION('',(1.,-2.77555752020386E-16,0.));
#2379=DIRECTION('',(0.,0.,1.));
#2380=DIRECTION('center_axis',(0.,0.,1.));
#2381=DIRECTION('ref_axis',(0.,1.,0.));
#2382=DIRECTION('center_axis',(0.,0.,-1.));
#2383=DIRECTION('ref_axis',(0.,1.,0.));
#2384=DIRECTION('center_axis',(0.,0.,-1.));
#2385=DIRECTION('ref_axis',(0.,1.,0.));
#2386=DIRECTION('center_axis',(0.999989878365892,-0.00449924057693332,0.));
#2387=DIRECTION('ref_axis',(0.00449924057693332,0.999989878365892,0.));
#2388=DIRECTION('',(0.00449924057693332,0.999989878365892,0.));
#2389=DIRECTION('',(0.,0.,1.));
#2390=DIRECTION('',(0.00449924057693332,0.999989878365892,0.));
#2391=DIRECTION('',(0.,0.,1.));
#2392=DIRECTION('center_axis',(0.,0.,1.));
#2393=DIRECTION('ref_axis',(-1.,0.,0.));
#2394=DIRECTION('center_axis',(0.,0.,-1.));
#2395=DIRECTION('ref_axis',(-1.,0.,0.));
#2396=DIRECTION('center_axis',(0.,0.,-1.));
#2397=DIRECTION('ref_axis',(-1.,0.,0.));
#2398=DIRECTION('',(0.,0.,1.));
#2399=DIRECTION('center_axis',(0.0140225544568812,0.999901679149757,0.));
#2400=DIRECTION('ref_axis',(-0.999901679149757,0.0140225544568812,0.));
#2401=DIRECTION('',(-0.999901679149757,0.0140225544568812,0.));
#2402=DIRECTION('',(-0.999901679149757,0.0140225544568812,0.));
#2403=DIRECTION('',(0.,0.,1.));
#2404=DIRECTION('center_axis',(0.,0.,1.));
#2405=DIRECTION('ref_axis',(0.,-1.,0.));
#2406=DIRECTION('center_axis',(0.,0.,-1.));
#2407=DIRECTION('ref_axis',(0.,-1.,0.));
#2408=DIRECTION('center_axis',(0.,0.,-1.));
#2409=DIRECTION('ref_axis',(0.,-1.,0.));
#2410=DIRECTION('',(0.,0.,1.));
#2411=DIRECTION('center_axis',(-0.99995839639363,-0.00912170389129152,0.));
#2412=DIRECTION('ref_axis',(0.00912170389129152,-0.99995839639363,0.));
#2413=DIRECTION('',(0.00912170389129152,-0.99995839639363,0.));
#2414=DIRECTION('',(0.00912170389129152,-0.99995839639363,0.));
#2415=DIRECTION('',(0.,0.,1.));
#2416=DIRECTION('center_axis',(0.,0.,1.));
#2417=DIRECTION('ref_axis',(1.,0.,0.));
#2418=DIRECTION('center_axis',(0.,0.,-1.));
#2419=DIRECTION('ref_axis',(1.,0.,0.));
#2420=DIRECTION('center_axis',(0.,0.,-1.));
#2421=DIRECTION('ref_axis',(1.,0.,0.));
#2422=DIRECTION('',(0.,0.,1.));
#2423=DIRECTION('center_axis',(-0.00149172176096661,-0.999998887382475,
0.));
#2424=DIRECTION('ref_axis',(0.999998887382475,-0.00149172176096661,0.));
#2425=DIRECTION('',(0.999998887382475,-0.00149172176096661,0.));
#2426=DIRECTION('',(0.999998887382475,-0.00149172176096661,0.));
#2427=DIRECTION('',(0.,0.,1.));
#2428=DIRECTION('center_axis',(0.,0.,1.));
#2429=DIRECTION('ref_axis',(0.,1.,0.));
#2430=DIRECTION('center_axis',(0.,0.,-1.));
#2431=DIRECTION('ref_axis',(0.,1.,0.));
#2432=DIRECTION('center_axis',(0.,0.,-1.));
#2433=DIRECTION('ref_axis',(0.,1.,0.));
#2434=DIRECTION('center_axis',(0.999894622823997,-0.0145169985760279,0.));
#2435=DIRECTION('ref_axis',(0.0145169985760279,0.999894622823997,0.));
#2436=DIRECTION('',(0.0145169985760279,0.999894622823997,0.));
#2437=DIRECTION('',(0.,0.,1.));
#2438=DIRECTION('',(0.0145169985760279,0.999894622823997,0.));
#2439=DIRECTION('',(0.,0.,1.));
#2440=DIRECTION('center_axis',(0.,0.,1.));
#2441=DIRECTION('ref_axis',(-1.,8.8817841970012E-15,0.));
#2442=DIRECTION('center_axis',(0.,0.,-1.));
#2443=DIRECTION('ref_axis',(-1.,8.8817841970012E-15,0.));
#2444=DIRECTION('center_axis',(0.,0.,-1.));
#2445=DIRECTION('ref_axis',(-1.,8.8817841970012E-15,0.));
#2446=DIRECTION('',(0.,0.,1.));
#2447=DIRECTION('center_axis',(-0.0102213938738689,0.999947760189139,0.));
#2448=DIRECTION('ref_axis',(-0.999947760189139,-0.0102213938738689,0.));
#2449=DIRECTION('',(-0.999947760189139,-0.0102213938738689,0.));
#2450=DIRECTION('',(-0.999947760189139,-0.0102213938738689,0.));
#2451=DIRECTION('',(0.,0.,1.));
#2452=DIRECTION('center_axis',(0.,0.,1.));
#2453=DIRECTION('ref_axis',(0.,-1.,0.));
#2454=DIRECTION('center_axis',(0.,0.,-1.));
#2455=DIRECTION('ref_axis',(0.,-1.,0.));
#2456=DIRECTION('center_axis',(0.,0.,-1.));
#2457=DIRECTION('ref_axis',(0.,-1.,0.));
#2458=DIRECTION('',(0.,0.,1.));
#2459=DIRECTION('center_axis',(-0.999982066888313,0.00598881472223112,0.));
#2460=DIRECTION('ref_axis',(-0.00598881472223112,-0.999982066888313,0.));
#2461=DIRECTION('',(-0.00598881472223112,-0.999982066888313,0.));
#2462=DIRECTION('',(-0.00598881472223112,-0.999982066888313,0.));
#2463=DIRECTION('',(0.,0.,1.));
#2464=DIRECTION('center_axis',(0.,0.,1.));
#2465=DIRECTION('ref_axis',(1.,0.,0.));
#2466=DIRECTION('center_axis',(0.,0.,-1.));
#2467=DIRECTION('ref_axis',(1.,0.,0.));
#2468=DIRECTION('center_axis',(0.,0.,-1.));
#2469=DIRECTION('ref_axis',(1.,0.,0.));
#2470=DIRECTION('',(0.,0.,1.));
#2471=DIRECTION('center_axis',(-0.00750422315386128,-0.999971842921018,
0.));
#2472=DIRECTION('ref_axis',(0.999971842921018,-0.00750422315386128,0.));
#2473=DIRECTION('',(0.999971842921018,-0.00750422315386128,0.));
#2474=DIRECTION('',(0.999971842921018,-0.00750422315386128,0.));
#2475=DIRECTION('',(0.,0.,1.));
#2476=DIRECTION('center_axis',(0.,0.,1.));
#2477=DIRECTION('ref_axis',(0.,1.,0.));
#2478=DIRECTION('center_axis',(0.,0.,-1.));
#2479=DIRECTION('ref_axis',(0.,1.,0.));
#2480=DIRECTION('center_axis',(0.,0.,-1.));
#2481=DIRECTION('ref_axis',(0.,1.,0.));
#2482=DIRECTION('center_axis',(0.999999140059625,-0.00131144195886491,0.));
#2483=DIRECTION('ref_axis',(0.00131144195886491,0.999999140059625,0.));
#2484=DIRECTION('',(0.00131144195886491,0.999999140059625,0.));
#2485=DIRECTION('',(0.,0.,1.));
#2486=DIRECTION('',(0.00131144195886491,0.999999140059625,0.));
#2487=DIRECTION('',(0.,0.,1.));
#2488=DIRECTION('center_axis',(0.,0.,1.));
#2489=DIRECTION('ref_axis',(-0.89649092118592,-0.443062104259912,0.));
#2490=DIRECTION('center_axis',(0.,0.,-1.));
#2491=DIRECTION('ref_axis',(-0.89649092118592,-0.443062104259912,0.));
#2492=DIRECTION('center_axis',(0.,0.,-1.));
#2493=DIRECTION('ref_axis',(-0.89649092118592,-0.443062104259912,0.));
#2494=DIRECTION('',(0.,0.,1.));
#2495=DIRECTION('center_axis',(0.0193339167338941,0.999813082362762,0.));
#2496=DIRECTION('ref_axis',(-0.999813082362762,0.0193339167338941,0.));
#2497=DIRECTION('',(-0.999813082362762,0.0193339167338941,0.));
#2498=DIRECTION('',(-0.999813082362762,0.0193339167338941,0.));
#2499=DIRECTION('',(0.,0.,1.));
#2500=DIRECTION('center_axis',(0.,0.,1.));
#2501=DIRECTION('ref_axis',(1.77635683940026E-14,-1.,0.));
#2502=DIRECTION('center_axis',(0.,0.,-1.));
#2503=DIRECTION('ref_axis',(1.77635683940026E-14,-1.,0.));
#2504=DIRECTION('center_axis',(0.,0.,-1.));
#2505=DIRECTION('ref_axis',(1.77635683940026E-14,-1.,0.));
#2506=DIRECTION('',(0.,0.,1.));
#2507=DIRECTION('center_axis',(-1.,5.12410619114559E-16,0.));
#2508=DIRECTION('ref_axis',(-5.12410619114559E-16,-1.,0.));
#2509=DIRECTION('',(-5.12410619114559E-16,-1.,0.));
#2510=DIRECTION('',(-5.12410619114559E-16,-1.,0.));
#2511=DIRECTION('',(0.,0.,1.));
#2512=DIRECTION('center_axis',(0.,0.,1.));
#2513=DIRECTION('ref_axis',(1.,0.,0.));
#2514=DIRECTION('center_axis',(0.,0.,-1.));
#2515=DIRECTION('ref_axis',(1.,0.,0.));
#2516=DIRECTION('center_axis',(0.,0.,-1.));
#2517=DIRECTION('ref_axis',(1.,0.,0.));
#2518=DIRECTION('',(0.,0.,1.));
#2519=DIRECTION('center_axis',(0.00840540211434661,-0.999964673983684,0.));
#2520=DIRECTION('ref_axis',(0.999964673983684,0.0084054021143466,0.));
#2521=DIRECTION('',(0.999964673983684,0.0084054021143466,0.));
#2522=DIRECTION('',(0.999964673983684,0.0084054021143466,0.));
#2523=DIRECTION('',(0.,0.,1.));
#2524=DIRECTION('center_axis',(0.,0.,1.));
#2525=DIRECTION('ref_axis',(0.,1.,0.));
#2526=DIRECTION('center_axis',(0.,0.,-1.));
#2527=DIRECTION('ref_axis',(0.,1.,0.));
#2528=DIRECTION('center_axis',(0.,0.,-1.));
#2529=DIRECTION('ref_axis',(0.,1.,0.));
#2530=DIRECTION('center_axis',(9.30244817609283E-5,0.999999995673223,0.));
#2531=DIRECTION('ref_axis',(-0.999999995673223,9.30244817609283E-5,0.));
#2532=DIRECTION('',(0.999999995673223,-9.30244817609283E-5,0.));
#2533=DIRECTION('',(0.,0.,1.));
#2534=DIRECTION('',(-0.999999995673223,9.30244817609283E-5,0.));
#2535=DIRECTION('',(0.,0.,1.));
#2536=DIRECTION('center_axis',(0.999999977152447,-0.000213764132742629,
0.));
#2537=DIRECTION('ref_axis',(0.000213764132742629,0.999999977152447,0.));
#2538=DIRECTION('',(-0.000213764132742629,-0.999999977152447,0.));
#2539=DIRECTION('',(0.000213764132742629,0.999999977152447,0.));
#2540=DIRECTION('',(0.,0.,1.));
#2541=DIRECTION('center_axis',(-3.83617263087214E-5,-0.999999999264189,
0.));
#2542=DIRECTION('ref_axis',(0.999999999264189,-3.83617263087214E-5,0.));
#2543=DIRECTION('',(0.999999999264189,-3.83617263087214E-5,0.));
#2544=DIRECTION('',(0.999999999264189,-3.83617263087214E-5,0.));
#2545=DIRECTION('',(0.,0.,1.));
#2546=DIRECTION('center_axis',(-0.999999937702271,0.000352980811733157,
0.));
#2547=DIRECTION('ref_axis',(-0.000352980811733157,-0.999999937702271,0.));
#2548=DIRECTION('',(-0.000352980811733157,-0.999999937702271,0.));
#2549=DIRECTION('',(-0.000352980811733157,-0.999999937702271,0.));
#2550=DIRECTION('center_axis',(0.,0.,1.));
#2551=DIRECTION('ref_axis',(1.,0.,0.));
#2552=DIRECTION('center_axis',(0.,0.,1.));
#2553=DIRECTION('ref_axis',(1.,0.,0.));
#2554=CARTESIAN_POINT('',(0.,0.,0.));
#2555=CARTESIAN_POINT('Origin',(-3.28476428609797,-5.14322549574308,11.));
#2556=CARTESIAN_POINT('',(-5.78476428609797,-5.14322549574308,13.));
#2557=CARTESIAN_POINT('Origin',(-3.28476428609797,-5.14322549574308,13.));
#2558=CARTESIAN_POINT('',(-5.78476428609797,-5.14322549574308,10.));
#2559=CARTESIAN_POINT('',(-5.78476428609797,-5.14322549574308,11.));
#2560=CARTESIAN_POINT('Origin',(-3.28476428609797,-5.14322549574308,10.));
#2561=CARTESIAN_POINT('Origin',(-3.26719034758381,69.5769255540707,11.));
#2562=CARTESIAN_POINT('',(-5.76719034758381,69.5769255540707,13.));
#2563=CARTESIAN_POINT('Origin',(-3.26719034758381,69.5769255540707,13.));
#2564=CARTESIAN_POINT('',(-5.76719034758381,69.5769255540707,10.));
#2565=CARTESIAN_POINT('',(-5.76719034758381,69.5769255540707,11.));
#2566=CARTESIAN_POINT('Origin',(-3.26719034758381,69.5769255540707,10.));
#2567=CARTESIAN_POINT('Origin',(100.753451326671,70.0646892055921,11.));
#2568=CARTESIAN_POINT('',(98.2534513266709,70.0646892055921,13.));
#2569=CARTESIAN_POINT('Origin',(100.753451326671,70.0646892055921,13.));
#2570=CARTESIAN_POINT('',(98.2534513266709,70.0646892055921,10.));
#2571=CARTESIAN_POINT('',(98.2534513266709,70.0646892055921,11.));
#2572=CARTESIAN_POINT('Origin',(100.753451326671,70.0646892055921,10.));
#2573=CARTESIAN_POINT('Origin',(100.594392995653,-5.62790524315726,11.));
#2574=CARTESIAN_POINT('',(98.0943929956534,-5.62790524315726,13.));
#2575=CARTESIAN_POINT('Origin',(100.594392995653,-5.62790524315726,13.));
#2576=CARTESIAN_POINT('',(98.0943929956534,-5.62790524315726,10.));
#2577=CARTESIAN_POINT('',(98.0943929956534,-5.62790524315726,11.));
#2578=CARTESIAN_POINT('Origin',(100.594392995653,-5.62790524315726,10.));
#2579=CARTESIAN_POINT('Origin',(52.284104214705,6.65475431642556,10.));
#2580=CARTESIAN_POINT('',(52.284104214705,6.65475431642556,10.));
#2581=CARTESIAN_POINT('',(52.5000007897616,22.0000003278256,10.));
#2582=CARTESIAN_POINT('',(52.5000007897615,22.0000003278256,10.));
#2583=CARTESIAN_POINT('',(52.5000007897616,22.0000003278256,13.));
#2584=CARTESIAN_POINT('',(52.5000007897616,22.0000003278256,10.));
#2585=CARTESIAN_POINT('',(52.284104214705,6.65475431642556,13.));
#2586=CARTESIAN_POINT('',(52.5000007897615,22.0000003278256,13.));
#2587=CARTESIAN_POINT('',(52.284104214705,6.65475431642556,10.));
#2588=CARTESIAN_POINT('Origin',(52.784104214705,6.65475431642556,10.));
#2589=CARTESIAN_POINT('',(52.784104214705,6.15475431642555,10.));
#2590=CARTESIAN_POINT('Origin',(52.784104214705,6.65475431642556,10.));
#2591=CARTESIAN_POINT('',(52.784104214705,6.15475431642555,13.));
#2592=CARTESIAN_POINT('Origin',(52.784104214705,6.65475431642556,13.));
#2593=CARTESIAN_POINT('',(52.784104214705,6.15475431642555,10.));
#2594=CARTESIAN_POINT('Origin',(68.4628462201222,6.35600303556936,10.));
#2595=CARTESIAN_POINT('',(68.4628462201222,6.35600303556936,10.));
#2596=CARTESIAN_POINT('',(52.784104214705,6.15475431642557,10.));
#2597=CARTESIAN_POINT('',(68.4628462201222,6.35600303556936,13.));
#2598=CARTESIAN_POINT('',(52.784104214705,6.15475431642557,13.));
#2599=CARTESIAN_POINT('',(68.4628462201222,6.35600303556936,10.));
#2600=CARTESIAN_POINT('Origin',(68.4628462201222,6.85600303556935,10.));
#2601=CARTESIAN_POINT('',(68.9628462201222,6.85600303556935,10.));
#2602=CARTESIAN_POINT('Origin',(68.4628462201222,6.85600303556935,10.));
#2603=CARTESIAN_POINT('',(68.9628462201222,6.85600303556935,13.));
#2604=CARTESIAN_POINT('Origin',(68.4628462201222,6.85600303556935,13.));
#2605=CARTESIAN_POINT('',(68.9628462201222,6.85600303556935,10.));
#2606=CARTESIAN_POINT('Origin',(69.0363154104453,21.8222491806502,10.));
#2607=CARTESIAN_POINT('',(69.0363154104453,21.8222491806502,10.));
#2608=CARTESIAN_POINT('',(69.0363154104453,21.8222491806502,10.));
#2609=CARTESIAN_POINT('',(69.0363154104453,21.8222491806502,13.));
#2610=CARTESIAN_POINT('',(69.0363154104453,21.8222491806502,13.));
#2611=CARTESIAN_POINT('',(69.0363154104453,21.8222491806502,10.));
#2612=CARTESIAN_POINT('Origin',(68.5363154104453,21.8222491806502,10.));
#2613=CARTESIAN_POINT('',(68.5363154104453,22.3222491806502,10.));
#2614=CARTESIAN_POINT('Origin',(68.5363154104453,21.8222491806502,10.));
#2615=CARTESIAN_POINT('',(68.5363154104453,22.3222491806502,13.));
#2616=CARTESIAN_POINT('Origin',(68.5363154104453,21.8222491806502,13.));
#2617=CARTESIAN_POINT('',(68.5363154104453,22.3222491806502,10.));
#2618=CARTESIAN_POINT('Origin',(53.0000007897616,22.5000003278256,10.));
#2619=CARTESIAN_POINT('',(53.0000007897616,22.5000003278256,10.));
#2620=CARTESIAN_POINT('',(53.0000007897616,22.5000003278256,10.));
#2621=CARTESIAN_POINT('',(53.0000007897616,22.5000003278256,13.));
#2622=CARTESIAN_POINT('',(53.0000007897616,22.5000003278256,13.));
#2623=CARTESIAN_POINT('',(53.0000007897616,22.5000003278256,10.));
#2624=CARTESIAN_POINT('Origin',(53.0000007897616,22.0000003278256,10.));
#2625=CARTESIAN_POINT('Origin',(53.0000007897616,22.0000003278256,10.));
#2626=CARTESIAN_POINT('Origin',(53.0000007897616,22.0000003278256,13.));
#2627=CARTESIAN_POINT('Origin',(71.5000010728836,26.0000003874302,10.));
#2628=CARTESIAN_POINT('',(71.5000010728836,26.0000003874302,10.));
#2629=CARTESIAN_POINT('',(71.5000010728836,41.0000006109476,10.));
#2630=CARTESIAN_POINT('',(71.5000010728836,41.0000006109476,10.));
#2631=CARTESIAN_POINT('',(71.5000010728836,41.0000006109476,13.));
#2632=CARTESIAN_POINT('',(71.5000010728836,41.0000006109476,10.));
#2633=CARTESIAN_POINT('',(71.5000010728836,26.0000003874302,13.));
#2634=CARTESIAN_POINT('',(71.5000010728836,41.0000006109476,13.));
#2635=CARTESIAN_POINT('',(71.5000010728836,26.0000003874302,10.));
#2636=CARTESIAN_POINT('Origin',(72.0000010728836,26.0000003874302,10.));
#2637=CARTESIAN_POINT('',(72.0000010728836,25.5000003874302,10.));
#2638=CARTESIAN_POINT('Origin',(72.0000010728836,26.0000003874302,10.));
#2639=CARTESIAN_POINT('',(72.0000010728836,25.5000003874302,13.));
#2640=CARTESIAN_POINT('Origin',(72.0000010728836,26.0000003874302,13.));
#2641=CARTESIAN_POINT('',(72.0000010728836,25.5000003874302,10.));
#2642=CARTESIAN_POINT('Origin',(88.0516233633934,25.4732227874562,10.));
#2643=CARTESIAN_POINT('',(88.0516233633934,25.4732227874562,10.));
#2644=CARTESIAN_POINT('',(72.0000010728836,25.5000003874302,10.));
#2645=CARTESIAN_POINT('',(88.0516233633934,25.4732227874562,13.));
#2646=CARTESIAN_POINT('',(72.0000010728836,25.5000003874302,13.));
#2647=CARTESIAN_POINT('',(88.0516233633934,25.4732227874562,10.));
#2648=CARTESIAN_POINT('Origin',(88.0516233633934,25.9732227874562,10.));
#2649=CARTESIAN_POINT('',(88.5516233633934,25.9732227874562,10.));
#2650=CARTESIAN_POINT('Origin',(88.0516233633934,25.9732227874562,10.));
#2651=CARTESIAN_POINT('',(88.5516233633934,25.9732227874562,13.));
#2652=CARTESIAN_POINT('Origin',(88.0516233633934,25.9732227874562,13.));
#2653=CARTESIAN_POINT('',(88.5516233633934,25.9732227874562,10.));
#2654=CARTESIAN_POINT('Origin',(88.4781469465526,40.8579433311102,10.));
#2655=CARTESIAN_POINT('',(88.4781469465526,40.8579433311102,10.));
#2656=CARTESIAN_POINT('',(88.4781469465526,40.8579433311102,10.));
#2657=CARTESIAN_POINT('',(88.4781469465526,40.8579433311102,13.));
#2658=CARTESIAN_POINT('',(88.4781469465526,40.8579433311102,13.));
#2659=CARTESIAN_POINT('',(88.4781469465526,40.8579433311102,10.));
#2660=CARTESIAN_POINT('Origin',(87.9781469465526,40.8579433311102,10.));
#2661=CARTESIAN_POINT('',(87.9781469465526,41.3579433311103,10.));
#2662=CARTESIAN_POINT('Origin',(87.9781469465526,40.8579433311102,10.));
#2663=CARTESIAN_POINT('',(87.9781469465526,41.3579433311103,13.));
#2664=CARTESIAN_POINT('Origin',(87.9781469465526,40.8579433311102,13.));
#2665=CARTESIAN_POINT('',(87.9781469465526,41.3579433311103,10.));
#2666=CARTESIAN_POINT('Origin',(72.0000010728836,41.5000006109476,10.));
#2667=CARTESIAN_POINT('',(72.0000010728836,41.5000006109476,10.));
#2668=CARTESIAN_POINT('',(72.0000010728836,41.5000006109476,10.));
#2669=CARTESIAN_POINT('',(72.0000010728836,41.5000006109476,13.));
#2670=CARTESIAN_POINT('',(72.0000010728836,41.5000006109476,13.));
#2671=CARTESIAN_POINT('',(72.0000010728836,41.5000006109476,10.));
#2672=CARTESIAN_POINT('Origin',(72.0000010728836,41.0000006109476,10.));
#2673=CARTESIAN_POINT('Origin',(72.0000010728836,41.0000006109476,10.));
#2674=CARTESIAN_POINT('Origin',(72.0000010728836,41.0000006109476,13.));
#2675=CARTESIAN_POINT('Origin',(33.3051794368988,6.64434579200913,10.));
#2676=CARTESIAN_POINT('',(33.3051794368988,6.64434579200913,10.));
#2677=CARTESIAN_POINT('',(33.5000005066395,22.0000003278255,10.));
#2678=CARTESIAN_POINT('',(33.5000005066395,22.0000003278255,10.));
#2679=CARTESIAN_POINT('',(33.5000005066395,22.0000003278255,13.));
#2680=CARTESIAN_POINT('',(33.5000005066395,22.0000003278255,10.));
#2681=CARTESIAN_POINT('',(33.3051794368988,6.64434579200913,13.));
#2682=CARTESIAN_POINT('',(33.5000005066395,22.0000003278255,13.));
#2683=CARTESIAN_POINT('',(33.3051794368988,6.64434579200913,10.));
#2684=CARTESIAN_POINT('Origin',(33.8051794368988,6.64434579200913,10.));
#2685=CARTESIAN_POINT('',(33.8051794368988,6.14434579200913,10.));
#2686=CARTESIAN_POINT('Origin',(33.8051794368988,6.64434579200913,10.));
#2687=CARTESIAN_POINT('',(33.8051794368988,6.14434579200913,13.));
#2688=CARTESIAN_POINT('Origin',(33.8051794368988,6.64434579200913,13.));
#2689=CARTESIAN_POINT('',(33.8051794368988,6.14434579200913,10.));
#2690=CARTESIAN_POINT('Origin',(49.8469051672801,6.21116139577877,10.));
#2691=CARTESIAN_POINT('',(49.8469051672801,6.21116139577877,10.));
#2692=CARTESIAN_POINT('',(33.8051794368988,6.14434579200913,10.));
#2693=CARTESIAN_POINT('',(49.8469051672801,6.21116139577877,13.));
#2694=CARTESIAN_POINT('',(33.8051794368988,6.14434579200913,13.));
#2695=CARTESIAN_POINT('',(49.8469051672801,6.21116139577877,10.));
#2696=CARTESIAN_POINT('Origin',(49.8469051672801,6.71116139577877,10.));
#2697=CARTESIAN_POINT('',(50.3469051672801,6.71116139577877,10.));
#2698=CARTESIAN_POINT('Origin',(49.8469051672801,6.71116139577877,10.));
#2699=CARTESIAN_POINT('',(50.3469051672801,6.71116139577877,13.));
#2700=CARTESIAN_POINT('Origin',(49.8469051672801,6.71116139577877,13.));
#2701=CARTESIAN_POINT('',(50.3469051672801,6.71116139577877,10.));
#2702=CARTESIAN_POINT('Origin',(50.5000007450581,22.0000003278256,10.));
#2703=CARTESIAN_POINT('',(50.5000007450581,22.0000003278256,10.));
#2704=CARTESIAN_POINT('',(50.5000007450581,22.0000003278256,10.));
#2705=CARTESIAN_POINT('',(50.5000007450581,22.0000003278256,13.));
#2706=CARTESIAN_POINT('',(50.5000007450581,22.0000003278256,13.));
#2707=CARTESIAN_POINT('',(50.5000007450581,22.0000003278256,10.));
#2708=CARTESIAN_POINT('Origin',(50.0000007450581,22.0000003278256,10.));
#2709=CARTESIAN_POINT('',(50.0000007450581,22.5000003278256,10.));
#2710=CARTESIAN_POINT('Origin',(50.0000007450581,22.0000003278256,10.));
#2711=CARTESIAN_POINT('',(50.0000007450581,22.5000003278256,13.));
#2712=CARTESIAN_POINT('Origin',(50.0000007450581,22.0000003278256,13.));
#2713=CARTESIAN_POINT('',(50.0000007450581,22.5000003278256,10.));
#2714=CARTESIAN_POINT('Origin',(34.0000005066395,22.5000003278255,10.));
#2715=CARTESIAN_POINT('',(34.0000005066395,22.5000003278255,10.));
#2716=CARTESIAN_POINT('',(34.0000005066395,22.5000003278255,10.));
#2717=CARTESIAN_POINT('',(34.0000005066395,22.5000003278255,13.));
#2718=CARTESIAN_POINT('',(34.0000005066395,22.5000003278255,13.));
#2719=CARTESIAN_POINT('',(34.0000005066395,22.5000003278255,10.));
#2720=CARTESIAN_POINT('Origin',(34.0000005066395,22.0000003278255,10.));
#2721=CARTESIAN_POINT('Origin',(34.0000005066395,22.0000003278255,10.));
#2722=CARTESIAN_POINT('Origin',(34.0000005066395,22.0000003278255,13.));
#2723=CARTESIAN_POINT('Origin',(52.8253325865327,44.5182385355378,10.));
#2724=CARTESIAN_POINT('',(52.8253325865327,44.5182385355378,10.));
#2725=CARTESIAN_POINT('',(52.8255762996914,60.1055427855173,10.));
#2726=CARTESIAN_POINT('',(52.8255762996914,60.1055427855173,10.));
#2727=CARTESIAN_POINT('',(52.8255762996914,60.1055427855173,13.));
#2728=CARTESIAN_POINT('',(52.8255762996914,60.1055427855173,10.));
#2729=CARTESIAN_POINT('',(52.8253325865327,44.5182385355378,13.));
#2730=CARTESIAN_POINT('',(52.8255762996914,60.1055427855173,13.));
#2731=CARTESIAN_POINT('',(52.8253325865327,44.5182385355378,10.));
#2732=CARTESIAN_POINT('Origin',(53.3253325865327,44.5182385355378,10.));
#2733=CARTESIAN_POINT('',(53.3253325865327,44.0182385355378,10.));
#2734=CARTESIAN_POINT('Origin',(53.3253325865327,44.5182385355378,10.));
#2735=CARTESIAN_POINT('',(53.3253325865327,44.0182385355378,13.));
#2736=CARTESIAN_POINT('Origin',(53.3253325865327,44.5182385355378,13.));
#2737=CARTESIAN_POINT('',(53.3253325865327,44.0182385355378,10.));
#2738=CARTESIAN_POINT('Origin',(69.0000010281802,44.0000006705523,10.));
#2739=CARTESIAN_POINT('',(69.0000010281802,44.0000006705523,10.));
#2740=CARTESIAN_POINT('',(53.3253325865327,44.0182385355378,10.));
#2741=CARTESIAN_POINT('',(69.0000010281802,44.0000006705523,13.));
#2742=CARTESIAN_POINT('',(53.3253325865327,44.0182385355378,13.));
#2743=CARTESIAN_POINT('',(69.0000010281802,44.0000006705523,10.));
#2744=CARTESIAN_POINT('Origin',(69.0000010281802,44.5000006705523,10.));
#2745=CARTESIAN_POINT('',(69.5000010281802,44.5000006705523,10.));
#2746=CARTESIAN_POINT('Origin',(69.0000010281802,44.5000006705523,10.));
#2747=CARTESIAN_POINT('',(69.5000010281802,44.5000006705523,13.));
#2748=CARTESIAN_POINT('Origin',(69.0000010281802,44.5000006705523,13.));
#2749=CARTESIAN_POINT('',(69.5000010281802,44.5000006705523,10.));
#2750=CARTESIAN_POINT('Origin',(69.5000010281801,60.0000008940697,10.));
#2751=CARTESIAN_POINT('',(69.5000010281801,60.0000008940697,10.));
#2752=CARTESIAN_POINT('',(69.5000010281801,60.0000008940697,10.));
#2753=CARTESIAN_POINT('',(69.5000010281801,60.0000008940697,13.));
#2754=CARTESIAN_POINT('',(69.5000010281801,60.0000008940697,13.));
#2755=CARTESIAN_POINT('',(69.5000010281801,60.0000008940697,10.));
#2756=CARTESIAN_POINT('Origin',(69.0000010281801,60.0000008940697,10.));
#2757=CARTESIAN_POINT('',(69.0000010281801,60.5000008940697,10.));
#2758=CARTESIAN_POINT('Origin',(69.0000010281801,60.0000008940697,10.));
#2759=CARTESIAN_POINT('',(69.0000010281801,60.5000008940697,13.));
#2760=CARTESIAN_POINT('Origin',(69.0000010281801,60.0000008940697,13.));
#2761=CARTESIAN_POINT('',(69.0000010281801,60.5000008940697,10.));
#2762=CARTESIAN_POINT('Origin',(53.3255762996914,60.6055427855173,10.));
#2763=CARTESIAN_POINT('',(53.3255762996914,60.6055427855173,10.));
#2764=CARTESIAN_POINT('',(53.3255762996914,60.6055427855173,10.));
#2765=CARTESIAN_POINT('',(53.3255762996914,60.6055427855173,13.));
#2766=CARTESIAN_POINT('',(53.3255762996914,60.6055427855173,13.));
#2767=CARTESIAN_POINT('',(53.3255762996914,60.6055427855173,10.));
#2768=CARTESIAN_POINT('Origin',(53.3255762996914,60.1055427855173,10.));
#2769=CARTESIAN_POINT('Origin',(53.3255762996914,60.1055427855173,10.));
#2770=CARTESIAN_POINT('Origin',(53.3255762996914,60.1055427855173,13.));
#2771=CARTESIAN_POINT('Origin',(72.0231409156252,44.6262430635115,10.));
#2772=CARTESIAN_POINT('',(72.0231409156252,44.6262430635115,10.));
#2773=CARTESIAN_POINT('',(71.9512129978871,59.5050450154025,10.));
#2774=CARTESIAN_POINT('',(71.9512129978871,59.5050450154025,10.));
#2775=CARTESIAN_POINT('',(71.9512129978871,59.5050450154025,13.));
#2776=CARTESIAN_POINT('',(71.9512129978871,59.5050450154025,10.));
#2777=CARTESIAN_POINT('',(72.0231409156252,44.6262430635115,13.));
#2778=CARTESIAN_POINT('',(71.9512129978871,59.5050450154025,13.));
#2779=CARTESIAN_POINT('',(72.0231409156252,44.6262430635115,10.));
#2780=CARTESIAN_POINT('Origin',(72.5231409156252,44.6262430635115,10.));
#2781=CARTESIAN_POINT('',(72.5231409156252,44.1262430635115,10.));
#2782=CARTESIAN_POINT('Origin',(72.5231409156252,44.6262430635115,10.));
#2783=CARTESIAN_POINT('',(72.5231409156252,44.1262430635115,13.));
#2784=CARTESIAN_POINT('Origin',(72.5231409156252,44.6262430635115,13.));
#2785=CARTESIAN_POINT('',(72.5231409156252,44.1262430635115,10.));
#2786=CARTESIAN_POINT('Origin',(88.177249913448,44.3200428944085,10.));
#2787=CARTESIAN_POINT('',(88.177249913448,44.3200428944085,10.));
#2788=CARTESIAN_POINT('',(72.5231409156252,44.1262430635115,10.));
#2789=CARTESIAN_POINT('',(88.177249913448,44.3200428944085,13.));
#2790=CARTESIAN_POINT('',(72.5231409156252,44.1262430635115,13.));
#2791=CARTESIAN_POINT('',(88.177249913448,44.3200428944085,10.));
#2792=CARTESIAN_POINT('Origin',(88.177249913448,44.8200428944085,10.));
#2793=CARTESIAN_POINT('',(88.677249913448,44.8200428944085,10.));
#2794=CARTESIAN_POINT('Origin',(88.177249913448,44.8200428944085,10.));
#2795=CARTESIAN_POINT('',(88.677249913448,44.8200428944085,13.));
#2796=CARTESIAN_POINT('Origin',(88.177249913448,44.8200428944085,13.));
#2797=CARTESIAN_POINT('',(88.677249913448,44.8200428944085,10.));
#2798=CARTESIAN_POINT('Origin',(88.5016633762593,59.9614294679242,10.));
#2799=CARTESIAN_POINT('',(88.5016633762593,59.9614294679242,10.));
#2800=CARTESIAN_POINT('',(88.5016633762593,59.9614294679242,10.));
#2801=CARTESIAN_POINT('',(88.5016633762593,59.9614294679242,13.));
#2802=CARTESIAN_POINT('',(88.5016633762593,59.9614294679242,13.));
#2803=CARTESIAN_POINT('',(88.5016633762593,59.9614294679242,10.));
#2804=CARTESIAN_POINT('Origin',(88.0016633762593,59.9614294679242,10.));
#2805=CARTESIAN_POINT('',(88.0016633762593,60.4614294679242,10.));
#2806=CARTESIAN_POINT('Origin',(88.0016633762593,59.9614294679242,10.));
#2807=CARTESIAN_POINT('',(88.0016633762593,60.4614294679242,13.));
#2808=CARTESIAN_POINT('Origin',(88.0016633762593,59.9614294679242,13.));
#2809=CARTESIAN_POINT('',(88.0016633762593,60.4614294679242,10.));
#2810=CARTESIAN_POINT('Origin',(72.4512129978871,60.0050450154025,10.));
#2811=CARTESIAN_POINT('',(72.4512129978871,60.0050450154025,10.));
#2812=CARTESIAN_POINT('',(72.4512129978871,60.0050450154025,10.));
#2813=CARTESIAN_POINT('',(72.4512129978871,60.0050450154025,13.));
#2814=CARTESIAN_POINT('',(72.4512129978871,60.0050450154025,13.));
#2815=CARTESIAN_POINT('',(72.4512129978871,60.0050450154025,10.));
#2816=CARTESIAN_POINT('Origin',(72.4512129978871,59.5050450154025,10.));
#2817=CARTESIAN_POINT('Origin',(72.4512129978871,59.5050450154025,10.));
#2818=CARTESIAN_POINT('Origin',(72.4512129978871,59.5050450154025,13.));
#2819=CARTESIAN_POINT('Origin',(52.5000007897615,26.0000003874302,10.));
#2820=CARTESIAN_POINT('',(52.5000007897615,26.0000003874302,10.));
#2821=CARTESIAN_POINT('',(52.5000007897616,41.0000006109476,10.));
#2822=CARTESIAN_POINT('',(52.5000007897615,41.0000006109476,10.));
#2823=CARTESIAN_POINT('',(52.5000007897616,41.0000006109476,13.));
#2824=CARTESIAN_POINT('',(52.5000007897616,41.0000006109476,10.));
#2825=CARTESIAN_POINT('',(52.5000007897615,26.0000003874302,13.));
#2826=CARTESIAN_POINT('',(52.5000007897615,41.0000006109476,13.));
#2827=CARTESIAN_POINT('',(52.5000007897615,26.0000003874302,10.));
#2828=CARTESIAN_POINT('Origin',(53.0000007897616,26.0000003874302,10.));
#2829=CARTESIAN_POINT('',(53.0000007897615,25.5000003874302,10.));
#2830=CARTESIAN_POINT('Origin',(53.0000007897616,26.0000003874302,10.));
#2831=CARTESIAN_POINT('',(53.0000007897615,25.5000003874302,13.));
#2832=CARTESIAN_POINT('Origin',(53.0000007897616,26.0000003874302,13.));
#2833=CARTESIAN_POINT('',(53.0000007897615,25.5000003874302,10.));
#2834=CARTESIAN_POINT('Origin',(68.5485419455275,25.3853557341166,10.));
#2835=CARTESIAN_POINT('',(68.5485419455275,25.3853557341166,10.));
#2836=CARTESIAN_POINT('',(53.0000007897616,25.5000003874302,10.));
#2837=CARTESIAN_POINT('',(68.5485419455275,25.3853557341166,13.));
#2838=CARTESIAN_POINT('',(53.0000007897616,25.5000003874302,13.));
#2839=CARTESIAN_POINT('',(68.5485419455275,25.3853557341166,10.));
#2840=CARTESIAN_POINT('Origin',(68.5485419455275,25.8853557341166,10.));
#2841=CARTESIAN_POINT('',(69.0485419455275,25.8853557341166,10.));
#2842=CARTESIAN_POINT('Origin',(68.5485419455275,25.8853557341166,10.));
#2843=CARTESIAN_POINT('',(69.0485419455275,25.8853557341166,13.));
#2844=CARTESIAN_POINT('Origin',(68.5485419455275,25.8853557341166,13.));
#2845=CARTESIAN_POINT('',(69.0485419455275,25.8853557341166,10.));
#2846=CARTESIAN_POINT('Origin',(69.0303206005001,41.0148629408428,10.));
#2847=CARTESIAN_POINT('',(69.0303206005001,41.0148629408428,10.));
#2848=CARTESIAN_POINT('',(69.0303206005001,41.0148629408428,10.));
#2849=CARTESIAN_POINT('',(69.0303206005001,41.0148629408428,13.));
#2850=CARTESIAN_POINT('',(69.0303206005001,41.0148629408428,13.));
#2851=CARTESIAN_POINT('',(69.0303206005001,41.0148629408428,10.));
#2852=CARTESIAN_POINT('Origin',(68.5303206005001,41.0148629408428,10.));
#2853=CARTESIAN_POINT('',(68.5303206005001,41.5148629408428,10.));
#2854=CARTESIAN_POINT('Origin',(68.5303206005001,41.0148629408428,10.));
#2855=CARTESIAN_POINT('',(68.5303206005001,41.5148629408428,13.));
#2856=CARTESIAN_POINT('Origin',(68.5303206005001,41.0148629408428,13.));
#2857=CARTESIAN_POINT('',(68.5303206005001,41.5148629408428,10.));
#2858=CARTESIAN_POINT('Origin',(53.0000007897616,41.5000006109476,10.));
#2859=CARTESIAN_POINT('',(53.0000007897616,41.5000006109476,10.));
#2860=CARTESIAN_POINT('',(53.0000007897616,41.5000006109476,10.));
#2861=CARTESIAN_POINT('',(53.0000007897616,41.5000006109476,13.));
#2862=CARTESIAN_POINT('',(53.0000007897616,41.5000006109476,13.));
#2863=CARTESIAN_POINT('',(53.0000007897616,41.5000006109476,10.));
#2864=CARTESIAN_POINT('Origin',(53.0000007897616,41.0000006109476,10.));
#2865=CARTESIAN_POINT('Origin',(53.0000007897616,41.0000006109476,10.));
#2866=CARTESIAN_POINT('Origin',(53.0000007897616,41.0000006109476,13.));
#2867=CARTESIAN_POINT('Origin',(71.5000010728836,7.00000010430813,10.));
#2868=CARTESIAN_POINT('',(71.5000010728836,7.00000010430813,10.));
#2869=CARTESIAN_POINT('',(71.5000010728836,22.0000003278255,10.));
#2870=CARTESIAN_POINT('',(71.5000010728836,22.0000003278255,10.));
#2871=CARTESIAN_POINT('',(71.5000010728836,22.0000003278255,13.));
#2872=CARTESIAN_POINT('',(71.5000010728836,22.0000003278255,10.));
#2873=CARTESIAN_POINT('',(71.5000010728836,7.00000010430813,13.));
#2874=CARTESIAN_POINT('',(71.5000010728836,22.0000003278255,13.));
#2875=CARTESIAN_POINT('',(71.5000010728836,7.00000010430813,10.));
#2876=CARTESIAN_POINT('Origin',(72.0000010728836,7.00000010430813,10.));
#2877=CARTESIAN_POINT('',(72.0000010728836,6.50000010430813,10.));
#2878=CARTESIAN_POINT('Origin',(72.0000010728836,7.00000010430813,10.));
#2879=CARTESIAN_POINT('',(72.0000010728836,6.50000010430813,13.));
#2880=CARTESIAN_POINT('Origin',(72.0000010728836,7.00000010430813,13.));
#2881=CARTESIAN_POINT('',(72.0000010728836,6.50000010430813,10.));
#2882=CARTESIAN_POINT('Origin',(88.0000013113022,6.50000010430813,10.));
#2883=CARTESIAN_POINT('',(88.0000013113022,6.50000010430813,10.));
#2884=CARTESIAN_POINT('',(72.0000010728836,6.50000010430813,10.));
#2885=CARTESIAN_POINT('',(88.0000013113022,6.50000010430813,13.));
#2886=CARTESIAN_POINT('',(72.0000010728836,6.50000010430813,13.));
#2887=CARTESIAN_POINT('',(88.0000013113022,6.50000010430813,10.));
#2888=CARTESIAN_POINT('Origin',(88.0000013113022,7.00000010430813,10.));
#2889=CARTESIAN_POINT('',(88.5000013113022,7.00000010430813,10.));
#2890=CARTESIAN_POINT('Origin',(88.0000013113022,7.00000010430813,10.));
#2891=CARTESIAN_POINT('',(88.5000013113022,7.00000010430813,13.));
#2892=CARTESIAN_POINT('Origin',(88.0000013113022,7.00000010430813,13.));
#2893=CARTESIAN_POINT('',(88.5000013113022,7.00000010430813,10.));
#2894=CARTESIAN_POINT('Origin',(88.5000013113022,22.0000003278255,10.));
#2895=CARTESIAN_POINT('',(88.5000013113022,22.0000003278255,10.));
#2896=CARTESIAN_POINT('',(88.5000013113022,22.0000003278255,10.));
#2897=CARTESIAN_POINT('',(88.5000013113022,22.0000003278255,13.));
#2898=CARTESIAN_POINT('',(88.5000013113022,22.0000003278255,13.));
#2899=CARTESIAN_POINT('',(88.5000013113022,22.0000003278255,10.));
#2900=CARTESIAN_POINT('Origin',(88.0000013113022,22.0000003278255,10.));
#2901=CARTESIAN_POINT('',(88.0000013113022,22.5000003278256,10.));
#2902=CARTESIAN_POINT('Origin',(88.0000013113022,22.0000003278255,10.));
#2903=CARTESIAN_POINT('',(88.0000013113022,22.5000003278256,13.));
#2904=CARTESIAN_POINT('Origin',(88.0000013113022,22.0000003278255,13.));
#2905=CARTESIAN_POINT('',(88.0000013113022,22.5000003278256,10.));
#2906=CARTESIAN_POINT('Origin',(72.0000010728836,22.5000003278255,10.));
#2907=CARTESIAN_POINT('',(72.0000010728836,22.5000003278255,10.));
#2908=CARTESIAN_POINT('',(72.0000010728836,22.5000003278255,10.));
#2909=CARTESIAN_POINT('',(72.0000010728836,22.5000003278255,13.));
#2910=CARTESIAN_POINT('',(72.0000010728836,22.5000003278255,13.));
#2911=CARTESIAN_POINT('',(72.0000010728836,22.5000003278255,10.));
#2912=CARTESIAN_POINT('Origin',(72.0000010728836,22.0000003278255,10.));
#2913=CARTESIAN_POINT('Origin',(72.0000010728836,22.0000003278255,10.));
#2914=CARTESIAN_POINT('Origin',(72.0000010728836,22.0000003278255,13.));
#2915=CARTESIAN_POINT('Origin',(33.432040955792,44.8954822928339,10.));
#2916=CARTESIAN_POINT('',(33.432040955792,44.8954822928339,10.));
#2917=CARTESIAN_POINT('',(33.5000005066395,60.0000008940697,10.));
#2918=CARTESIAN_POINT('',(33.5000005066395,60.0000008940697,10.));
#2919=CARTESIAN_POINT('',(33.5000005066395,60.0000008940697,13.));
#2920=CARTESIAN_POINT('',(33.5000005066395,60.0000008940697,10.));
#2921=CARTESIAN_POINT('',(33.432040955792,44.8954822928339,13.));
#2922=CARTESIAN_POINT('',(33.5000005066395,60.0000008940697,13.));
#2923=CARTESIAN_POINT('',(33.432040955792,44.8954822928339,10.));
#2924=CARTESIAN_POINT('Origin',(33.9320409557921,44.8954822928339,10.));
#2925=CARTESIAN_POINT('',(33.9320409557921,44.3954822928339,10.));
#2926=CARTESIAN_POINT('Origin',(33.9320409557921,44.8954822928339,10.));
#2927=CARTESIAN_POINT('',(33.9320409557921,44.3954822928339,13.));
#2928=CARTESIAN_POINT('Origin',(33.9320409557921,44.8954822928339,13.));
#2929=CARTESIAN_POINT('',(33.9320409557921,44.3954822928339,10.));
#2930=CARTESIAN_POINT('Origin',(49.9007752036501,44.1715378288258,10.));
#2931=CARTESIAN_POINT('',(49.9007752036501,44.1715378288258,10.));
#2932=CARTESIAN_POINT('',(33.9320409557921,44.3954822928339,10.));
#2933=CARTESIAN_POINT('',(49.9007752036501,44.1715378288258,13.));
#2934=CARTESIAN_POINT('',(33.9320409557921,44.3954822928339,13.));
#2935=CARTESIAN_POINT('',(49.9007752036501,44.1715378288258,10.));
#2936=CARTESIAN_POINT('Origin',(49.9007752036501,44.6715378288258,10.));
#2937=CARTESIAN_POINT('',(50.4007752036501,44.6715378288258,10.));
#2938=CARTESIAN_POINT('Origin',(49.9007752036501,44.6715378288258,10.));
#2939=CARTESIAN_POINT('',(50.4007752036501,44.6715378288258,13.));
#2940=CARTESIAN_POINT('Origin',(49.9007752036501,44.6715378288258,13.));
#2941=CARTESIAN_POINT('',(50.4007752036501,44.6715378288258,10.));
#2942=CARTESIAN_POINT('Origin',(50.2611621571158,59.9764896000985,10.));
#2943=CARTESIAN_POINT('',(50.2611621571158,59.9764896000985,10.));
#2944=CARTESIAN_POINT('',(50.2611621571158,59.9764896000985,10.));
#2945=CARTESIAN_POINT('',(50.2611621571158,59.9764896000985,13.));
#2946=CARTESIAN_POINT('',(50.2611621571158,59.9764896000985,13.));
#2947=CARTESIAN_POINT('',(50.2611621571158,59.9764896000985,10.));
#2948=CARTESIAN_POINT('Origin',(49.7611621571158,59.9764896000985,10.));
#2949=CARTESIAN_POINT('',(49.7611621571158,60.4764896000985,10.));
#2950=CARTESIAN_POINT('Origin',(49.7611621571158,59.9764896000985,10.));
#2951=CARTESIAN_POINT('',(49.7611621571158,60.4764896000985,13.));
#2952=CARTESIAN_POINT('Origin',(49.7611621571158,59.9764896000985,13.));
#2953=CARTESIAN_POINT('',(49.7611621571158,60.4764896000985,10.));
#2954=CARTESIAN_POINT('Origin',(34.0000005066395,60.5000008940697,10.));
#2955=CARTESIAN_POINT('',(34.0000005066395,60.5000008940697,10.));
#2956=CARTESIAN_POINT('',(34.0000005066395,60.5000008940697,10.));
#2957=CARTESIAN_POINT('',(34.0000005066395,60.5000008940697,13.));
#2958=CARTESIAN_POINT('',(34.0000005066395,60.5000008940697,13.));
#2959=CARTESIAN_POINT('',(34.0000005066395,60.5000008940697,10.));
#2960=CARTESIAN_POINT('Origin',(34.0000005066395,60.0000008940697,10.));
#2961=CARTESIAN_POINT('Origin',(34.0000005066395,60.0000008940697,10.));
#2962=CARTESIAN_POINT('Origin',(34.0000005066395,60.0000008940697,13.));
#2963=CARTESIAN_POINT('Origin',(33.2756457573691,25.5470055427422,10.));
#2964=CARTESIAN_POINT('',(33.2756457573691,25.5470055427422,10.));
#2965=CARTESIAN_POINT('',(33.5000005066395,41.0000006109476,10.));
#2966=CARTESIAN_POINT('',(33.5000005066395,41.0000006109476,10.));
#2967=CARTESIAN_POINT('',(33.5000005066395,41.0000006109476,13.));
#2968=CARTESIAN_POINT('',(33.5000005066395,41.0000006109476,10.));
#2969=CARTESIAN_POINT('',(33.2756457573691,25.5470055427422,13.));
#2970=CARTESIAN_POINT('',(33.5000005066395,41.0000006109476,13.));
#2971=CARTESIAN_POINT('',(33.2756457573691,25.5470055427422,10.));
#2972=CARTESIAN_POINT('Origin',(33.7756457573691,25.5470055427422,10.));
#2973=CARTESIAN_POINT('',(33.7756457573691,25.0470055427422,10.));
#2974=CARTESIAN_POINT('Origin',(33.7756457573691,25.5470055427422,10.));
#2975=CARTESIAN_POINT('',(33.7756457573691,25.0470055427422,13.));
#2976=CARTESIAN_POINT('Origin',(33.7756457573691,25.5470055427422,13.));
#2977=CARTESIAN_POINT('',(33.7756457573691,25.0470055427422,10.));
#2978=CARTESIAN_POINT('Origin',(49.6861759100037,25.2096418342634,10.));
#2979=CARTESIAN_POINT('',(49.6861759100037,25.2096418342634,10.));
#2980=CARTESIAN_POINT('',(33.7756457573691,25.0470055427422,10.));
#2981=CARTESIAN_POINT('',(49.6861759100037,25.2096418342634,13.));
#2982=CARTESIAN_POINT('',(33.7756457573691,25.0470055427422,13.));
#2983=CARTESIAN_POINT('',(49.6861759100037,25.2096418342634,10.));
#2984=CARTESIAN_POINT('Origin',(49.6861759100037,25.7096418342634,10.));
#2985=CARTESIAN_POINT('',(50.1861759100037,25.7096418342634,10.));
#2986=CARTESIAN_POINT('Origin',(49.6861759100037,25.7096418342634,10.));
#2987=CARTESIAN_POINT('',(50.1861759100037,25.7096418342634,13.));
#2988=CARTESIAN_POINT('Origin',(49.6861759100037,25.7096418342634,13.));
#2989=CARTESIAN_POINT('',(50.1861759100037,25.7096418342634,10.));
#2990=CARTESIAN_POINT('Origin',(50.2770396029993,40.8816028551264,10.));
#2991=CARTESIAN_POINT('',(50.2770396029993,40.8816028551264,10.));
#2992=CARTESIAN_POINT('',(50.2770396029993,40.8816028551264,10.));
#2993=CARTESIAN_POINT('',(50.2770396029993,40.8816028551264,13.));
#2994=CARTESIAN_POINT('',(50.2770396029993,40.8816028551264,13.));
#2995=CARTESIAN_POINT('',(50.2770396029993,40.8816028551264,10.));
#2996=CARTESIAN_POINT('Origin',(49.7770396029993,40.8816028551264,10.));
#2997=CARTESIAN_POINT('',(49.7770396029993,41.3816028551264,10.));
#2998=CARTESIAN_POINT('Origin',(49.7770396029993,40.8816028551264,10.));
#2999=CARTESIAN_POINT('',(49.7770396029993,41.3816028551264,13.));
#3000=CARTESIAN_POINT('Origin',(49.7770396029993,40.8816028551264,13.));
#3001=CARTESIAN_POINT('',(49.7770396029993,41.3816028551264,10.));
#3002=CARTESIAN_POINT('Origin',(34.0000005066395,41.5000006109476,10.));
#3003=CARTESIAN_POINT('',(34.0000005066395,41.5000006109476,10.));
#3004=CARTESIAN_POINT('',(34.0000005066395,41.5000006109476,10.));
#3005=CARTESIAN_POINT('',(34.0000005066395,41.5000006109476,13.));
#3006=CARTESIAN_POINT('',(34.0000005066395,41.5000006109476,13.));
#3007=CARTESIAN_POINT('',(34.0000005066395,41.5000006109476,10.));
#3008=CARTESIAN_POINT('Origin',(34.0000005066395,41.0000006109476,10.));
#3009=CARTESIAN_POINT('Origin',(34.0000005066395,41.0000006109476,10.));
#3010=CARTESIAN_POINT('Origin',(34.0000005066395,41.0000006109476,13.));
#3011=CARTESIAN_POINT('Origin',(3.7163574763318,38.8598192621462,10.));
#3012=CARTESIAN_POINT('',(3.7163574763318,38.8598192621462,10.));
#3013=CARTESIAN_POINT('',(3.73342729580006,51.875877406267,10.));
#3014=CARTESIAN_POINT('',(3.73342729580005,51.875877406267,10.));
#3015=CARTESIAN_POINT('',(3.73342729580006,51.875877406267,13.));
#3016=CARTESIAN_POINT('',(3.73342729580006,51.875877406267,10.));
#3017=CARTESIAN_POINT('',(3.7163574763318,38.8598192621462,13.));
#3018=CARTESIAN_POINT('',(3.73342729580005,51.875877406267,13.));
#3019=CARTESIAN_POINT('',(3.7163574763318,38.8598192621462,10.));
#3020=CARTESIAN_POINT('Origin',(4.00000005960465,39.0000005811453,10.));
#3021=CARTESIAN_POINT('',(4.23263979331939,38.7855648762378,10.));
#3022=CARTESIAN_POINT('Origin',(4.00000005960465,39.0000005811453,10.));
#3023=CARTESIAN_POINT('',(4.23263979331939,38.7855648762378,13.));
#3024=CARTESIAN_POINT('Origin',(4.00000005960465,39.0000005811453,13.));
#3025=CARTESIAN_POINT('',(4.23263979331939,38.7855648762378,10.));
#3026=CARTESIAN_POINT('Origin',(19.0000002831221,38.5000005811453,10.));
#3027=CARTESIAN_POINT('',(19.0000002831221,38.5000005811453,10.));
#3028=CARTESIAN_POINT('',(4.23263979331937,38.7855648762378,10.));
#3029=CARTESIAN_POINT('',(19.0000002831221,38.5000005811453,13.));
#3030=CARTESIAN_POINT('',(4.23263979331937,38.7855648762378,13.));
#3031=CARTESIAN_POINT('',(19.0000002831221,38.5000005811453,10.));
#3032=CARTESIAN_POINT('Origin',(19.0000002831221,39.0000005811453,10.));
#3033=CARTESIAN_POINT('',(19.5000002831221,39.0000005811453,10.));
#3034=CARTESIAN_POINT('Origin',(19.0000002831221,39.0000005811453,10.));
#3035=CARTESIAN_POINT('',(19.5000002831221,39.0000005811453,13.));
#3036=CARTESIAN_POINT('Origin',(19.0000002831221,39.0000005811453,13.));
#3037=CARTESIAN_POINT('',(19.5000002831221,39.0000005811453,10.));
#3038=CARTESIAN_POINT('Origin',(19.5000002831221,52.0000007748604,10.));
#3039=CARTESIAN_POINT('',(19.5000002831221,52.0000007748604,10.));
#3040=CARTESIAN_POINT('',(19.5000002831221,52.0000007748604,10.));
#3041=CARTESIAN_POINT('',(19.5000002831221,52.0000007748604,13.));
#3042=CARTESIAN_POINT('',(19.5000002831221,52.0000007748604,13.));
#3043=CARTESIAN_POINT('',(19.5000002831221,52.0000007748604,10.));
#3044=CARTESIAN_POINT('Origin',(19.0000002831221,52.0000007748604,10.));
#3045=CARTESIAN_POINT('',(19.0000002831221,52.5000007748604,10.));
#3046=CARTESIAN_POINT('Origin',(19.0000002831221,52.0000007748604,10.));
#3047=CARTESIAN_POINT('',(19.0000002831221,52.5000007748604,13.));
#3048=CARTESIAN_POINT('Origin',(19.0000002831221,52.0000007748604,13.));
#3049=CARTESIAN_POINT('',(19.0000002831221,52.5000007748604,10.));
#3050=CARTESIAN_POINT('Origin',(4.23342729580005,52.375877406267,10.));
#3051=CARTESIAN_POINT('',(4.23342729580005,52.375877406267,10.));
#3052=CARTESIAN_POINT('',(4.23342729580005,52.375877406267,10.));
#3053=CARTESIAN_POINT('',(4.23342729580005,52.375877406267,13.));
#3054=CARTESIAN_POINT('',(4.23342729580005,52.375877406267,13.));
#3055=CARTESIAN_POINT('',(4.23342729580005,52.375877406267,10.));
#3056=CARTESIAN_POINT('Origin',(4.23342729580005,51.875877406267,10.));
#3057=CARTESIAN_POINT('Origin',(4.23342729580005,51.875877406267,10.));
#3058=CARTESIAN_POINT('Origin',(4.23342729580005,51.875877406267,13.));
#3059=CARTESIAN_POINT('Origin',(105.618307284125,75.753490428308,10.));
#3060=CARTESIAN_POINT('',(-8.497174262382,75.7641059618857,10.));
#3061=CARTESIAN_POINT('',(105.618307284125,75.753490428308,10.));
#3062=CARTESIAN_POINT('',(-8.497174262382,75.7641059618857,10.));
#3063=CARTESIAN_POINT('',(-8.497174262382,75.7641059618857,13.));
#3064=CARTESIAN_POINT('',(-8.497174262382,75.7641059618857,10.));
#3065=CARTESIAN_POINT('',(105.618307284125,75.753490428308,13.));
#3066=CARTESIAN_POINT('',(-8.497174262382,75.7641059618857,13.));
#3067=CARTESIAN_POINT('',(105.618307284125,75.753490428308,10.));
#3068=CARTESIAN_POINT('Origin',(105.599997639656,-9.89999977871775,10.));
#3069=CARTESIAN_POINT('',(105.599997639656,-9.89999977871776,10.));
#3070=CARTESIAN_POINT('',(105.618307284125,75.753490428308,10.));
#3071=CARTESIAN_POINT('',(105.599997639656,-9.89999977871776,13.));
#3072=CARTESIAN_POINT('',(105.618307284125,75.753490428308,13.));
#3073=CARTESIAN_POINT('',(105.599997639656,-9.89999977871776,10.));
#3074=CARTESIAN_POINT('Origin',(-8.52741050445246,-9.89562165431899,10.));
#3075=CARTESIAN_POINT('',(-8.52741050445246,-9.89562165431899,10.));
#3076=CARTESIAN_POINT('',(-8.52741050445246,-9.89562165431899,10.));
#3077=CARTESIAN_POINT('',(-8.52741050445246,-9.89562165431899,13.));
#3078=CARTESIAN_POINT('',(-8.52741050445246,-9.89562165431899,13.));
#3079=CARTESIAN_POINT('',(-8.52741050445246,-9.89562165431899,10.));
#3080=CARTESIAN_POINT('Origin',(-8.497174262382,75.7641059618857,10.));
#3081=CARTESIAN_POINT('',(-8.497174262382,75.7641059618857,10.));
#3082=CARTESIAN_POINT('',(-8.497174262382,75.7641059618857,13.));
#3083=CARTESIAN_POINT('Origin',(48.5454483898362,32.932053091584,13.));
#3084=CARTESIAN_POINT('Origin',(48.5454483898362,32.932053091584,10.));
#3085=UNCERTAINTY_MEASURE_WITH_UNIT(LENGTH_MEASURE(0.01),#3089,
'DISTANCE_ACCURACY_VALUE',
'Maximum model space distance between geometric entities at asserted c
onnectivities');
#3086=UNCERTAINTY_MEASURE_WITH_UNIT(LENGTH_MEASURE(0.01),#3089,
'DISTANCE_ACCURACY_VALUE',
'Maximum model space distance between geometric entities at asserted c
onnectivities');
#3087=(
GEOMETRIC_REPRESENTATION_CONTEXT(3)
GLOBAL_UNCERTAINTY_ASSIGNED_CONTEXT((#3085))
GLOBAL_UNIT_ASSIGNED_CONTEXT((#3089,#3090,#3091))
REPRESENTATION_CONTEXT('','3D')
);
#3088=(
GEOMETRIC_REPRESENTATION_CONTEXT(3)
GLOBAL_UNCERTAINTY_ASSIGNED_CONTEXT((#3086))
GLOBAL_UNIT_ASSIGNED_CONTEXT((#3089,#3090,#3091))
REPRESENTATION_CONTEXT('','3D')
);
#3089=(
LENGTH_UNIT()
NAMED_UNIT(*)
SI_UNIT(.MILLI.,.METRE.)
);
#3090=(
NAMED_UNIT(*)
PLANE_ANGLE_UNIT()
SI_UNIT($,.RADIAN.)
);
#3091=(
NAMED_UNIT(*)
SI_UNIT($,.STERADIAN.)
SOLID_ANGLE_UNIT()
);
#3092=SHAPE_DEFINITION_REPRESENTATION(#3093,#3094);
#3093=PRODUCT_DEFINITION_SHAPE('',$,#3096);
#3094=SHAPE_REPRESENTATION('',(#1841),#3087);
#3095=PRODUCT_DEFINITION_CONTEXT('part definition',#3100,'design');
#3096=PRODUCT_DEFINITION('2026-08-16-17-15-37-049','AmateurPad',#3097,#3095);
#3097=PRODUCT_DEFINITION_FORMATION('',$,#3102);
#3098=PRODUCT_RELATED_PRODUCT_CATEGORY('AmateurPad','AmateurPad',(#3102));
#3099=APPLICATION_PROTOCOL_DEFINITION('international standard',
'automotive_design',2009,#3100);
#3100=APPLICATION_CONTEXT(
'Core Data for Automotive Mechanical Design Process');
#3101=PRODUCT_CONTEXT('part definition',#3100,'mechanical');
#3102=PRODUCT('2026-08-16-17-15-37-049','AmateurPad',$,(#3101));
#3103=PRESENTATION_STYLE_ASSIGNMENT((#3107));
#3104=PRESENTATION_STYLE_ASSIGNMENT((#3108));
#3105=PRESENTATION_STYLE_ASSIGNMENT((#3109));
#3106=PRESENTATION_STYLE_ASSIGNMENT((#3110));
#3107=SURFACE_STYLE_USAGE(.BOTH.,#3111);
#3108=SURFACE_STYLE_USAGE(.BOTH.,#3112);
#3109=SURFACE_STYLE_USAGE(.BOTH.,#3113);
#3110=SURFACE_STYLE_USAGE(.BOTH.,#3114);
#3111=SURFACE_SIDE_STYLE('',(#3115));
#3112=SURFACE_SIDE_STYLE('',(#3116));
#3113=SURFACE_SIDE_STYLE('',(#3117));
#3114=SURFACE_SIDE_STYLE('',(#3118));
#3115=SURFACE_STYLE_FILL_AREA(#3119);
#3116=SURFACE_STYLE_FILL_AREA(#3120);
#3117=SURFACE_STYLE_FILL_AREA(#3121);
#3118=SURFACE_STYLE_FILL_AREA(#3122);
#3119=FILL_AREA_STYLE('Steel - Satin',(#3123));
#3120=FILL_AREA_STYLE('Plastic - Translucent Matte (Red)',(#3124));
#3121=FILL_AREA_STYLE('Tough 2000 (with Formlabs SLA 3D Printers)',(#3125));
#3122=FILL_AREA_STYLE('Plastic - Translucent Glossy (Red)',(#3126));
#3123=FILL_AREA_STYLE_COLOUR('Steel - Satin',#3127);
#3124=FILL_AREA_STYLE_COLOUR('Plastic - Translucent Matte (Red)',#3128);
#3125=FILL_AREA_STYLE_COLOUR(
'Tough 2000 (with Formlabs SLA 3D Printers)',#3129);
#3126=FILL_AREA_STYLE_COLOUR('Plastic - Translucent Glossy (Red)',#3130);
#3127=COLOUR_RGB('Steel - Satin',0.627450980392157,0.627450980392157,0.627450980392157);
#3128=COLOUR_RGB('Plastic - Translucent Matte (Red)',0.768627450980392,
0.207843137254902,0.152941176470588);
#3129=COLOUR_RGB('Tough 2000 (with Formlabs SLA 3D Printers)',0.247058823529412,
0.247058823529412,0.247058823529412);
#3130=COLOUR_RGB('Plastic - Translucent Glossy (Red)',0.768627450980392,
0.207843137254902,0.152941176470588);
ENDSEC;
END-ISO-10303-21;
