ISO-10303-21;
HEADER;
/* Generated by software containing ST-Developer
 * from STEP Tools, Inc. (www.steptools.com) 
 */

FILE_DESCRIPTION(
/* description */ (''),
/* implementation_level */ '2;1');

FILE_NAME(
/* name */ 'top.step',
/* time_stamp */ '2026-08-19T19:03:45+01:00',
/* author */ (''),
/* organization */ (''),
/* preprocessor_version */ 'ST-DEVELOPER v20.1',
/* originating_system */ 'Autodesk Translation Framework v15.8.0.0',
/* authorisation */ '');

FILE_SCHEMA (('AUTOMOTIVE_DESIGN { 1 0 10303 214 3 1 1 }'));
ENDSEC;

DATA;
#10=MECHANICAL_DESIGN_GEOMETRIC_PRESENTATION_REPRESENTATION('',(#42,#43),
#2851);
#11=SHAPE_REPRESENTATION_RELATIONSHIP('SRR','None',#2857,#12);
#12=ADVANCED_BREP_SHAPE_REPRESENTATION('',(#13),#2850);
#13=MANIFOLD_SOLID_BREP('Body10',#1699);
#14=FACE_BOUND('',#251,.T.);
#15=FACE_BOUND('',#252,.T.);
#16=FACE_BOUND('',#253,.T.);
#17=FACE_BOUND('',#254,.T.);
#18=FACE_BOUND('',#255,.T.);
#19=FACE_BOUND('',#256,.T.);
#20=FACE_BOUND('',#257,.T.);
#21=FACE_BOUND('',#258,.T.);
#22=FACE_BOUND('',#259,.T.);
#23=FACE_BOUND('',#260,.T.);
#24=FACE_BOUND('',#261,.T.);
#25=FACE_BOUND('',#262,.T.);
#26=FACE_BOUND('',#263,.T.);
#27=FACE_BOUND('',#264,.T.);
#28=FACE_BOUND('',#266,.T.);
#29=FACE_BOUND('',#267,.T.);
#30=FACE_BOUND('',#268,.T.);
#31=FACE_BOUND('',#269,.T.);
#32=FACE_BOUND('',#270,.T.);
#33=FACE_BOUND('',#271,.T.);
#34=FACE_BOUND('',#272,.T.);
#35=FACE_BOUND('',#273,.T.);
#36=FACE_BOUND('',#274,.T.);
#37=FACE_BOUND('',#275,.T.);
#38=FACE_BOUND('',#276,.T.);
#39=FACE_BOUND('',#277,.T.);
#40=FACE_BOUND('',#278,.T.);
#41=FACE_BOUND('',#279,.T.);
#42=STYLED_ITEM('',(#2873),#1697);
#43=STYLED_ITEM('',(#2873),#13);
#44=PLANE('',#1716);
#45=PLANE('',#1720);
#46=PLANE('',#1724);
#47=PLANE('',#1728);
#48=PLANE('',#1732);
#49=PLANE('',#1736);
#50=PLANE('',#1740);
#51=PLANE('',#1744);
#52=PLANE('',#1748);
#53=PLANE('',#1752);
#54=PLANE('',#1756);
#55=PLANE('',#1760);
#56=PLANE('',#1764);
#57=PLANE('',#1768);
#58=PLANE('',#1772);
#59=PLANE('',#1776);
#60=PLANE('',#1780);
#61=PLANE('',#1784);
#62=PLANE('',#1788);
#63=PLANE('',#1792);
#64=PLANE('',#1796);
#65=PLANE('',#1800);
#66=PLANE('',#1804);
#67=PLANE('',#1808);
#68=PLANE('',#1812);
#69=PLANE('',#1816);
#70=PLANE('',#1820);
#71=PLANE('',#1824);
#72=PLANE('',#1828);
#73=PLANE('',#1832);
#74=PLANE('',#1836);
#75=PLANE('',#1840);
#76=PLANE('',#1844);
#77=PLANE('',#1848);
#78=PLANE('',#1852);
#79=PLANE('',#1856);
#80=PLANE('',#1860);
#81=PLANE('',#1861);
#82=PLANE('',#1862);
#83=PLANE('',#1863);
#84=PLANE('',#1864);
#85=PLANE('',#1865);
#86=FACE_OUTER_BOUND('',#169,.T.);
#87=FACE_OUTER_BOUND('',#170,.T.);
#88=FACE_OUTER_BOUND('',#171,.T.);
#89=FACE_OUTER_BOUND('',#172,.T.);
#90=FACE_OUTER_BOUND('',#173,.T.);
#91=FACE_OUTER_BOUND('',#174,.T.);
#92=FACE_OUTER_BOUND('',#175,.T.);
#93=FACE_OUTER_BOUND('',#176,.T.);
#94=FACE_OUTER_BOUND('',#177,.T.);
#95=FACE_OUTER_BOUND('',#178,.T.);
#96=FACE_OUTER_BOUND('',#179,.T.);
#97=FACE_OUTER_BOUND('',#180,.T.);
#98=FACE_OUTER_BOUND('',#181,.T.);
#99=FACE_OUTER_BOUND('',#182,.T.);
#100=FACE_OUTER_BOUND('',#183,.T.);
#101=FACE_OUTER_BOUND('',#184,.T.);
#102=FACE_OUTER_BOUND('',#185,.T.);
#103=FACE_OUTER_BOUND('',#186,.T.);
#104=FACE_OUTER_BOUND('',#187,.T.);
#105=FACE_OUTER_BOUND('',#188,.T.);
#106=FACE_OUTER_BOUND('',#189,.T.);
#107=FACE_OUTER_BOUND('',#190,.T.);
#108=FACE_OUTER_BOUND('',#191,.T.);
#109=FACE_OUTER_BOUND('',#192,.T.);
#110=FACE_OUTER_BOUND('',#193,.T.);
#111=FACE_OUTER_BOUND('',#194,.T.);
#112=FACE_OUTER_BOUND('',#195,.T.);
#113=FACE_OUTER_BOUND('',#196,.T.);
#114=FACE_OUTER_BOUND('',#197,.T.);
#115=FACE_OUTER_BOUND('',#198,.T.);
#116=FACE_OUTER_BOUND('',#199,.T.);
#117=FACE_OUTER_BOUND('',#200,.T.);
#118=FACE_OUTER_BOUND('',#201,.T.);
#119=FACE_OUTER_BOUND('',#202,.T.);
#120=FACE_OUTER_BOUND('',#203,.T.);
#121=FACE_OUTER_BOUND('',#204,.T.);
#122=FACE_OUTER_BOUND('',#205,.T.);
#123=FACE_OUTER_BOUND('',#206,.T.);
#124=FACE_OUTER_BOUND('',#207,.T.);
#125=FACE_OUTER_BOUND('',#208,.T.);
#126=FACE_OUTER_BOUND('',#209,.T.);
#127=FACE_OUTER_BOUND('',#210,.T.);
#128=FACE_OUTER_BOUND('',#211,.T.);
#129=FACE_OUTER_BOUND('',#212,.T.);
#130=FACE_OUTER_BOUND('',#213,.T.);
#131=FACE_OUTER_BOUND('',#214,.T.);
#132=FACE_OUTER_BOUND('',#215,.T.);
#133=FACE_OUTER_BOUND('',#216,.T.);
#134=FACE_OUTER_BOUND('',#217,.T.);
#135=FACE_OUTER_BOUND('',#218,.T.);
#136=FACE_OUTER_BOUND('',#219,.T.);
#137=FACE_OUTER_BOUND('',#220,.T.);
#138=FACE_OUTER_BOUND('',#221,.T.);
#139=FACE_OUTER_BOUND('',#222,.T.);
#140=FACE_OUTER_BOUND('',#223,.T.);
#141=FACE_OUTER_BOUND('',#224,.T.);
#142=FACE_OUTER_BOUND('',#225,.T.);
#143=FACE_OUTER_BOUND('',#226,.T.);
#144=FACE_OUTER_BOUND('',#227,.T.);
#145=FACE_OUTER_BOUND('',#228,.T.);
#146=FACE_OUTER_BOUND('',#229,.T.);
#147=FACE_OUTER_BOUND('',#230,.T.);
#148=FACE_OUTER_BOUND('',#231,.T.);
#149=FACE_OUTER_BOUND('',#232,.T.);
#150=FACE_OUTER_BOUND('',#233,.T.);
#151=FACE_OUTER_BOUND('',#234,.T.);
#152=FACE_OUTER_BOUND('',#235,.T.);
#153=FACE_OUTER_BOUND('',#236,.T.);
#154=FACE_OUTER_BOUND('',#237,.T.);
#155=FACE_OUTER_BOUND('',#238,.T.);
#156=FACE_OUTER_BOUND('',#239,.T.);
#157=FACE_OUTER_BOUND('',#240,.T.);
#158=FACE_OUTER_BOUND('',#241,.T.);
#159=FACE_OUTER_BOUND('',#242,.T.);
#160=FACE_OUTER_BOUND('',#243,.T.);
#161=FACE_OUTER_BOUND('',#244,.T.);
#162=FACE_OUTER_BOUND('',#245,.T.);
#163=FACE_OUTER_BOUND('',#246,.T.);
#164=FACE_OUTER_BOUND('',#247,.T.);
#165=FACE_OUTER_BOUND('',#248,.T.);
#166=FACE_OUTER_BOUND('',#249,.T.);
#167=FACE_OUTER_BOUND('',#250,.T.);
#168=FACE_OUTER_BOUND('',#265,.T.);
#169=EDGE_LOOP('',(#1089,#1090,#1091,#1092));
#170=EDGE_LOOP('',(#1093,#1094,#1095,#1096));
#171=EDGE_LOOP('',(#1097,#1098,#1099,#1100));
#172=EDGE_LOOP('',(#1101,#1102,#1103,#1104));
#173=EDGE_LOOP('',(#1105,#1106,#1107,#1108));
#174=EDGE_LOOP('',(#1109,#1110,#1111,#1112));
#175=EDGE_LOOP('',(#1113,#1114,#1115,#1116));
#176=EDGE_LOOP('',(#1117,#1118,#1119,#1120));
#177=EDGE_LOOP('',(#1121,#1122,#1123,#1124));
#178=EDGE_LOOP('',(#1125,#1126,#1127,#1128));
#179=EDGE_LOOP('',(#1129,#1130,#1131,#1132));
#180=EDGE_LOOP('',(#1133,#1134,#1135,#1136));
#181=EDGE_LOOP('',(#1137,#1138,#1139,#1140));
#182=EDGE_LOOP('',(#1141,#1142,#1143,#1144));
#183=EDGE_LOOP('',(#1145,#1146,#1147,#1148));
#184=EDGE_LOOP('',(#1149,#1150,#1151,#1152));
#185=EDGE_LOOP('',(#1153,#1154,#1155,#1156));
#186=EDGE_LOOP('',(#1157,#1158,#1159,#1160));
#187=EDGE_LOOP('',(#1161,#1162,#1163,#1164));
#188=EDGE_LOOP('',(#1165,#1166,#1167,#1168));
#189=EDGE_LOOP('',(#1169,#1170,#1171,#1172));
#190=EDGE_LOOP('',(#1173,#1174,#1175,#1176));
#191=EDGE_LOOP('',(#1177,#1178,#1179,#1180));
#192=EDGE_LOOP('',(#1181,#1182,#1183,#1184));
#193=EDGE_LOOP('',(#1185,#1186,#1187,#1188));
#194=EDGE_LOOP('',(#1189,#1190,#1191,#1192));
#195=EDGE_LOOP('',(#1193,#1194,#1195,#1196));
#196=EDGE_LOOP('',(#1197,#1198,#1199,#1200));
#197=EDGE_LOOP('',(#1201,#1202,#1203,#1204));
#198=EDGE_LOOP('',(#1205,#1206,#1207,#1208));
#199=EDGE_LOOP('',(#1209,#1210,#1211,#1212));
#200=EDGE_LOOP('',(#1213,#1214,#1215,#1216));
#201=EDGE_LOOP('',(#1217,#1218,#1219,#1220));
#202=EDGE_LOOP('',(#1221,#1222,#1223,#1224));
#203=EDGE_LOOP('',(#1225,#1226,#1227,#1228));
#204=EDGE_LOOP('',(#1229,#1230,#1231,#1232));
#205=EDGE_LOOP('',(#1233,#1234,#1235,#1236));
#206=EDGE_LOOP('',(#1237,#1238,#1239,#1240));
#207=EDGE_LOOP('',(#1241,#1242,#1243,#1244));
#208=EDGE_LOOP('',(#1245,#1246,#1247,#1248));
#209=EDGE_LOOP('',(#1249,#1250,#1251,#1252));
#210=EDGE_LOOP('',(#1253,#1254,#1255,#1256));
#211=EDGE_LOOP('',(#1257,#1258,#1259,#1260));
#212=EDGE_LOOP('',(#1261,#1262,#1263,#1264));
#213=EDGE_LOOP('',(#1265,#1266,#1267,#1268));
#214=EDGE_LOOP('',(#1269,#1270,#1271,#1272));
#215=EDGE_LOOP('',(#1273,#1274,#1275,#1276));
#216=EDGE_LOOP('',(#1277,#1278,#1279,#1280));
#217=EDGE_LOOP('',(#1281,#1282,#1283,#1284));
#218=EDGE_LOOP('',(#1285,#1286,#1287,#1288));
#219=EDGE_LOOP('',(#1289,#1290,#1291,#1292));
#220=EDGE_LOOP('',(#1293,#1294,#1295,#1296));
#221=EDGE_LOOP('',(#1297,#1298,#1299,#1300));
#222=EDGE_LOOP('',(#1301,#1302,#1303,#1304));
#223=EDGE_LOOP('',(#1305,#1306,#1307,#1308));
#224=EDGE_LOOP('',(#1309,#1310,#1311,#1312));
#225=EDGE_LOOP('',(#1313,#1314,#1315,#1316));
#226=EDGE_LOOP('',(#1317,#1318,#1319,#1320));
#227=EDGE_LOOP('',(#1321,#1322,#1323,#1324));
#228=EDGE_LOOP('',(#1325,#1326,#1327,#1328));
#229=EDGE_LOOP('',(#1329,#1330,#1331,#1332));
#230=EDGE_LOOP('',(#1333,#1334,#1335,#1336));
#231=EDGE_LOOP('',(#1337,#1338,#1339,#1340));
#232=EDGE_LOOP('',(#1341,#1342,#1343,#1344));
#233=EDGE_LOOP('',(#1345,#1346,#1347,#1348));
#234=EDGE_LOOP('',(#1349,#1350,#1351,#1352));
#235=EDGE_LOOP('',(#1353,#1354,#1355,#1356));
#236=EDGE_LOOP('',(#1357,#1358,#1359,#1360));
#237=EDGE_LOOP('',(#1361,#1362,#1363,#1364));
#238=EDGE_LOOP('',(#1365,#1366,#1367,#1368));
#239=EDGE_LOOP('',(#1369,#1370,#1371,#1372));
#240=EDGE_LOOP('',(#1373,#1374,#1375,#1376));
#241=EDGE_LOOP('',(#1377,#1378,#1379,#1380));
#242=EDGE_LOOP('',(#1381,#1382,#1383,#1384));
#243=EDGE_LOOP('',(#1385,#1386,#1387,#1388));
#244=EDGE_LOOP('',(#1389,#1390,#1391,#1392));
#245=EDGE_LOOP('',(#1393,#1394,#1395,#1396));
#246=EDGE_LOOP('',(#1397,#1398,#1399,#1400));
#247=EDGE_LOOP('',(#1401,#1402,#1403,#1404));
#248=EDGE_LOOP('',(#1405,#1406,#1407,#1408));
#249=EDGE_LOOP('',(#1409,#1410,#1411,#1412));
#250=EDGE_LOOP('',(#1413,#1414,#1415,#1416));
#251=EDGE_LOOP('',(#1417));
#252=EDGE_LOOP('',(#1418));
#253=EDGE_LOOP('',(#1419,#1420,#1421,#1422,#1423,#1424,#1425,#1426));
#254=EDGE_LOOP('',(#1427,#1428,#1429,#1430,#1431,#1432,#1433,#1434));
#255=EDGE_LOOP('',(#1435,#1436,#1437,#1438,#1439,#1440,#1441,#1442));
#256=EDGE_LOOP('',(#1443,#1444,#1445,#1446,#1447,#1448,#1449,#1450));
#257=EDGE_LOOP('',(#1451,#1452,#1453,#1454,#1455,#1456,#1457,#1458));
#258=EDGE_LOOP('',(#1459,#1460,#1461,#1462,#1463,#1464,#1465,#1466));
#259=EDGE_LOOP('',(#1467,#1468,#1469,#1470,#1471,#1472,#1473,#1474));
#260=EDGE_LOOP('',(#1475,#1476,#1477,#1478,#1479,#1480,#1481,#1482));
#261=EDGE_LOOP('',(#1483,#1484,#1485,#1486,#1487,#1488,#1489,#1490));
#262=EDGE_LOOP('',(#1491));
#263=EDGE_LOOP('',(#1492));
#264=EDGE_LOOP('',(#1493));
#265=EDGE_LOOP('',(#1494,#1495,#1496,#1497));
#266=EDGE_LOOP('',(#1498));
#267=EDGE_LOOP('',(#1499));
#268=EDGE_LOOP('',(#1500,#1501,#1502,#1503,#1504,#1505,#1506,#1507));
#269=EDGE_LOOP('',(#1508,#1509,#1510,#1511,#1512,#1513,#1514,#1515));
#270=EDGE_LOOP('',(#1516,#1517,#1518,#1519,#1520,#1521,#1522,#1523));
#271=EDGE_LOOP('',(#1524,#1525,#1526,#1527,#1528,#1529,#1530,#1531));
#272=EDGE_LOOP('',(#1532,#1533,#1534,#1535,#1536,#1537,#1538,#1539));
#273=EDGE_LOOP('',(#1540,#1541,#1542,#1543,#1544,#1545,#1546,#1547));
#274=EDGE_LOOP('',(#1548,#1549,#1550,#1551,#1552,#1553,#1554,#1555));
#275=EDGE_LOOP('',(#1556,#1557,#1558,#1559,#1560,#1561,#1562,#1563));
#276=EDGE_LOOP('',(#1564,#1565,#1566,#1567,#1568,#1569,#1570,#1571));
#277=EDGE_LOOP('',(#1572));
#278=EDGE_LOOP('',(#1573));
#279=EDGE_LOOP('',(#1574));
#280=LINE('',#2364,#441);
#281=LINE('',#2370,#442);
#282=LINE('',#2376,#443);
#283=LINE('',#2382,#444);
#284=LINE('',#2388,#445);
#285=LINE('',#2393,#446);
#286=LINE('',#2395,#447);
#287=LINE('',#2397,#448);
#288=LINE('',#2398,#449);
#289=LINE('',#2404,#450);
#290=LINE('',#2407,#451);
#291=LINE('',#2409,#452);
#292=LINE('',#2410,#453);
#293=LINE('',#2416,#454);
#294=LINE('',#2419,#455);
#295=LINE('',#2421,#456);
#296=LINE('',#2422,#457);
#297=LINE('',#2428,#458);
#298=LINE('',#2431,#459);
#299=LINE('',#2433,#460);
#300=LINE('',#2434,#461);
#301=LINE('',#2441,#462);
#302=LINE('',#2443,#463);
#303=LINE('',#2445,#464);
#304=LINE('',#2446,#465);
#305=LINE('',#2452,#466);
#306=LINE('',#2455,#467);
#307=LINE('',#2457,#468);
#308=LINE('',#2458,#469);
#309=LINE('',#2464,#470);
#310=LINE('',#2467,#471);
#311=LINE('',#2469,#472);
#312=LINE('',#2470,#473);
#313=LINE('',#2476,#474);
#314=LINE('',#2479,#475);
#315=LINE('',#2481,#476);
#316=LINE('',#2482,#477);
#317=LINE('',#2489,#478);
#318=LINE('',#2491,#479);
#319=LINE('',#2493,#480);
#320=LINE('',#2494,#481);
#321=LINE('',#2500,#482);
#322=LINE('',#2503,#483);
#323=LINE('',#2505,#484);
#324=LINE('',#2506,#485);
#325=LINE('',#2512,#486);
#326=LINE('',#2515,#487);
#327=LINE('',#2517,#488);
#328=LINE('',#2518,#489);
#329=LINE('',#2524,#490);
#330=LINE('',#2527,#491);
#331=LINE('',#2529,#492);
#332=LINE('',#2530,#493);
#333=LINE('',#2537,#494);
#334=LINE('',#2539,#495);
#335=LINE('',#2541,#496);
#336=LINE('',#2542,#497);
#337=LINE('',#2548,#498);
#338=LINE('',#2551,#499);
#339=LINE('',#2553,#500);
#340=LINE('',#2554,#501);
#341=LINE('',#2560,#502);
#342=LINE('',#2563,#503);
#343=LINE('',#2565,#504);
#344=LINE('',#2566,#505);
#345=LINE('',#2572,#506);
#346=LINE('',#2575,#507);
#347=LINE('',#2577,#508);
#348=LINE('',#2578,#509);
#349=LINE('',#2585,#510);
#350=LINE('',#2587,#511);
#351=LINE('',#2589,#512);
#352=LINE('',#2590,#513);
#353=LINE('',#2596,#514);
#354=LINE('',#2599,#515);
#355=LINE('',#2601,#516);
#356=LINE('',#2602,#517);
#357=LINE('',#2608,#518);
#358=LINE('',#2611,#519);
#359=LINE('',#2613,#520);
#360=LINE('',#2614,#521);
#361=LINE('',#2620,#522);
#362=LINE('',#2623,#523);
#363=LINE('',#2625,#524);
#364=LINE('',#2626,#525);
#365=LINE('',#2633,#526);
#366=LINE('',#2635,#527);
#367=LINE('',#2637,#528);
#368=LINE('',#2638,#529);
#369=LINE('',#2644,#530);
#370=LINE('',#2647,#531);
#371=LINE('',#2649,#532);
#372=LINE('',#2650,#533);
#373=LINE('',#2656,#534);
#374=LINE('',#2659,#535);
#375=LINE('',#2661,#536);
#376=LINE('',#2662,#537);
#377=LINE('',#2668,#538);
#378=LINE('',#2671,#539);
#379=LINE('',#2673,#540);
#380=LINE('',#2674,#541);
#381=LINE('',#2681,#542);
#382=LINE('',#2683,#543);
#383=LINE('',#2685,#544);
#384=LINE('',#2686,#545);
#385=LINE('',#2692,#546);
#386=LINE('',#2695,#547);
#387=LINE('',#2697,#548);
#388=LINE('',#2698,#549);
#389=LINE('',#2704,#550);
#390=LINE('',#2707,#551);
#391=LINE('',#2709,#552);
#392=LINE('',#2710,#553);
#393=LINE('',#2716,#554);
#394=LINE('',#2719,#555);
#395=LINE('',#2721,#556);
#396=LINE('',#2722,#557);
#397=LINE('',#2729,#558);
#398=LINE('',#2731,#559);
#399=LINE('',#2733,#560);
#400=LINE('',#2734,#561);
#401=LINE('',#2740,#562);
#402=LINE('',#2743,#563);
#403=LINE('',#2745,#564);
#404=LINE('',#2746,#565);
#405=LINE('',#2752,#566);
#406=LINE('',#2755,#567);
#407=LINE('',#2757,#568);
#408=LINE('',#2758,#569);
#409=LINE('',#2764,#570);
#410=LINE('',#2767,#571);
#411=LINE('',#2769,#572);
#412=LINE('',#2770,#573);
#413=LINE('',#2777,#574);
#414=LINE('',#2779,#575);
#415=LINE('',#2781,#576);
#416=LINE('',#2782,#577);
#417=LINE('',#2788,#578);
#418=LINE('',#2791,#579);
#419=LINE('',#2793,#580);
#420=LINE('',#2794,#581);
#421=LINE('',#2800,#582);
#422=LINE('',#2803,#583);
#423=LINE('',#2805,#584);
#424=LINE('',#2806,#585);
#425=LINE('',#2812,#586);
#426=LINE('',#2815,#587);
#427=LINE('',#2817,#588);
#428=LINE('',#2818,#589);
#429=LINE('',#2825,#590);
#430=LINE('',#2827,#591);
#431=LINE('',#2829,#592);
#432=LINE('',#2830,#593);
#433=LINE('',#2833,#594);
#434=LINE('',#2835,#595);
#435=LINE('',#2836,#596);
#436=LINE('',#2839,#597);
#437=LINE('',#2841,#598);
#438=LINE('',#2842,#599);
#439=LINE('',#2844,#600);
#440=LINE('',#2845,#601);
#441=VECTOR('',#1872,2.5);
#442=VECTOR('',#1879,2.5);
#443=VECTOR('',#1886,2.5);
#444=VECTOR('',#1893,2.5);
#445=VECTOR('',#1900,5.);
#446=VECTOR('',#1905,10.);
#447=VECTOR('',#1906,10.);
#448=VECTOR('',#1907,10.);
#449=VECTOR('',#1908,10.);
#450=VECTOR('',#1915,10.);
#451=VECTOR('',#1918,10.);
#452=VECTOR('',#1919,10.);
#453=VECTOR('',#1920,10.);
#454=VECTOR('',#1927,10.);
#455=VECTOR('',#1930,10.);
#456=VECTOR('',#1931,10.);
#457=VECTOR('',#1932,10.);
#458=VECTOR('',#1939,10.);
#459=VECTOR('',#1942,10.);
#460=VECTOR('',#1943,10.);
#461=VECTOR('',#1944,10.);
#462=VECTOR('',#1953,10.);
#463=VECTOR('',#1954,10.);
#464=VECTOR('',#1955,10.);
#465=VECTOR('',#1956,10.);
#466=VECTOR('',#1963,10.);
#467=VECTOR('',#1966,10.);
#468=VECTOR('',#1967,10.);
#469=VECTOR('',#1968,10.);
#470=VECTOR('',#1975,10.);
#471=VECTOR('',#1978,10.);
#472=VECTOR('',#1979,10.);
#473=VECTOR('',#1980,10.);
#474=VECTOR('',#1987,10.);
#475=VECTOR('',#1990,10.);
#476=VECTOR('',#1991,10.);
#477=VECTOR('',#1992,10.);
#478=VECTOR('',#2001,10.);
#479=VECTOR('',#2002,10.);
#480=VECTOR('',#2003,10.);
#481=VECTOR('',#2004,10.);
#482=VECTOR('',#2011,10.);
#483=VECTOR('',#2014,10.);
#484=VECTOR('',#2015,10.);
#485=VECTOR('',#2016,10.);
#486=VECTOR('',#2023,10.);
#487=VECTOR('',#2026,10.);
#488=VECTOR('',#2027,10.);
#489=VECTOR('',#2028,10.);
#490=VECTOR('',#2035,10.);
#491=VECTOR('',#2038,10.);
#492=VECTOR('',#2039,10.);
#493=VECTOR('',#2040,10.);
#494=VECTOR('',#2049,10.);
#495=VECTOR('',#2050,10.);
#496=VECTOR('',#2051,10.);
#497=VECTOR('',#2052,10.);
#498=VECTOR('',#2059,10.);
#499=VECTOR('',#2062,10.);
#500=VECTOR('',#2063,10.);
#501=VECTOR('',#2064,10.);
#502=VECTOR('',#2071,10.);
#503=VECTOR('',#2074,10.);
#504=VECTOR('',#2075,10.);
#505=VECTOR('',#2076,10.);
#506=VECTOR('',#2083,10.);
#507=VECTOR('',#2086,10.);
#508=VECTOR('',#2087,10.);
#509=VECTOR('',#2088,10.);
#510=VECTOR('',#2097,10.);
#511=VECTOR('',#2098,10.);
#512=VECTOR('',#2099,10.);
#513=VECTOR('',#2100,10.);
#514=VECTOR('',#2107,10.);
#515=VECTOR('',#2110,10.);
#516=VECTOR('',#2111,10.);
#517=VECTOR('',#2112,10.);
#518=VECTOR('',#2119,10.);
#519=VECTOR('',#2122,10.);
#520=VECTOR('',#2123,10.);
#521=VECTOR('',#2124,10.);
#522=VECTOR('',#2131,10.);
#523=VECTOR('',#2134,10.);
#524=VECTOR('',#2135,10.);
#525=VECTOR('',#2136,10.);
#526=VECTOR('',#2145,10.);
#527=VECTOR('',#2146,10.);
#528=VECTOR('',#2147,10.);
#529=VECTOR('',#2148,10.);
#530=VECTOR('',#2155,10.);
#531=VECTOR('',#2158,10.);
#532=VECTOR('',#2159,10.);
#533=VECTOR('',#2160,10.);
#534=VECTOR('',#2167,10.);
#535=VECTOR('',#2170,10.);
#536=VECTOR('',#2171,10.);
#537=VECTOR('',#2172,10.);
#538=VECTOR('',#2179,10.);
#539=VECTOR('',#2182,10.);
#540=VECTOR('',#2183,10.);
#541=VECTOR('',#2184,10.);
#542=VECTOR('',#2193,10.);
#543=VECTOR('',#2194,10.);
#544=VECTOR('',#2195,10.);
#545=VECTOR('',#2196,10.);
#546=VECTOR('',#2203,10.);
#547=VECTOR('',#2206,10.);
#548=VECTOR('',#2207,10.);
#549=VECTOR('',#2208,10.);
#550=VECTOR('',#2215,10.);
#551=VECTOR('',#2218,10.);
#552=VECTOR('',#2219,10.);
#553=VECTOR('',#2220,10.);
#554=VECTOR('',#2227,10.);
#555=VECTOR('',#2230,10.);
#556=VECTOR('',#2231,10.);
#557=VECTOR('',#2232,10.);
#558=VECTOR('',#2241,10.);
#559=VECTOR('',#2242,10.);
#560=VECTOR('',#2243,10.);
#561=VECTOR('',#2244,10.);
#562=VECTOR('',#2251,10.);
#563=VECTOR('',#2254,10.);
#564=VECTOR('',#2255,10.);
#565=VECTOR('',#2256,10.);
#566=VECTOR('',#2263,10.);
#567=VECTOR('',#2266,10.);
#568=VECTOR('',#2267,10.);
#569=VECTOR('',#2268,10.);
#570=VECTOR('',#2275,10.);
#571=VECTOR('',#2278,10.);
#572=VECTOR('',#2279,10.);
#573=VECTOR('',#2280,10.);
#574=VECTOR('',#2289,10.);
#575=VECTOR('',#2290,10.);
#576=VECTOR('',#2291,10.);
#577=VECTOR('',#2292,10.);
#578=VECTOR('',#2299,10.);
#579=VECTOR('',#2302,10.);
#580=VECTOR('',#2303,10.);
#581=VECTOR('',#2304,10.);
#582=VECTOR('',#2311,10.);
#583=VECTOR('',#2314,10.);
#584=VECTOR('',#2315,10.);
#585=VECTOR('',#2316,10.);
#586=VECTOR('',#2323,10.);
#587=VECTOR('',#2326,10.);
#588=VECTOR('',#2327,10.);
#589=VECTOR('',#2328,10.);
#590=VECTOR('',#2337,10.);
#591=VECTOR('',#2338,10.);
#592=VECTOR('',#2339,10.);
#593=VECTOR('',#2340,10.);
#594=VECTOR('',#2343,10.);
#595=VECTOR('',#2344,10.);
#596=VECTOR('',#2345,10.);
#597=VECTOR('',#2348,10.);
#598=VECTOR('',#2349,10.);
#599=VECTOR('',#2350,10.);
#600=VECTOR('',#2353,10.);
#601=VECTOR('',#2354,10.);
#602=CIRCLE('',#1702,2.5);
#603=CIRCLE('',#1703,2.5);
#604=CIRCLE('',#1705,2.5);
#605=CIRCLE('',#1706,2.5);
#606=CIRCLE('',#1708,2.5);
#607=CIRCLE('',#1709,2.5);
#608=CIRCLE('',#1711,2.5);
#609=CIRCLE('',#1712,2.5);
#610=CIRCLE('',#1714,5.);
#611=CIRCLE('',#1715,5.);
#612=CIRCLE('',#1718,0.500000000000003);
#613=CIRCLE('',#1719,0.500000000000003);
#614=CIRCLE('',#1722,0.500000000000003);
#615=CIRCLE('',#1723,0.500000000000003);
#616=CIRCLE('',#1726,0.499999999999998);
#617=CIRCLE('',#1727,0.499999999999998);
#618=CIRCLE('',#1730,0.499999999999989);
#619=CIRCLE('',#1731,0.499999999999989);
#620=CIRCLE('',#1734,0.499999999999998);
#621=CIRCLE('',#1735,0.499999999999998);
#622=CIRCLE('',#1738,0.499999999999998);
#623=CIRCLE('',#1739,0.499999999999998);
#624=CIRCLE('',#1742,0.500000000000007);
#625=CIRCLE('',#1743,0.500000000000007);
#626=CIRCLE('',#1746,0.499999999999998);
#627=CIRCLE('',#1747,0.499999999999998);
#628=CIRCLE('',#1750,0.500000000000003);
#629=CIRCLE('',#1751,0.500000000000003);
#630=CIRCLE('',#1754,0.499999999999998);
#631=CIRCLE('',#1755,0.499999999999998);
#632=CIRCLE('',#1758,0.499999999999998);
#633=CIRCLE('',#1759,0.499999999999998);
#634=CIRCLE('',#1762,0.499999999999998);
#635=CIRCLE('',#1763,0.499999999999998);
#636=CIRCLE('',#1766,0.499999999999998);
#637=CIRCLE('',#1767,0.499999999999998);
#638=CIRCLE('',#1770,0.500000000000003);
#639=CIRCLE('',#1771,0.500000000000003);
#640=CIRCLE('',#1774,0.500000000000007);
#641=CIRCLE('',#1775,0.500000000000007);
#642=CIRCLE('',#1778,0.499999999999989);
#643=CIRCLE('',#1779,0.499999999999989);
#644=CIRCLE('',#1782,0.500000000000007);
#645=CIRCLE('',#1783,0.500000000000007);
#646=CIRCLE('',#1786,0.499999999999997);
#647=CIRCLE('',#1787,0.499999999999997);
#648=CIRCLE('',#1790,0.499999999999998);
#649=CIRCLE('',#1791,0.499999999999998);
#650=CIRCLE('',#1794,0.499999999999998);
#651=CIRCLE('',#1795,0.499999999999998);
#652=CIRCLE('',#1798,0.499999999999994);
#653=CIRCLE('',#1799,0.499999999999994);
#654=CIRCLE('',#1802,0.499999999999998);
#655=CIRCLE('',#1803,0.499999999999998);
#656=CIRCLE('',#1806,0.499999999999998);
#657=CIRCLE('',#1807,0.499999999999998);
#658=CIRCLE('',#1810,0.499999999999998);
#659=CIRCLE('',#1811,0.499999999999998);
#660=CIRCLE('',#1814,0.500000000000007);
#661=CIRCLE('',#1815,0.500000000000007);
#662=CIRCLE('',#1818,0.500000000000003);
#663=CIRCLE('',#1819,0.500000000000003);
#664=CIRCLE('',#1822,0.499999999999998);
#665=CIRCLE('',#1823,0.499999999999998);
#666=CIRCLE('',#1826,0.499999999999989);
#667=CIRCLE('',#1827,0.499999999999989);
#668=CIRCLE('',#1830,0.499999999999998);
#669=CIRCLE('',#1831,0.499999999999998);
#670=CIRCLE('',#1834,0.499999999999997);
#671=CIRCLE('',#1835,0.499999999999997);
#672=CIRCLE('',#1838,0.500000000000007);
#673=CIRCLE('',#1839,0.500000000000007);
#674=CIRCLE('',#1842,0.499999999999998);
#675=CIRCLE('',#1843,0.499999999999998);
#676=CIRCLE('',#1846,0.500000000000007);
#677=CIRCLE('',#1847,0.500000000000007);
#678=CIRCLE('',#1850,0.499999999999998);
#679=CIRCLE('',#1851,0.499999999999998);
#680=CIRCLE('',#1854,0.499999999999998);
#681=CIRCLE('',#1855,0.499999999999998);
#682=CIRCLE('',#1858,0.499999999999998);
#683=CIRCLE('',#1859,0.499999999999998);
#684=VERTEX_POINT('',#2361);
#685=VERTEX_POINT('',#2363);
#686=VERTEX_POINT('',#2367);
#687=VERTEX_POINT('',#2369);
#688=VERTEX_POINT('',#2373);
#689=VERTEX_POINT('',#2375);
#690=VERTEX_POINT('',#2379);
#691=VERTEX_POINT('',#2381);
#692=VERTEX_POINT('',#2385);
#693=VERTEX_POINT('',#2387);
#694=VERTEX_POINT('',#2391);
#695=VERTEX_POINT('',#2392);
#696=VERTEX_POINT('',#2394);
#697=VERTEX_POINT('',#2396);
#698=VERTEX_POINT('',#2400);
#699=VERTEX_POINT('',#2402);
#700=VERTEX_POINT('',#2406);
#701=VERTEX_POINT('',#2408);
#702=VERTEX_POINT('',#2412);
#703=VERTEX_POINT('',#2414);
#704=VERTEX_POINT('',#2418);
#705=VERTEX_POINT('',#2420);
#706=VERTEX_POINT('',#2424);
#707=VERTEX_POINT('',#2426);
#708=VERTEX_POINT('',#2430);
#709=VERTEX_POINT('',#2432);
#710=VERTEX_POINT('',#2439);
#711=VERTEX_POINT('',#2440);
#712=VERTEX_POINT('',#2442);
#713=VERTEX_POINT('',#2444);
#714=VERTEX_POINT('',#2448);
#715=VERTEX_POINT('',#2450);
#716=VERTEX_POINT('',#2454);
#717=VERTEX_POINT('',#2456);
#718=VERTEX_POINT('',#2460);
#719=VERTEX_POINT('',#2462);
#720=VERTEX_POINT('',#2466);
#721=VERTEX_POINT('',#2468);
#722=VERTEX_POINT('',#2472);
#723=VERTEX_POINT('',#2474);
#724=VERTEX_POINT('',#2478);
#725=VERTEX_POINT('',#2480);
#726=VERTEX_POINT('',#2487);
#727=VERTEX_POINT('',#2488);
#728=VERTEX_POINT('',#2490);
#729=VERTEX_POINT('',#2492);
#730=VERTEX_POINT('',#2496);
#731=VERTEX_POINT('',#2498);
#732=VERTEX_POINT('',#2502);
#733=VERTEX_POINT('',#2504);
#734=VERTEX_POINT('',#2508);
#735=VERTEX_POINT('',#2510);
#736=VERTEX_POINT('',#2514);
#737=VERTEX_POINT('',#2516);
#738=VERTEX_POINT('',#2520);
#739=VERTEX_POINT('',#2522);
#740=VERTEX_POINT('',#2526);
#741=VERTEX_POINT('',#2528);
#742=VERTEX_POINT('',#2535);
#743=VERTEX_POINT('',#2536);
#744=VERTEX_POINT('',#2538);
#745=VERTEX_POINT('',#2540);
#746=VERTEX_POINT('',#2544);
#747=VERTEX_POINT('',#2546);
#748=VERTEX_POINT('',#2550);
#749=VERTEX_POINT('',#2552);
#750=VERTEX_POINT('',#2556);
#751=VERTEX_POINT('',#2558);
#752=VERTEX_POINT('',#2562);
#753=VERTEX_POINT('',#2564);
#754=VERTEX_POINT('',#2568);
#755=VERTEX_POINT('',#2570);
#756=VERTEX_POINT('',#2574);
#757=VERTEX_POINT('',#2576);
#758=VERTEX_POINT('',#2583);
#759=VERTEX_POINT('',#2584);
#760=VERTEX_POINT('',#2586);
#761=VERTEX_POINT('',#2588);
#762=VERTEX_POINT('',#2592);
#763=VERTEX_POINT('',#2594);
#764=VERTEX_POINT('',#2598);
#765=VERTEX_POINT('',#2600);
#766=VERTEX_POINT('',#2604);
#767=VERTEX_POINT('',#2606);
#768=VERTEX_POINT('',#2610);
#769=VERTEX_POINT('',#2612);
#770=VERTEX_POINT('',#2616);
#771=VERTEX_POINT('',#2618);
#772=VERTEX_POINT('',#2622);
#773=VERTEX_POINT('',#2624);
#774=VERTEX_POINT('',#2631);
#775=VERTEX_POINT('',#2632);
#776=VERTEX_POINT('',#2634);
#777=VERTEX_POINT('',#2636);
#778=VERTEX_POINT('',#2640);
#779=VERTEX_POINT('',#2642);
#780=VERTEX_POINT('',#2646);
#781=VERTEX_POINT('',#2648);
#782=VERTEX_POINT('',#2652);
#783=VERTEX_POINT('',#2654);
#784=VERTEX_POINT('',#2658);
#785=VERTEX_POINT('',#2660);
#786=VERTEX_POINT('',#2664);
#787=VERTEX_POINT('',#2666);
#788=VERTEX_POINT('',#2670);
#789=VERTEX_POINT('',#2672);
#790=VERTEX_POINT('',#2679);
#791=VERTEX_POINT('',#2680);
#792=VERTEX_POINT('',#2682);
#793=VERTEX_POINT('',#2684);
#794=VERTEX_POINT('',#2688);
#795=VERTEX_POINT('',#2690);
#796=VERTEX_POINT('',#2694);
#797=VERTEX_POINT('',#2696);
#798=VERTEX_POINT('',#2700);
#799=VERTEX_POINT('',#2702);
#800=VERTEX_POINT('',#2706);
#801=VERTEX_POINT('',#2708);
#802=VERTEX_POINT('',#2712);
#803=VERTEX_POINT('',#2714);
#804=VERTEX_POINT('',#2718);
#805=VERTEX_POINT('',#2720);
#806=VERTEX_POINT('',#2727);
#807=VERTEX_POINT('',#2728);
#808=VERTEX_POINT('',#2730);
#809=VERTEX_POINT('',#2732);
#810=VERTEX_POINT('',#2736);
#811=VERTEX_POINT('',#2738);
#812=VERTEX_POINT('',#2742);
#813=VERTEX_POINT('',#2744);
#814=VERTEX_POINT('',#2748);
#815=VERTEX_POINT('',#2750);
#816=VERTEX_POINT('',#2754);
#817=VERTEX_POINT('',#2756);
#818=VERTEX_POINT('',#2760);
#819=VERTEX_POINT('',#2762);
#820=VERTEX_POINT('',#2766);
#821=VERTEX_POINT('',#2768);
#822=VERTEX_POINT('',#2775);
#823=VERTEX_POINT('',#2776);
#824=VERTEX_POINT('',#2778);
#825=VERTEX_POINT('',#2780);
#826=VERTEX_POINT('',#2784);
#827=VERTEX_POINT('',#2786);
#828=VERTEX_POINT('',#2790);
#829=VERTEX_POINT('',#2792);
#830=VERTEX_POINT('',#2796);
#831=VERTEX_POINT('',#2798);
#832=VERTEX_POINT('',#2802);
#833=VERTEX_POINT('',#2804);
#834=VERTEX_POINT('',#2808);
#835=VERTEX_POINT('',#2810);
#836=VERTEX_POINT('',#2814);
#837=VERTEX_POINT('',#2816);
#838=VERTEX_POINT('',#2823);
#839=VERTEX_POINT('',#2824);
#840=VERTEX_POINT('',#2826);
#841=VERTEX_POINT('',#2828);
#842=VERTEX_POINT('',#2832);
#843=VERTEX_POINT('',#2834);
#844=VERTEX_POINT('',#2838);
#845=VERTEX_POINT('',#2840);
#846=EDGE_CURVE('',#684,#684,#602,.T.);
#847=EDGE_CURVE('',#684,#685,#280,.T.);
#848=EDGE_CURVE('',#685,#685,#603,.T.);
#849=EDGE_CURVE('',#686,#686,#604,.T.);
#850=EDGE_CURVE('',#686,#687,#281,.T.);
#851=EDGE_CURVE('',#687,#687,#605,.T.);
#852=EDGE_CURVE('',#688,#688,#606,.T.);
#853=EDGE_CURVE('',#688,#689,#282,.T.);
#854=EDGE_CURVE('',#689,#689,#607,.T.);
#855=EDGE_CURVE('',#690,#690,#608,.T.);
#856=EDGE_CURVE('',#690,#691,#283,.T.);
#857=EDGE_CURVE('',#691,#691,#609,.T.);
#858=EDGE_CURVE('',#692,#692,#610,.T.);
#859=EDGE_CURVE('',#692,#693,#284,.T.);
#860=EDGE_CURVE('',#693,#693,#611,.T.);
#861=EDGE_CURVE('',#694,#695,#285,.T.);
#862=EDGE_CURVE('',#695,#696,#286,.T.);
#863=EDGE_CURVE('',#697,#696,#287,.T.);
#864=EDGE_CURVE('',#694,#697,#288,.T.);
#865=EDGE_CURVE('',#698,#694,#612,.T.);
#866=EDGE_CURVE('',#699,#697,#613,.T.);
#867=EDGE_CURVE('',#698,#699,#289,.T.);
#868=EDGE_CURVE('',#700,#698,#290,.T.);
#869=EDGE_CURVE('',#701,#699,#291,.T.);
#870=EDGE_CURVE('',#700,#701,#292,.T.);
#871=EDGE_CURVE('',#702,#700,#614,.T.);
#872=EDGE_CURVE('',#703,#701,#615,.T.);
#873=EDGE_CURVE('',#702,#703,#293,.T.);
#874=EDGE_CURVE('',#704,#702,#294,.T.);
#875=EDGE_CURVE('',#705,#703,#295,.T.);
#876=EDGE_CURVE('',#704,#705,#296,.T.);
#877=EDGE_CURVE('',#706,#704,#616,.T.);
#878=EDGE_CURVE('',#707,#705,#617,.T.);
#879=EDGE_CURVE('',#706,#707,#297,.T.);
#880=EDGE_CURVE('',#708,#706,#298,.T.);
#881=EDGE_CURVE('',#709,#707,#299,.T.);
#882=EDGE_CURVE('',#708,#709,#300,.T.);
#883=EDGE_CURVE('',#695,#708,#618,.T.);
#884=EDGE_CURVE('',#696,#709,#619,.T.);
#885=EDGE_CURVE('',#710,#711,#301,.T.);
#886=EDGE_CURVE('',#711,#712,#302,.T.);
#887=EDGE_CURVE('',#713,#712,#303,.T.);
#888=EDGE_CURVE('',#710,#713,#304,.T.);
#889=EDGE_CURVE('',#714,#710,#620,.T.);
#890=EDGE_CURVE('',#715,#713,#621,.T.);
#891=EDGE_CURVE('',#714,#715,#305,.T.);
#892=EDGE_CURVE('',#716,#714,#306,.T.);
#893=EDGE_CURVE('',#717,#715,#307,.T.);
#894=EDGE_CURVE('',#716,#717,#308,.T.);
#895=EDGE_CURVE('',#718,#716,#622,.T.);
#896=EDGE_CURVE('',#719,#717,#623,.T.);
#897=EDGE_CURVE('',#718,#719,#309,.T.);
#898=EDGE_CURVE('',#720,#718,#310,.T.);
#899=EDGE_CURVE('',#721,#719,#311,.T.);
#900=EDGE_CURVE('',#720,#721,#312,.T.);
#901=EDGE_CURVE('',#722,#720,#624,.T.);
#902=EDGE_CURVE('',#723,#721,#625,.T.);
#903=EDGE_CURVE('',#722,#723,#313,.T.);
#904=EDGE_CURVE('',#724,#722,#314,.T.);
#905=EDGE_CURVE('',#725,#723,#315,.T.);
#906=EDGE_CURVE('',#724,#725,#316,.T.);
#907=EDGE_CURVE('',#711,#724,#626,.T.);
#908=EDGE_CURVE('',#712,#725,#627,.T.);
#909=EDGE_CURVE('',#726,#727,#317,.T.);
#910=EDGE_CURVE('',#727,#728,#318,.T.);
#911=EDGE_CURVE('',#729,#728,#319,.T.);
#912=EDGE_CURVE('',#726,#729,#320,.T.);
#913=EDGE_CURVE('',#730,#726,#628,.T.);
#914=EDGE_CURVE('',#731,#729,#629,.T.);
#915=EDGE_CURVE('',#730,#731,#321,.T.);
#916=EDGE_CURVE('',#732,#730,#322,.T.);
#917=EDGE_CURVE('',#733,#731,#323,.T.);
#918=EDGE_CURVE('',#732,#733,#324,.T.);
#919=EDGE_CURVE('',#734,#732,#630,.T.);
#920=EDGE_CURVE('',#735,#733,#631,.T.);
#921=EDGE_CURVE('',#734,#735,#325,.T.);
#922=EDGE_CURVE('',#736,#734,#326,.T.);
#923=EDGE_CURVE('',#737,#735,#327,.T.);
#924=EDGE_CURVE('',#736,#737,#328,.T.);
#925=EDGE_CURVE('',#738,#736,#632,.T.);
#926=EDGE_CURVE('',#739,#737,#633,.T.);
#927=EDGE_CURVE('',#738,#739,#329,.T.);
#928=EDGE_CURVE('',#740,#738,#330,.T.);
#929=EDGE_CURVE('',#741,#739,#331,.T.);
#930=EDGE_CURVE('',#740,#741,#332,.T.);
#931=EDGE_CURVE('',#727,#740,#634,.T.);
#932=EDGE_CURVE('',#728,#741,#635,.T.);
#933=EDGE_CURVE('',#742,#743,#333,.T.);
#934=EDGE_CURVE('',#743,#744,#334,.T.);
#935=EDGE_CURVE('',#745,#744,#335,.T.);
#936=EDGE_CURVE('',#742,#745,#336,.T.);
#937=EDGE_CURVE('',#746,#742,#636,.T.);
#938=EDGE_CURVE('',#747,#745,#637,.T.);
#939=EDGE_CURVE('',#746,#747,#337,.T.);
#940=EDGE_CURVE('',#748,#746,#338,.T.);
#941=EDGE_CURVE('',#749,#747,#339,.T.);
#942=EDGE_CURVE('',#748,#749,#340,.T.);
#943=EDGE_CURVE('',#750,#748,#638,.T.);
#944=EDGE_CURVE('',#751,#749,#639,.T.);
#945=EDGE_CURVE('',#750,#751,#341,.T.);
#946=EDGE_CURVE('',#752,#750,#342,.T.);
#947=EDGE_CURVE('',#753,#751,#343,.T.);
#948=EDGE_CURVE('',#752,#753,#344,.T.);
#949=EDGE_CURVE('',#754,#752,#640,.T.);
#950=EDGE_CURVE('',#755,#753,#641,.T.);
#951=EDGE_CURVE('',#754,#755,#345,.T.);
#952=EDGE_CURVE('',#756,#754,#346,.T.);
#953=EDGE_CURVE('',#757,#755,#347,.T.);
#954=EDGE_CURVE('',#756,#757,#348,.T.);
#955=EDGE_CURVE('',#743,#756,#642,.T.);
#956=EDGE_CURVE('',#744,#757,#643,.T.);
#957=EDGE_CURVE('',#758,#759,#349,.T.);
#958=EDGE_CURVE('',#759,#760,#350,.T.);
#959=EDGE_CURVE('',#761,#760,#351,.T.);
#960=EDGE_CURVE('',#758,#761,#352,.T.);
#961=EDGE_CURVE('',#762,#758,#644,.T.);
#962=EDGE_CURVE('',#763,#761,#645,.T.);
#963=EDGE_CURVE('',#762,#763,#353,.T.);
#964=EDGE_CURVE('',#764,#762,#354,.T.);
#965=EDGE_CURVE('',#765,#763,#355,.T.);
#966=EDGE_CURVE('',#764,#765,#356,.T.);
#967=EDGE_CURVE('',#766,#764,#646,.T.);
#968=EDGE_CURVE('',#767,#765,#647,.T.);
#969=EDGE_CURVE('',#766,#767,#357,.T.);
#970=EDGE_CURVE('',#768,#766,#358,.T.);
#971=EDGE_CURVE('',#769,#767,#359,.T.);
#972=EDGE_CURVE('',#768,#769,#360,.T.);
#973=EDGE_CURVE('',#770,#768,#648,.T.);
#974=EDGE_CURVE('',#771,#769,#649,.T.);
#975=EDGE_CURVE('',#770,#771,#361,.T.);
#976=EDGE_CURVE('',#772,#770,#362,.T.);
#977=EDGE_CURVE('',#773,#771,#363,.T.);
#978=EDGE_CURVE('',#772,#773,#364,.T.);
#979=EDGE_CURVE('',#759,#772,#650,.T.);
#980=EDGE_CURVE('',#760,#773,#651,.T.);
#981=EDGE_CURVE('',#774,#775,#365,.T.);
#982=EDGE_CURVE('',#775,#776,#366,.T.);
#983=EDGE_CURVE('',#777,#776,#367,.T.);
#984=EDGE_CURVE('',#774,#777,#368,.T.);
#985=EDGE_CURVE('',#778,#774,#652,.T.);
#986=EDGE_CURVE('',#779,#777,#653,.T.);
#987=EDGE_CURVE('',#778,#779,#369,.T.);
#988=EDGE_CURVE('',#780,#778,#370,.T.);
#989=EDGE_CURVE('',#781,#779,#371,.T.);
#990=EDGE_CURVE('',#780,#781,#372,.T.);
#991=EDGE_CURVE('',#782,#780,#654,.T.);
#992=EDGE_CURVE('',#783,#781,#655,.T.);
#993=EDGE_CURVE('',#782,#783,#373,.T.);
#994=EDGE_CURVE('',#784,#782,#374,.T.);
#995=EDGE_CURVE('',#785,#783,#375,.T.);
#996=EDGE_CURVE('',#784,#785,#376,.T.);
#997=EDGE_CURVE('',#786,#784,#656,.T.);
#998=EDGE_CURVE('',#787,#785,#657,.T.);
#999=EDGE_CURVE('',#786,#787,#377,.T.);
#1000=EDGE_CURVE('',#788,#786,#378,.T.);
#1001=EDGE_CURVE('',#789,#787,#379,.T.);
#1002=EDGE_CURVE('',#788,#789,#380,.T.);
#1003=EDGE_CURVE('',#775,#788,#658,.T.);
#1004=EDGE_CURVE('',#776,#789,#659,.T.);
#1005=EDGE_CURVE('',#790,#791,#381,.T.);
#1006=EDGE_CURVE('',#791,#792,#382,.T.);
#1007=EDGE_CURVE('',#793,#792,#383,.T.);
#1008=EDGE_CURVE('',#790,#793,#384,.T.);
#1009=EDGE_CURVE('',#794,#790,#660,.T.);
#1010=EDGE_CURVE('',#795,#793,#661,.T.);
#1011=EDGE_CURVE('',#794,#795,#385,.T.);
#1012=EDGE_CURVE('',#796,#794,#386,.T.);
#1013=EDGE_CURVE('',#797,#795,#387,.T.);
#1014=EDGE_CURVE('',#796,#797,#388,.T.);
#1015=EDGE_CURVE('',#798,#796,#662,.T.);
#1016=EDGE_CURVE('',#799,#797,#663,.T.);
#1017=EDGE_CURVE('',#798,#799,#389,.T.);
#1018=EDGE_CURVE('',#800,#798,#390,.T.);
#1019=EDGE_CURVE('',#801,#799,#391,.T.);
#1020=EDGE_CURVE('',#800,#801,#392,.T.);
#1021=EDGE_CURVE('',#802,#800,#664,.T.);
#1022=EDGE_CURVE('',#803,#801,#665,.T.);
#1023=EDGE_CURVE('',#802,#803,#393,.T.);
#1024=EDGE_CURVE('',#804,#802,#394,.T.);
#1025=EDGE_CURVE('',#805,#803,#395,.T.);
#1026=EDGE_CURVE('',#804,#805,#396,.T.);
#1027=EDGE_CURVE('',#791,#804,#666,.T.);
#1028=EDGE_CURVE('',#792,#805,#667,.T.);
#1029=EDGE_CURVE('',#806,#807,#397,.T.);
#1030=EDGE_CURVE('',#807,#808,#398,.T.);
#1031=EDGE_CURVE('',#809,#808,#399,.T.);
#1032=EDGE_CURVE('',#806,#809,#400,.T.);
#1033=EDGE_CURVE('',#810,#806,#668,.T.);
#1034=EDGE_CURVE('',#811,#809,#669,.T.);
#1035=EDGE_CURVE('',#810,#811,#401,.T.);
#1036=EDGE_CURVE('',#812,#810,#402,.T.);
#1037=EDGE_CURVE('',#813,#811,#403,.T.);
#1038=EDGE_CURVE('',#812,#813,#404,.T.);
#1039=EDGE_CURVE('',#814,#812,#670,.T.);
#1040=EDGE_CURVE('',#815,#813,#671,.T.);
#1041=EDGE_CURVE('',#814,#815,#405,.T.);
#1042=EDGE_CURVE('',#816,#814,#406,.T.);
#1043=EDGE_CURVE('',#817,#815,#407,.T.);
#1044=EDGE_CURVE('',#816,#817,#408,.T.);
#1045=EDGE_CURVE('',#818,#816,#672,.T.);
#1046=EDGE_CURVE('',#819,#817,#673,.T.);
#1047=EDGE_CURVE('',#818,#819,#409,.T.);
#1048=EDGE_CURVE('',#820,#818,#410,.T.);
#1049=EDGE_CURVE('',#821,#819,#411,.T.);
#1050=EDGE_CURVE('',#820,#821,#412,.T.);
#1051=EDGE_CURVE('',#807,#820,#674,.T.);
#1052=EDGE_CURVE('',#808,#821,#675,.T.);
#1053=EDGE_CURVE('',#822,#823,#413,.T.);
#1054=EDGE_CURVE('',#823,#824,#414,.T.);
#1055=EDGE_CURVE('',#825,#824,#415,.T.);
#1056=EDGE_CURVE('',#822,#825,#416,.T.);
#1057=EDGE_CURVE('',#826,#822,#676,.T.);
#1058=EDGE_CURVE('',#827,#825,#677,.T.);
#1059=EDGE_CURVE('',#826,#827,#417,.T.);
#1060=EDGE_CURVE('',#828,#826,#418,.T.);
#1061=EDGE_CURVE('',#829,#827,#419,.T.);
#1062=EDGE_CURVE('',#828,#829,#420,.T.);
#1063=EDGE_CURVE('',#830,#828,#678,.T.);
#1064=EDGE_CURVE('',#831,#829,#679,.T.);
#1065=EDGE_CURVE('',#830,#831,#421,.T.);
#1066=EDGE_CURVE('',#832,#830,#422,.T.);
#1067=EDGE_CURVE('',#833,#831,#423,.T.);
#1068=EDGE_CURVE('',#832,#833,#424,.T.);
#1069=EDGE_CURVE('',#834,#832,#680,.T.);
#1070=EDGE_CURVE('',#835,#833,#681,.T.);
#1071=EDGE_CURVE('',#834,#835,#425,.T.);
#1072=EDGE_CURVE('',#836,#834,#426,.T.);
#1073=EDGE_CURVE('',#837,#835,#427,.T.);
#1074=EDGE_CURVE('',#836,#837,#428,.T.);
#1075=EDGE_CURVE('',#823,#836,#682,.T.);
#1076=EDGE_CURVE('',#824,#837,#683,.T.);
#1077=EDGE_CURVE('',#838,#839,#429,.T.);
#1078=EDGE_CURVE('',#838,#840,#430,.T.);
#1079=EDGE_CURVE('',#841,#840,#431,.T.);
#1080=EDGE_CURVE('',#839,#841,#432,.T.);
#1081=EDGE_CURVE('',#839,#842,#433,.T.);
#1082=EDGE_CURVE('',#843,#841,#434,.T.);
#1083=EDGE_CURVE('',#842,#843,#435,.T.);
#1084=EDGE_CURVE('',#844,#842,#436,.T.);
#1085=EDGE_CURVE('',#845,#843,#437,.T.);
#1086=EDGE_CURVE('',#844,#845,#438,.T.);
#1087=EDGE_CURVE('',#838,#844,#439,.T.);
#1088=EDGE_CURVE('',#840,#845,#440,.T.);
#1089=ORIENTED_EDGE('',*,*,#846,.F.);
#1090=ORIENTED_EDGE('',*,*,#847,.T.);
#1091=ORIENTED_EDGE('',*,*,#848,.F.);
#1092=ORIENTED_EDGE('',*,*,#847,.F.);
#1093=ORIENTED_EDGE('',*,*,#849,.F.);
#1094=ORIENTED_EDGE('',*,*,#850,.T.);
#1095=ORIENTED_EDGE('',*,*,#851,.F.);
#1096=ORIENTED_EDGE('',*,*,#850,.F.);
#1097=ORIENTED_EDGE('',*,*,#852,.F.);
#1098=ORIENTED_EDGE('',*,*,#853,.T.);
#1099=ORIENTED_EDGE('',*,*,#854,.F.);
#1100=ORIENTED_EDGE('',*,*,#853,.F.);
#1101=ORIENTED_EDGE('',*,*,#855,.F.);
#1102=ORIENTED_EDGE('',*,*,#856,.T.);
#1103=ORIENTED_EDGE('',*,*,#857,.F.);
#1104=ORIENTED_EDGE('',*,*,#856,.F.);
#1105=ORIENTED_EDGE('',*,*,#858,.F.);
#1106=ORIENTED_EDGE('',*,*,#859,.T.);
#1107=ORIENTED_EDGE('',*,*,#860,.F.);
#1108=ORIENTED_EDGE('',*,*,#859,.F.);
#1109=ORIENTED_EDGE('',*,*,#861,.T.);
#1110=ORIENTED_EDGE('',*,*,#862,.T.);
#1111=ORIENTED_EDGE('',*,*,#863,.F.);
#1112=ORIENTED_EDGE('',*,*,#864,.F.);
#1113=ORIENTED_EDGE('',*,*,#865,.T.);
#1114=ORIENTED_EDGE('',*,*,#864,.T.);
#1115=ORIENTED_EDGE('',*,*,#866,.F.);
#1116=ORIENTED_EDGE('',*,*,#867,.F.);
#1117=ORIENTED_EDGE('',*,*,#868,.T.);
#1118=ORIENTED_EDGE('',*,*,#867,.T.);
#1119=ORIENTED_EDGE('',*,*,#869,.F.);
#1120=ORIENTED_EDGE('',*,*,#870,.F.);
#1121=ORIENTED_EDGE('',*,*,#871,.T.);
#1122=ORIENTED_EDGE('',*,*,#870,.T.);
#1123=ORIENTED_EDGE('',*,*,#872,.F.);
#1124=ORIENTED_EDGE('',*,*,#873,.F.);
#1125=ORIENTED_EDGE('',*,*,#874,.T.);
#1126=ORIENTED_EDGE('',*,*,#873,.T.);
#1127=ORIENTED_EDGE('',*,*,#875,.F.);
#1128=ORIENTED_EDGE('',*,*,#876,.F.);
#1129=ORIENTED_EDGE('',*,*,#877,.T.);
#1130=ORIENTED_EDGE('',*,*,#876,.T.);
#1131=ORIENTED_EDGE('',*,*,#878,.F.);
#1132=ORIENTED_EDGE('',*,*,#879,.F.);
#1133=ORIENTED_EDGE('',*,*,#880,.T.);
#1134=ORIENTED_EDGE('',*,*,#879,.T.);
#1135=ORIENTED_EDGE('',*,*,#881,.F.);
#1136=ORIENTED_EDGE('',*,*,#882,.F.);
#1137=ORIENTED_EDGE('',*,*,#883,.T.);
#1138=ORIENTED_EDGE('',*,*,#882,.T.);
#1139=ORIENTED_EDGE('',*,*,#884,.F.);
#1140=ORIENTED_EDGE('',*,*,#862,.F.);
#1141=ORIENTED_EDGE('',*,*,#885,.T.);
#1142=ORIENTED_EDGE('',*,*,#886,.T.);
#1143=ORIENTED_EDGE('',*,*,#887,.F.);
#1144=ORIENTED_EDGE('',*,*,#888,.F.);
#1145=ORIENTED_EDGE('',*,*,#889,.T.);
#1146=ORIENTED_EDGE('',*,*,#888,.T.);
#1147=ORIENTED_EDGE('',*,*,#890,.F.);
#1148=ORIENTED_EDGE('',*,*,#891,.F.);
#1149=ORIENTED_EDGE('',*,*,#892,.T.);
#1150=ORIENTED_EDGE('',*,*,#891,.T.);
#1151=ORIENTED_EDGE('',*,*,#893,.F.);
#1152=ORIENTED_EDGE('',*,*,#894,.F.);
#1153=ORIENTED_EDGE('',*,*,#895,.T.);
#1154=ORIENTED_EDGE('',*,*,#894,.T.);
#1155=ORIENTED_EDGE('',*,*,#896,.F.);
#1156=ORIENTED_EDGE('',*,*,#897,.F.);
#1157=ORIENTED_EDGE('',*,*,#898,.T.);
#1158=ORIENTED_EDGE('',*,*,#897,.T.);
#1159=ORIENTED_EDGE('',*,*,#899,.F.);
#1160=ORIENTED_EDGE('',*,*,#900,.F.);
#1161=ORIENTED_EDGE('',*,*,#901,.T.);
#1162=ORIENTED_EDGE('',*,*,#900,.T.);
#1163=ORIENTED_EDGE('',*,*,#902,.F.);
#1164=ORIENTED_EDGE('',*,*,#903,.F.);
#1165=ORIENTED_EDGE('',*,*,#904,.T.);
#1166=ORIENTED_EDGE('',*,*,#903,.T.);
#1167=ORIENTED_EDGE('',*,*,#905,.F.);
#1168=ORIENTED_EDGE('',*,*,#906,.F.);
#1169=ORIENTED_EDGE('',*,*,#907,.T.);
#1170=ORIENTED_EDGE('',*,*,#906,.T.);
#1171=ORIENTED_EDGE('',*,*,#908,.F.);
#1172=ORIENTED_EDGE('',*,*,#886,.F.);
#1173=ORIENTED_EDGE('',*,*,#909,.T.);
#1174=ORIENTED_EDGE('',*,*,#910,.T.);
#1175=ORIENTED_EDGE('',*,*,#911,.F.);
#1176=ORIENTED_EDGE('',*,*,#912,.F.);
#1177=ORIENTED_EDGE('',*,*,#913,.T.);
#1178=ORIENTED_EDGE('',*,*,#912,.T.);
#1179=ORIENTED_EDGE('',*,*,#914,.F.);
#1180=ORIENTED_EDGE('',*,*,#915,.F.);
#1181=ORIENTED_EDGE('',*,*,#916,.T.);
#1182=ORIENTED_EDGE('',*,*,#915,.T.);
#1183=ORIENTED_EDGE('',*,*,#917,.F.);
#1184=ORIENTED_EDGE('',*,*,#918,.F.);
#1185=ORIENTED_EDGE('',*,*,#919,.T.);
#1186=ORIENTED_EDGE('',*,*,#918,.T.);
#1187=ORIENTED_EDGE('',*,*,#920,.F.);
#1188=ORIENTED_EDGE('',*,*,#921,.F.);
#1189=ORIENTED_EDGE('',*,*,#922,.T.);
#1190=ORIENTED_EDGE('',*,*,#921,.T.);
#1191=ORIENTED_EDGE('',*,*,#923,.F.);
#1192=ORIENTED_EDGE('',*,*,#924,.F.);
#1193=ORIENTED_EDGE('',*,*,#925,.T.);
#1194=ORIENTED_EDGE('',*,*,#924,.T.);
#1195=ORIENTED_EDGE('',*,*,#926,.F.);
#1196=ORIENTED_EDGE('',*,*,#927,.F.);
#1197=ORIENTED_EDGE('',*,*,#928,.T.);
#1198=ORIENTED_EDGE('',*,*,#927,.T.);
#1199=ORIENTED_EDGE('',*,*,#929,.F.);
#1200=ORIENTED_EDGE('',*,*,#930,.F.);
#1201=ORIENTED_EDGE('',*,*,#931,.T.);
#1202=ORIENTED_EDGE('',*,*,#930,.T.);
#1203=ORIENTED_EDGE('',*,*,#932,.F.);
#1204=ORIENTED_EDGE('',*,*,#910,.F.);
#1205=ORIENTED_EDGE('',*,*,#933,.T.);
#1206=ORIENTED_EDGE('',*,*,#934,.T.);
#1207=ORIENTED_EDGE('',*,*,#935,.F.);
#1208=ORIENTED_EDGE('',*,*,#936,.F.);
#1209=ORIENTED_EDGE('',*,*,#937,.T.);
#1210=ORIENTED_EDGE('',*,*,#936,.T.);
#1211=ORIENTED_EDGE('',*,*,#938,.F.);
#1212=ORIENTED_EDGE('',*,*,#939,.F.);
#1213=ORIENTED_EDGE('',*,*,#940,.T.);
#1214=ORIENTED_EDGE('',*,*,#939,.T.);
#1215=ORIENTED_EDGE('',*,*,#941,.F.);
#1216=ORIENTED_EDGE('',*,*,#942,.F.);
#1217=ORIENTED_EDGE('',*,*,#943,.T.);
#1218=ORIENTED_EDGE('',*,*,#942,.T.);
#1219=ORIENTED_EDGE('',*,*,#944,.F.);
#1220=ORIENTED_EDGE('',*,*,#945,.F.);
#1221=ORIENTED_EDGE('',*,*,#946,.T.);
#1222=ORIENTED_EDGE('',*,*,#945,.T.);
#1223=ORIENTED_EDGE('',*,*,#947,.F.);
#1224=ORIENTED_EDGE('',*,*,#948,.F.);
#1225=ORIENTED_EDGE('',*,*,#949,.T.);
#1226=ORIENTED_EDGE('',*,*,#948,.T.);
#1227=ORIENTED_EDGE('',*,*,#950,.F.);
#1228=ORIENTED_EDGE('',*,*,#951,.F.);
#1229=ORIENTED_EDGE('',*,*,#952,.T.);
#1230=ORIENTED_EDGE('',*,*,#951,.T.);
#1231=ORIENTED_EDGE('',*,*,#953,.F.);
#1232=ORIENTED_EDGE('',*,*,#954,.F.);
#1233=ORIENTED_EDGE('',*,*,#955,.T.);
#1234=ORIENTED_EDGE('',*,*,#954,.T.);
#1235=ORIENTED_EDGE('',*,*,#956,.F.);
#1236=ORIENTED_EDGE('',*,*,#934,.F.);
#1237=ORIENTED_EDGE('',*,*,#957,.T.);
#1238=ORIENTED_EDGE('',*,*,#958,.T.);
#1239=ORIENTED_EDGE('',*,*,#959,.F.);
#1240=ORIENTED_EDGE('',*,*,#960,.F.);
#1241=ORIENTED_EDGE('',*,*,#961,.T.);
#1242=ORIENTED_EDGE('',*,*,#960,.T.);
#1243=ORIENTED_EDGE('',*,*,#962,.F.);
#1244=ORIENTED_EDGE('',*,*,#963,.F.);
#1245=ORIENTED_EDGE('',*,*,#964,.T.);
#1246=ORIENTED_EDGE('',*,*,#963,.T.);
#1247=ORIENTED_EDGE('',*,*,#965,.F.);
#1248=ORIENTED_EDGE('',*,*,#966,.F.);
#1249=ORIENTED_EDGE('',*,*,#967,.T.);
#1250=ORIENTED_EDGE('',*,*,#966,.T.);
#1251=ORIENTED_EDGE('',*,*,#968,.F.);
#1252=ORIENTED_EDGE('',*,*,#969,.F.);
#1253=ORIENTED_EDGE('',*,*,#970,.T.);
#1254=ORIENTED_EDGE('',*,*,#969,.T.);
#1255=ORIENTED_EDGE('',*,*,#971,.F.);
#1256=ORIENTED_EDGE('',*,*,#972,.F.);
#1257=ORIENTED_EDGE('',*,*,#973,.T.);
#1258=ORIENTED_EDGE('',*,*,#972,.T.);
#1259=ORIENTED_EDGE('',*,*,#974,.F.);
#1260=ORIENTED_EDGE('',*,*,#975,.F.);
#1261=ORIENTED_EDGE('',*,*,#976,.T.);
#1262=ORIENTED_EDGE('',*,*,#975,.T.);
#1263=ORIENTED_EDGE('',*,*,#977,.F.);
#1264=ORIENTED_EDGE('',*,*,#978,.F.);
#1265=ORIENTED_EDGE('',*,*,#979,.T.);
#1266=ORIENTED_EDGE('',*,*,#978,.T.);
#1267=ORIENTED_EDGE('',*,*,#980,.F.);
#1268=ORIENTED_EDGE('',*,*,#958,.F.);
#1269=ORIENTED_EDGE('',*,*,#981,.T.);
#1270=ORIENTED_EDGE('',*,*,#982,.T.);
#1271=ORIENTED_EDGE('',*,*,#983,.F.);
#1272=ORIENTED_EDGE('',*,*,#984,.F.);
#1273=ORIENTED_EDGE('',*,*,#985,.T.);
#1274=ORIENTED_EDGE('',*,*,#984,.T.);
#1275=ORIENTED_EDGE('',*,*,#986,.F.);
#1276=ORIENTED_EDGE('',*,*,#987,.F.);
#1277=ORIENTED_EDGE('',*,*,#988,.T.);
#1278=ORIENTED_EDGE('',*,*,#987,.T.);
#1279=ORIENTED_EDGE('',*,*,#989,.F.);
#1280=ORIENTED_EDGE('',*,*,#990,.F.);
#1281=ORIENTED_EDGE('',*,*,#991,.T.);
#1282=ORIENTED_EDGE('',*,*,#990,.T.);
#1283=ORIENTED_EDGE('',*,*,#992,.F.);
#1284=ORIENTED_EDGE('',*,*,#993,.F.);
#1285=ORIENTED_EDGE('',*,*,#994,.T.);
#1286=ORIENTED_EDGE('',*,*,#993,.T.);
#1287=ORIENTED_EDGE('',*,*,#995,.F.);
#1288=ORIENTED_EDGE('',*,*,#996,.F.);
#1289=ORIENTED_EDGE('',*,*,#997,.T.);
#1290=ORIENTED_EDGE('',*,*,#996,.T.);
#1291=ORIENTED_EDGE('',*,*,#998,.F.);
#1292=ORIENTED_EDGE('',*,*,#999,.F.);
#1293=ORIENTED_EDGE('',*,*,#1000,.T.);
#1294=ORIENTED_EDGE('',*,*,#999,.T.);
#1295=ORIENTED_EDGE('',*,*,#1001,.F.);
#1296=ORIENTED_EDGE('',*,*,#1002,.F.);
#1297=ORIENTED_EDGE('',*,*,#1003,.T.);
#1298=ORIENTED_EDGE('',*,*,#1002,.T.);
#1299=ORIENTED_EDGE('',*,*,#1004,.F.);
#1300=ORIENTED_EDGE('',*,*,#982,.F.);
#1301=ORIENTED_EDGE('',*,*,#1005,.T.);
#1302=ORIENTED_EDGE('',*,*,#1006,.T.);
#1303=ORIENTED_EDGE('',*,*,#1007,.F.);
#1304=ORIENTED_EDGE('',*,*,#1008,.F.);
#1305=ORIENTED_EDGE('',*,*,#1009,.T.);
#1306=ORIENTED_EDGE('',*,*,#1008,.T.);
#1307=ORIENTED_EDGE('',*,*,#1010,.F.);
#1308=ORIENTED_EDGE('',*,*,#1011,.F.);
#1309=ORIENTED_EDGE('',*,*,#1012,.T.);
#1310=ORIENTED_EDGE('',*,*,#1011,.T.);
#1311=ORIENTED_EDGE('',*,*,#1013,.F.);
#1312=ORIENTED_EDGE('',*,*,#1014,.F.);
#1313=ORIENTED_EDGE('',*,*,#1015,.T.);
#1314=ORIENTED_EDGE('',*,*,#1014,.T.);
#1315=ORIENTED_EDGE('',*,*,#1016,.F.);
#1316=ORIENTED_EDGE('',*,*,#1017,.F.);
#1317=ORIENTED_EDGE('',*,*,#1018,.T.);
#1318=ORIENTED_EDGE('',*,*,#1017,.T.);
#1319=ORIENTED_EDGE('',*,*,#1019,.F.);
#1320=ORIENTED_EDGE('',*,*,#1020,.F.);
#1321=ORIENTED_EDGE('',*,*,#1021,.T.);
#1322=ORIENTED_EDGE('',*,*,#1020,.T.);
#1323=ORIENTED_EDGE('',*,*,#1022,.F.);
#1324=ORIENTED_EDGE('',*,*,#1023,.F.);
#1325=ORIENTED_EDGE('',*,*,#1024,.T.);
#1326=ORIENTED_EDGE('',*,*,#1023,.T.);
#1327=ORIENTED_EDGE('',*,*,#1025,.F.);
#1328=ORIENTED_EDGE('',*,*,#1026,.F.);
#1329=ORIENTED_EDGE('',*,*,#1027,.T.);
#1330=ORIENTED_EDGE('',*,*,#1026,.T.);
#1331=ORIENTED_EDGE('',*,*,#1028,.F.);
#1332=ORIENTED_EDGE('',*,*,#1006,.F.);
#1333=ORIENTED_EDGE('',*,*,#1029,.T.);
#1334=ORIENTED_EDGE('',*,*,#1030,.T.);
#1335=ORIENTED_EDGE('',*,*,#1031,.F.);
#1336=ORIENTED_EDGE('',*,*,#1032,.F.);
#1337=ORIENTED_EDGE('',*,*,#1033,.T.);
#1338=ORIENTED_EDGE('',*,*,#1032,.T.);
#1339=ORIENTED_EDGE('',*,*,#1034,.F.);
#1340=ORIENTED_EDGE('',*,*,#1035,.F.);
#1341=ORIENTED_EDGE('',*,*,#1036,.T.);
#1342=ORIENTED_EDGE('',*,*,#1035,.T.);
#1343=ORIENTED_EDGE('',*,*,#1037,.F.);
#1344=ORIENTED_EDGE('',*,*,#1038,.F.);
#1345=ORIENTED_EDGE('',*,*,#1039,.T.);
#1346=ORIENTED_EDGE('',*,*,#1038,.T.);
#1347=ORIENTED_EDGE('',*,*,#1040,.F.);
#1348=ORIENTED_EDGE('',*,*,#1041,.F.);
#1349=ORIENTED_EDGE('',*,*,#1042,.T.);
#1350=ORIENTED_EDGE('',*,*,#1041,.T.);
#1351=ORIENTED_EDGE('',*,*,#1043,.F.);
#1352=ORIENTED_EDGE('',*,*,#1044,.F.);
#1353=ORIENTED_EDGE('',*,*,#1045,.T.);
#1354=ORIENTED_EDGE('',*,*,#1044,.T.);
#1355=ORIENTED_EDGE('',*,*,#1046,.F.);
#1356=ORIENTED_EDGE('',*,*,#1047,.F.);
#1357=ORIENTED_EDGE('',*,*,#1048,.T.);
#1358=ORIENTED_EDGE('',*,*,#1047,.T.);
#1359=ORIENTED_EDGE('',*,*,#1049,.F.);
#1360=ORIENTED_EDGE('',*,*,#1050,.F.);
#1361=ORIENTED_EDGE('',*,*,#1051,.T.);
#1362=ORIENTED_EDGE('',*,*,#1050,.T.);
#1363=ORIENTED_EDGE('',*,*,#1052,.F.);
#1364=ORIENTED_EDGE('',*,*,#1030,.F.);
#1365=ORIENTED_EDGE('',*,*,#1053,.T.);
#1366=ORIENTED_EDGE('',*,*,#1054,.T.);
#1367=ORIENTED_EDGE('',*,*,#1055,.F.);
#1368=ORIENTED_EDGE('',*,*,#1056,.F.);
#1369=ORIENTED_EDGE('',*,*,#1057,.T.);
#1370=ORIENTED_EDGE('',*,*,#1056,.T.);
#1371=ORIENTED_EDGE('',*,*,#1058,.F.);
#1372=ORIENTED_EDGE('',*,*,#1059,.F.);
#1373=ORIENTED_EDGE('',*,*,#1060,.T.);
#1374=ORIENTED_EDGE('',*,*,#1059,.T.);
#1375=ORIENTED_EDGE('',*,*,#1061,.F.);
#1376=ORIENTED_EDGE('',*,*,#1062,.F.);
#1377=ORIENTED_EDGE('',*,*,#1063,.T.);
#1378=ORIENTED_EDGE('',*,*,#1062,.T.);
#1379=ORIENTED_EDGE('',*,*,#1064,.F.);
#1380=ORIENTED_EDGE('',*,*,#1065,.F.);
#1381=ORIENTED_EDGE('',*,*,#1066,.T.);
#1382=ORIENTED_EDGE('',*,*,#1065,.T.);
#1383=ORIENTED_EDGE('',*,*,#1067,.F.);
#1384=ORIENTED_EDGE('',*,*,#1068,.F.);
#1385=ORIENTED_EDGE('',*,*,#1069,.T.);
#1386=ORIENTED_EDGE('',*,*,#1068,.T.);
#1387=ORIENTED_EDGE('',*,*,#1070,.F.);
#1388=ORIENTED_EDGE('',*,*,#1071,.F.);
#1389=ORIENTED_EDGE('',*,*,#1072,.T.);
#1390=ORIENTED_EDGE('',*,*,#1071,.T.);
#1391=ORIENTED_EDGE('',*,*,#1073,.F.);
#1392=ORIENTED_EDGE('',*,*,#1074,.F.);
#1393=ORIENTED_EDGE('',*,*,#1075,.T.);
#1394=ORIENTED_EDGE('',*,*,#1074,.T.);
#1395=ORIENTED_EDGE('',*,*,#1076,.F.);
#1396=ORIENTED_EDGE('',*,*,#1054,.F.);
#1397=ORIENTED_EDGE('',*,*,#1077,.F.);
#1398=ORIENTED_EDGE('',*,*,#1078,.T.);
#1399=ORIENTED_EDGE('',*,*,#1079,.F.);
#1400=ORIENTED_EDGE('',*,*,#1080,.F.);
#1401=ORIENTED_EDGE('',*,*,#1081,.F.);
#1402=ORIENTED_EDGE('',*,*,#1080,.T.);
#1403=ORIENTED_EDGE('',*,*,#1082,.F.);
#1404=ORIENTED_EDGE('',*,*,#1083,.F.);
#1405=ORIENTED_EDGE('',*,*,#1084,.T.);
#1406=ORIENTED_EDGE('',*,*,#1083,.T.);
#1407=ORIENTED_EDGE('',*,*,#1085,.F.);
#1408=ORIENTED_EDGE('',*,*,#1086,.F.);
#1409=ORIENTED_EDGE('',*,*,#1087,.T.);
#1410=ORIENTED_EDGE('',*,*,#1086,.T.);
#1411=ORIENTED_EDGE('',*,*,#1088,.F.);
#1412=ORIENTED_EDGE('',*,*,#1078,.F.);
#1413=ORIENTED_EDGE('',*,*,#1088,.T.);
#1414=ORIENTED_EDGE('',*,*,#1085,.T.);
#1415=ORIENTED_EDGE('',*,*,#1082,.T.);
#1416=ORIENTED_EDGE('',*,*,#1079,.T.);
#1417=ORIENTED_EDGE('',*,*,#849,.T.);
#1418=ORIENTED_EDGE('',*,*,#855,.T.);
#1419=ORIENTED_EDGE('',*,*,#884,.T.);
#1420=ORIENTED_EDGE('',*,*,#881,.T.);
#1421=ORIENTED_EDGE('',*,*,#878,.T.);
#1422=ORIENTED_EDGE('',*,*,#875,.T.);
#1423=ORIENTED_EDGE('',*,*,#872,.T.);
#1424=ORIENTED_EDGE('',*,*,#869,.T.);
#1425=ORIENTED_EDGE('',*,*,#866,.T.);
#1426=ORIENTED_EDGE('',*,*,#863,.T.);
#1427=ORIENTED_EDGE('',*,*,#908,.T.);
#1428=ORIENTED_EDGE('',*,*,#905,.T.);
#1429=ORIENTED_EDGE('',*,*,#902,.T.);
#1430=ORIENTED_EDGE('',*,*,#899,.T.);
#1431=ORIENTED_EDGE('',*,*,#896,.T.);
#1432=ORIENTED_EDGE('',*,*,#893,.T.);
#1433=ORIENTED_EDGE('',*,*,#890,.T.);
#1434=ORIENTED_EDGE('',*,*,#887,.T.);
#1435=ORIENTED_EDGE('',*,*,#932,.T.);
#1436=ORIENTED_EDGE('',*,*,#929,.T.);
#1437=ORIENTED_EDGE('',*,*,#926,.T.);
#1438=ORIENTED_EDGE('',*,*,#923,.T.);
#1439=ORIENTED_EDGE('',*,*,#920,.T.);
#1440=ORIENTED_EDGE('',*,*,#917,.T.);
#1441=ORIENTED_EDGE('',*,*,#914,.T.);
#1442=ORIENTED_EDGE('',*,*,#911,.T.);
#1443=ORIENTED_EDGE('',*,*,#956,.T.);
#1444=ORIENTED_EDGE('',*,*,#953,.T.);
#1445=ORIENTED_EDGE('',*,*,#950,.T.);
#1446=ORIENTED_EDGE('',*,*,#947,.T.);
#1447=ORIENTED_EDGE('',*,*,#944,.T.);
#1448=ORIENTED_EDGE('',*,*,#941,.T.);
#1449=ORIENTED_EDGE('',*,*,#938,.T.);
#1450=ORIENTED_EDGE('',*,*,#935,.T.);
#1451=ORIENTED_EDGE('',*,*,#980,.T.);
#1452=ORIENTED_EDGE('',*,*,#977,.T.);
#1453=ORIENTED_EDGE('',*,*,#974,.T.);
#1454=ORIENTED_EDGE('',*,*,#971,.T.);
#1455=ORIENTED_EDGE('',*,*,#968,.T.);
#1456=ORIENTED_EDGE('',*,*,#965,.T.);
#1457=ORIENTED_EDGE('',*,*,#962,.T.);
#1458=ORIENTED_EDGE('',*,*,#959,.T.);
#1459=ORIENTED_EDGE('',*,*,#1004,.T.);
#1460=ORIENTED_EDGE('',*,*,#1001,.T.);
#1461=ORIENTED_EDGE('',*,*,#998,.T.);
#1462=ORIENTED_EDGE('',*,*,#995,.T.);
#1463=ORIENTED_EDGE('',*,*,#992,.T.);
#1464=ORIENTED_EDGE('',*,*,#989,.T.);
#1465=ORIENTED_EDGE('',*,*,#986,.T.);
#1466=ORIENTED_EDGE('',*,*,#983,.T.);
#1467=ORIENTED_EDGE('',*,*,#1028,.T.);
#1468=ORIENTED_EDGE('',*,*,#1025,.T.);
#1469=ORIENTED_EDGE('',*,*,#1022,.T.);
#1470=ORIENTED_EDGE('',*,*,#1019,.T.);
#1471=ORIENTED_EDGE('',*,*,#1016,.T.);
#1472=ORIENTED_EDGE('',*,*,#1013,.T.);
#1473=ORIENTED_EDGE('',*,*,#1010,.T.);
#1474=ORIENTED_EDGE('',*,*,#1007,.T.);
#1475=ORIENTED_EDGE('',*,*,#1052,.T.);
#1476=ORIENTED_EDGE('',*,*,#1049,.T.);
#1477=ORIENTED_EDGE('',*,*,#1046,.T.);
#1478=ORIENTED_EDGE('',*,*,#1043,.T.);
#1479=ORIENTED_EDGE('',*,*,#1040,.T.);
#1480=ORIENTED_EDGE('',*,*,#1037,.T.);
#1481=ORIENTED_EDGE('',*,*,#1034,.T.);
#1482=ORIENTED_EDGE('',*,*,#1031,.T.);
#1483=ORIENTED_EDGE('',*,*,#1076,.T.);
#1484=ORIENTED_EDGE('',*,*,#1073,.T.);
#1485=ORIENTED_EDGE('',*,*,#1070,.T.);
#1486=ORIENTED_EDGE('',*,*,#1067,.T.);
#1487=ORIENTED_EDGE('',*,*,#1064,.T.);
#1488=ORIENTED_EDGE('',*,*,#1061,.T.);
#1489=ORIENTED_EDGE('',*,*,#1058,.T.);
#1490=ORIENTED_EDGE('',*,*,#1055,.T.);
#1491=ORIENTED_EDGE('',*,*,#858,.T.);
#1492=ORIENTED_EDGE('',*,*,#852,.T.);
#1493=ORIENTED_EDGE('',*,*,#846,.T.);
#1494=ORIENTED_EDGE('',*,*,#1087,.F.);
#1495=ORIENTED_EDGE('',*,*,#1077,.T.);
#1496=ORIENTED_EDGE('',*,*,#1081,.T.);
#1497=ORIENTED_EDGE('',*,*,#1084,.F.);
#1498=ORIENTED_EDGE('',*,*,#851,.T.);
#1499=ORIENTED_EDGE('',*,*,#857,.T.);
#1500=ORIENTED_EDGE('',*,*,#883,.F.);
#1501=ORIENTED_EDGE('',*,*,#861,.F.);
#1502=ORIENTED_EDGE('',*,*,#865,.F.);
#1503=ORIENTED_EDGE('',*,*,#868,.F.);
#1504=ORIENTED_EDGE('',*,*,#871,.F.);
#1505=ORIENTED_EDGE('',*,*,#874,.F.);
#1506=ORIENTED_EDGE('',*,*,#877,.F.);
#1507=ORIENTED_EDGE('',*,*,#880,.F.);
#1508=ORIENTED_EDGE('',*,*,#907,.F.);
#1509=ORIENTED_EDGE('',*,*,#885,.F.);
#1510=ORIENTED_EDGE('',*,*,#889,.F.);
#1511=ORIENTED_EDGE('',*,*,#892,.F.);
#1512=ORIENTED_EDGE('',*,*,#895,.F.);
#1513=ORIENTED_EDGE('',*,*,#898,.F.);
#1514=ORIENTED_EDGE('',*,*,#901,.F.);
#1515=ORIENTED_EDGE('',*,*,#904,.F.);
#1516=ORIENTED_EDGE('',*,*,#931,.F.);
#1517=ORIENTED_EDGE('',*,*,#909,.F.);
#1518=ORIENTED_EDGE('',*,*,#913,.F.);
#1519=ORIENTED_EDGE('',*,*,#916,.F.);
#1520=ORIENTED_EDGE('',*,*,#919,.F.);
#1521=ORIENTED_EDGE('',*,*,#922,.F.);
#1522=ORIENTED_EDGE('',*,*,#925,.F.);
#1523=ORIENTED_EDGE('',*,*,#928,.F.);
#1524=ORIENTED_EDGE('',*,*,#955,.F.);
#1525=ORIENTED_EDGE('',*,*,#933,.F.);
#1526=ORIENTED_EDGE('',*,*,#937,.F.);
#1527=ORIENTED_EDGE('',*,*,#940,.F.);
#1528=ORIENTED_EDGE('',*,*,#943,.F.);
#1529=ORIENTED_EDGE('',*,*,#946,.F.);
#1530=ORIENTED_EDGE('',*,*,#949,.F.);
#1531=ORIENTED_EDGE('',*,*,#952,.F.);
#1532=ORIENTED_EDGE('',*,*,#979,.F.);
#1533=ORIENTED_EDGE('',*,*,#957,.F.);
#1534=ORIENTED_EDGE('',*,*,#961,.F.);
#1535=ORIENTED_EDGE('',*,*,#964,.F.);
#1536=ORIENTED_EDGE('',*,*,#967,.F.);
#1537=ORIENTED_EDGE('',*,*,#970,.F.);
#1538=ORIENTED_EDGE('',*,*,#973,.F.);
#1539=ORIENTED_EDGE('',*,*,#976,.F.);
#1540=ORIENTED_EDGE('',*,*,#1003,.F.);
#1541=ORIENTED_EDGE('',*,*,#981,.F.);
#1542=ORIENTED_EDGE('',*,*,#985,.F.);
#1543=ORIENTED_EDGE('',*,*,#988,.F.);
#1544=ORIENTED_EDGE('',*,*,#991,.F.);
#1545=ORIENTED_EDGE('',*,*,#994,.F.);
#1546=ORIENTED_EDGE('',*,*,#997,.F.);
#1547=ORIENTED_EDGE('',*,*,#1000,.F.);
#1548=ORIENTED_EDGE('',*,*,#1027,.F.);
#1549=ORIENTED_EDGE('',*,*,#1005,.F.);
#1550=ORIENTED_EDGE('',*,*,#1009,.F.);
#1551=ORIENTED_EDGE('',*,*,#1012,.F.);
#1552=ORIENTED_EDGE('',*,*,#1015,.F.);
#1553=ORIENTED_EDGE('',*,*,#1018,.F.);
#1554=ORIENTED_EDGE('',*,*,#1021,.F.);
#1555=ORIENTED_EDGE('',*,*,#1024,.F.);
#1556=ORIENTED_EDGE('',*,*,#1051,.F.);
#1557=ORIENTED_EDGE('',*,*,#1029,.F.);
#1558=ORIENTED_EDGE('',*,*,#1033,.F.);
#1559=ORIENTED_EDGE('',*,*,#1036,.F.);
#1560=ORIENTED_EDGE('',*,*,#1039,.F.);
#1561=ORIENTED_EDGE('',*,*,#1042,.F.);
#1562=ORIENTED_EDGE('',*,*,#1045,.F.);
#1563=ORIENTED_EDGE('',*,*,#1048,.F.);
#1564=ORIENTED_EDGE('',*,*,#1075,.F.);
#1565=ORIENTED_EDGE('',*,*,#1053,.F.);
#1566=ORIENTED_EDGE('',*,*,#1057,.F.);
#1567=ORIENTED_EDGE('',*,*,#1060,.F.);
#1568=ORIENTED_EDGE('',*,*,#1063,.F.);
#1569=ORIENTED_EDGE('',*,*,#1066,.F.);
#1570=ORIENTED_EDGE('',*,*,#1069,.F.);
#1571=ORIENTED_EDGE('',*,*,#1072,.F.);
#1572=ORIENTED_EDGE('',*,*,#860,.T.);
#1573=ORIENTED_EDGE('',*,*,#854,.T.);
#1574=ORIENTED_EDGE('',*,*,#848,.T.);
#1575=CYLINDRICAL_SURFACE('',#1701,2.5);
#1576=CYLINDRICAL_SURFACE('',#1704,2.5);
#1577=CYLINDRICAL_SURFACE('',#1707,2.5);
#1578=CYLINDRICAL_SURFACE('',#1710,2.5);
#1579=CYLINDRICAL_SURFACE('',#1713,5.);
#1580=CYLINDRICAL_SURFACE('',#1717,0.500000000000003);
#1581=CYLINDRICAL_SURFACE('',#1721,0.500000000000003);
#1582=CYLINDRICAL_SURFACE('',#1725,0.499999999999998);
#1583=CYLINDRICAL_SURFACE('',#1729,0.499999999999989);
#1584=CYLINDRICAL_SURFACE('',#1733,0.499999999999998);
#1585=CYLINDRICAL_SURFACE('',#1737,0.499999999999998);
#1586=CYLINDRICAL_SURFACE('',#1741,0.500000000000007);
#1587=CYLINDRICAL_SURFACE('',#1745,0.499999999999998);
#1588=CYLINDRICAL_SURFACE('',#1749,0.500000000000003);
#1589=CYLINDRICAL_SURFACE('',#1753,0.499999999999998);
#1590=CYLINDRICAL_SURFACE('',#1757,0.499999999999998);
#1591=CYLINDRICAL_SURFACE('',#1761,0.499999999999998);
#1592=CYLINDRICAL_SURFACE('',#1765,0.499999999999998);
#1593=CYLINDRICAL_SURFACE('',#1769,0.500000000000003);
#1594=CYLINDRICAL_SURFACE('',#1773,0.500000000000007);
#1595=CYLINDRICAL_SURFACE('',#1777,0.499999999999989);
#1596=CYLINDRICAL_SURFACE('',#1781,0.500000000000007);
#1597=CYLINDRICAL_SURFACE('',#1785,0.499999999999997);
#1598=CYLINDRICAL_SURFACE('',#1789,0.499999999999998);
#1599=CYLINDRICAL_SURFACE('',#1793,0.499999999999998);
#1600=CYLINDRICAL_SURFACE('',#1797,0.499999999999994);
#1601=CYLINDRICAL_SURFACE('',#1801,0.499999999999998);
#1602=CYLINDRICAL_SURFACE('',#1805,0.499999999999998);
#1603=CYLINDRICAL_SURFACE('',#1809,0.499999999999998);
#1604=CYLINDRICAL_SURFACE('',#1813,0.500000000000007);
#1605=CYLINDRICAL_SURFACE('',#1817,0.500000000000003);
#1606=CYLINDRICAL_SURFACE('',#1821,0.499999999999998);
#1607=CYLINDRICAL_SURFACE('',#1825,0.499999999999989);
#1608=CYLINDRICAL_SURFACE('',#1829,0.499999999999998);
#1609=CYLINDRICAL_SURFACE('',#1833,0.499999999999997);
#1610=CYLINDRICAL_SURFACE('',#1837,0.500000000000007);
#1611=CYLINDRICAL_SURFACE('',#1841,0.499999999999998);
#1612=CYLINDRICAL_SURFACE('',#1845,0.500000000000007);
#1613=CYLINDRICAL_SURFACE('',#1849,0.499999999999998);
#1614=CYLINDRICAL_SURFACE('',#1853,0.499999999999998);
#1615=CYLINDRICAL_SURFACE('',#1857,0.499999999999998);
#1616=ADVANCED_FACE('',(#86),#1575,.F.);
#1617=ADVANCED_FACE('',(#87),#1576,.F.);
#1618=ADVANCED_FACE('',(#88),#1577,.F.);
#1619=ADVANCED_FACE('',(#89),#1578,.F.);
#1620=ADVANCED_FACE('',(#90),#1579,.F.);
#1621=ADVANCED_FACE('',(#91),#44,.T.);
#1622=ADVANCED_FACE('',(#92),#1580,.F.);
#1623=ADVANCED_FACE('',(#93),#45,.T.);
#1624=ADVANCED_FACE('',(#94),#1581,.F.);
#1625=ADVANCED_FACE('',(#95),#46,.T.);
#1626=ADVANCED_FACE('',(#96),#1582,.F.);
#1627=ADVANCED_FACE('',(#97),#47,.T.);
#1628=ADVANCED_FACE('',(#98),#1583,.F.);
#1629=ADVANCED_FACE('',(#99),#48,.T.);
#1630=ADVANCED_FACE('',(#100),#1584,.F.);
#1631=ADVANCED_FACE('',(#101),#49,.T.);
#1632=ADVANCED_FACE('',(#102),#1585,.F.);
#1633=ADVANCED_FACE('',(#103),#50,.T.);
#1634=ADVANCED_FACE('',(#104),#1586,.F.);
#1635=ADVANCED_FACE('',(#105),#51,.T.);
#1636=ADVANCED_FACE('',(#106),#1587,.F.);
#1637=ADVANCED_FACE('',(#107),#52,.T.);
#1638=ADVANCED_FACE('',(#108),#1588,.F.);
#1639=ADVANCED_FACE('',(#109),#53,.T.);
#1640=ADVANCED_FACE('',(#110),#1589,.F.);
#1641=ADVANCED_FACE('',(#111),#54,.T.);
#1642=ADVANCED_FACE('',(#112),#1590,.F.);
#1643=ADVANCED_FACE('',(#113),#55,.T.);
#1644=ADVANCED_FACE('',(#114),#1591,.F.);
#1645=ADVANCED_FACE('',(#115),#56,.T.);
#1646=ADVANCED_FACE('',(#116),#1592,.F.);
#1647=ADVANCED_FACE('',(#117),#57,.T.);
#1648=ADVANCED_FACE('',(#118),#1593,.F.);
#1649=ADVANCED_FACE('',(#119),#58,.T.);
#1650=ADVANCED_FACE('',(#120),#1594,.F.);
#1651=ADVANCED_FACE('',(#121),#59,.T.);
#1652=ADVANCED_FACE('',(#122),#1595,.F.);
#1653=ADVANCED_FACE('',(#123),#60,.T.);
#1654=ADVANCED_FACE('',(#124),#1596,.F.);
#1655=ADVANCED_FACE('',(#125),#61,.T.);
#1656=ADVANCED_FACE('',(#126),#1597,.F.);
#1657=ADVANCED_FACE('',(#127),#62,.T.);
#1658=ADVANCED_FACE('',(#128),#1598,.F.);
#1659=ADVANCED_FACE('',(#129),#63,.T.);
#1660=ADVANCED_FACE('',(#130),#1599,.F.);
#1661=ADVANCED_FACE('',(#131),#64,.T.);
#1662=ADVANCED_FACE('',(#132),#1600,.F.);
#1663=ADVANCED_FACE('',(#133),#65,.T.);
#1664=ADVANCED_FACE('',(#134),#1601,.F.);
#1665=ADVANCED_FACE('',(#135),#66,.T.);
#1666=ADVANCED_FACE('',(#136),#1602,.F.);
#1667=ADVANCED_FACE('',(#137),#67,.T.);
#1668=ADVANCED_FACE('',(#138),#1603,.F.);
#1669=ADVANCED_FACE('',(#139),#68,.T.);
#1670=ADVANCED_FACE('',(#140),#1604,.F.);
#1671=ADVANCED_FACE('',(#141),#69,.T.);
#1672=ADVANCED_FACE('',(#142),#1605,.F.);
#1673=ADVANCED_FACE('',(#143),#70,.T.);
#1674=ADVANCED_FACE('',(#144),#1606,.F.);
#1675=ADVANCED_FACE('',(#145),#71,.T.);
#1676=ADVANCED_FACE('',(#146),#1607,.F.);
#1677=ADVANCED_FACE('',(#147),#72,.T.);
#1678=ADVANCED_FACE('',(#148),#1608,.F.);
#1679=ADVANCED_FACE('',(#149),#73,.T.);
#1680=ADVANCED_FACE('',(#150),#1609,.F.);
#1681=ADVANCED_FACE('',(#151),#74,.T.);
#1682=ADVANCED_FACE('',(#152),#1610,.F.);
#1683=ADVANCED_FACE('',(#153),#75,.T.);
#1684=ADVANCED_FACE('',(#154),#1611,.F.);
#1685=ADVANCED_FACE('',(#155),#76,.T.);
#1686=ADVANCED_FACE('',(#156),#1612,.F.);
#1687=ADVANCED_FACE('',(#157),#77,.T.);
#1688=ADVANCED_FACE('',(#158),#1613,.F.);
#1689=ADVANCED_FACE('',(#159),#78,.T.);
#1690=ADVANCED_FACE('',(#160),#1614,.F.);
#1691=ADVANCED_FACE('',(#161),#79,.T.);
#1692=ADVANCED_FACE('',(#162),#1615,.F.);
#1693=ADVANCED_FACE('',(#163),#80,.T.);
#1694=ADVANCED_FACE('',(#164),#81,.T.);
#1695=ADVANCED_FACE('',(#165),#82,.T.);
#1696=ADVANCED_FACE('',(#166),#83,.T.);
#1697=ADVANCED_FACE('',(#167,#14,#15,#16,#17,#18,#19,#20,#21,#22,#23,#24,
#25,#26,#27),#84,.T.);
#1698=ADVANCED_FACE('',(#168,#28,#29,#30,#31,#32,#33,#34,#35,#36,#37,#38,
#39,#40,#41),#85,.F.);
#1699=CLOSED_SHELL('',(#1616,#1617,#1618,#1619,#1620,#1621,#1622,#1623,
#1624,#1625,#1626,#1627,#1628,#1629,#1630,#1631,#1632,#1633,#1634,#1635,
#1636,#1637,#1638,#1639,#1640,#1641,#1642,#1643,#1644,#1645,#1646,#1647,
#1648,#1649,#1650,#1651,#1652,#1653,#1654,#1655,#1656,#1657,#1658,#1659,
#1660,#1661,#1662,#1663,#1664,#1665,#1666,#1667,#1668,#1669,#1670,#1671,
#1672,#1673,#1674,#1675,#1676,#1677,#1678,#1679,#1680,#1681,#1682,#1683,
#1684,#1685,#1686,#1687,#1688,#1689,#1690,#1691,#1692,#1693,#1694,#1695,
#1696,#1697,#1698));
#1700=AXIS2_PLACEMENT_3D('',#2359,#1866,#1867);
#1701=AXIS2_PLACEMENT_3D('',#2360,#1868,#1869);
#1702=AXIS2_PLACEMENT_3D('',#2362,#1870,#1871);
#1703=AXIS2_PLACEMENT_3D('',#2365,#1873,#1874);
#1704=AXIS2_PLACEMENT_3D('',#2366,#1875,#1876);
#1705=AXIS2_PLACEMENT_3D('',#2368,#1877,#1878);
#1706=AXIS2_PLACEMENT_3D('',#2371,#1880,#1881);
#1707=AXIS2_PLACEMENT_3D('',#2372,#1882,#1883);
#1708=AXIS2_PLACEMENT_3D('',#2374,#1884,#1885);
#1709=AXIS2_PLACEMENT_3D('',#2377,#1887,#1888);
#1710=AXIS2_PLACEMENT_3D('',#2378,#1889,#1890);
#1711=AXIS2_PLACEMENT_3D('',#2380,#1891,#1892);
#1712=AXIS2_PLACEMENT_3D('',#2383,#1894,#1895);
#1713=AXIS2_PLACEMENT_3D('',#2384,#1896,#1897);
#1714=AXIS2_PLACEMENT_3D('',#2386,#1898,#1899);
#1715=AXIS2_PLACEMENT_3D('',#2389,#1901,#1902);
#1716=AXIS2_PLACEMENT_3D('',#2390,#1903,#1904);
#1717=AXIS2_PLACEMENT_3D('',#2399,#1909,#1910);
#1718=AXIS2_PLACEMENT_3D('',#2401,#1911,#1912);
#1719=AXIS2_PLACEMENT_3D('',#2403,#1913,#1914);
#1720=AXIS2_PLACEMENT_3D('',#2405,#1916,#1917);
#1721=AXIS2_PLACEMENT_3D('',#2411,#1921,#1922);
#1722=AXIS2_PLACEMENT_3D('',#2413,#1923,#1924);
#1723=AXIS2_PLACEMENT_3D('',#2415,#1925,#1926);
#1724=AXIS2_PLACEMENT_3D('',#2417,#1928,#1929);
#1725=AXIS2_PLACEMENT_3D('',#2423,#1933,#1934);
#1726=AXIS2_PLACEMENT_3D('',#2425,#1935,#1936);
#1727=AXIS2_PLACEMENT_3D('',#2427,#1937,#1938);
#1728=AXIS2_PLACEMENT_3D('',#2429,#1940,#1941);
#1729=AXIS2_PLACEMENT_3D('',#2435,#1945,#1946);
#1730=AXIS2_PLACEMENT_3D('',#2436,#1947,#1948);
#1731=AXIS2_PLACEMENT_3D('',#2437,#1949,#1950);
#1732=AXIS2_PLACEMENT_3D('',#2438,#1951,#1952);
#1733=AXIS2_PLACEMENT_3D('',#2447,#1957,#1958);
#1734=AXIS2_PLACEMENT_3D('',#2449,#1959,#1960);
#1735=AXIS2_PLACEMENT_3D('',#2451,#1961,#1962);
#1736=AXIS2_PLACEMENT_3D('',#2453,#1964,#1965);
#1737=AXIS2_PLACEMENT_3D('',#2459,#1969,#1970);
#1738=AXIS2_PLACEMENT_3D('',#2461,#1971,#1972);
#1739=AXIS2_PLACEMENT_3D('',#2463,#1973,#1974);
#1740=AXIS2_PLACEMENT_3D('',#2465,#1976,#1977);
#1741=AXIS2_PLACEMENT_3D('',#2471,#1981,#1982);
#1742=AXIS2_PLACEMENT_3D('',#2473,#1983,#1984);
#1743=AXIS2_PLACEMENT_3D('',#2475,#1985,#1986);
#1744=AXIS2_PLACEMENT_3D('',#2477,#1988,#1989);
#1745=AXIS2_PLACEMENT_3D('',#2483,#1993,#1994);
#1746=AXIS2_PLACEMENT_3D('',#2484,#1995,#1996);
#1747=AXIS2_PLACEMENT_3D('',#2485,#1997,#1998);
#1748=AXIS2_PLACEMENT_3D('',#2486,#1999,#2000);
#1749=AXIS2_PLACEMENT_3D('',#2495,#2005,#2006);
#1750=AXIS2_PLACEMENT_3D('',#2497,#2007,#2008);
#1751=AXIS2_PLACEMENT_3D('',#2499,#2009,#2010);
#1752=AXIS2_PLACEMENT_3D('',#2501,#2012,#2013);
#1753=AXIS2_PLACEMENT_3D('',#2507,#2017,#2018);
#1754=AXIS2_PLACEMENT_3D('',#2509,#2019,#2020);
#1755=AXIS2_PLACEMENT_3D('',#2511,#2021,#2022);
#1756=AXIS2_PLACEMENT_3D('',#2513,#2024,#2025);
#1757=AXIS2_PLACEMENT_3D('',#2519,#2029,#2030);
#1758=AXIS2_PLACEMENT_3D('',#2521,#2031,#2032);
#1759=AXIS2_PLACEMENT_3D('',#2523,#2033,#2034);
#1760=AXIS2_PLACEMENT_3D('',#2525,#2036,#2037);
#1761=AXIS2_PLACEMENT_3D('',#2531,#2041,#2042);
#1762=AXIS2_PLACEMENT_3D('',#2532,#2043,#2044);
#1763=AXIS2_PLACEMENT_3D('',#2533,#2045,#2046);
#1764=AXIS2_PLACEMENT_3D('',#2534,#2047,#2048);
#1765=AXIS2_PLACEMENT_3D('',#2543,#2053,#2054);
#1766=AXIS2_PLACEMENT_3D('',#2545,#2055,#2056);
#1767=AXIS2_PLACEMENT_3D('',#2547,#2057,#2058);
#1768=AXIS2_PLACEMENT_3D('',#2549,#2060,#2061);
#1769=AXIS2_PLACEMENT_3D('',#2555,#2065,#2066);
#1770=AXIS2_PLACEMENT_3D('',#2557,#2067,#2068);
#1771=AXIS2_PLACEMENT_3D('',#2559,#2069,#2070);
#1772=AXIS2_PLACEMENT_3D('',#2561,#2072,#2073);
#1773=AXIS2_PLACEMENT_3D('',#2567,#2077,#2078);
#1774=AXIS2_PLACEMENT_3D('',#2569,#2079,#2080);
#1775=AXIS2_PLACEMENT_3D('',#2571,#2081,#2082);
#1776=AXIS2_PLACEMENT_3D('',#2573,#2084,#2085);
#1777=AXIS2_PLACEMENT_3D('',#2579,#2089,#2090);
#1778=AXIS2_PLACEMENT_3D('',#2580,#2091,#2092);
#1779=AXIS2_PLACEMENT_3D('',#2581,#2093,#2094);
#1780=AXIS2_PLACEMENT_3D('',#2582,#2095,#2096);
#1781=AXIS2_PLACEMENT_3D('',#2591,#2101,#2102);
#1782=AXIS2_PLACEMENT_3D('',#2593,#2103,#2104);
#1783=AXIS2_PLACEMENT_3D('',#2595,#2105,#2106);
#1784=AXIS2_PLACEMENT_3D('',#2597,#2108,#2109);
#1785=AXIS2_PLACEMENT_3D('',#2603,#2113,#2114);
#1786=AXIS2_PLACEMENT_3D('',#2605,#2115,#2116);
#1787=AXIS2_PLACEMENT_3D('',#2607,#2117,#2118);
#1788=AXIS2_PLACEMENT_3D('',#2609,#2120,#2121);
#1789=AXIS2_PLACEMENT_3D('',#2615,#2125,#2126);
#1790=AXIS2_PLACEMENT_3D('',#2617,#2127,#2128);
#1791=AXIS2_PLACEMENT_3D('',#2619,#2129,#2130);
#1792=AXIS2_PLACEMENT_3D('',#2621,#2132,#2133);
#1793=AXIS2_PLACEMENT_3D('',#2627,#2137,#2138);
#1794=AXIS2_PLACEMENT_3D('',#2628,#2139,#2140);
#1795=AXIS2_PLACEMENT_3D('',#2629,#2141,#2142);
#1796=AXIS2_PLACEMENT_3D('',#2630,#2143,#2144);
#1797=AXIS2_PLACEMENT_3D('',#2639,#2149,#2150);
#1798=AXIS2_PLACEMENT_3D('',#2641,#2151,#2152);
#1799=AXIS2_PLACEMENT_3D('',#2643,#2153,#2154);
#1800=AXIS2_PLACEMENT_3D('',#2645,#2156,#2157);
#1801=AXIS2_PLACEMENT_3D('',#2651,#2161,#2162);
#1802=AXIS2_PLACEMENT_3D('',#2653,#2163,#2164);
#1803=AXIS2_PLACEMENT_3D('',#2655,#2165,#2166);
#1804=AXIS2_PLACEMENT_3D('',#2657,#2168,#2169);
#1805=AXIS2_PLACEMENT_3D('',#2663,#2173,#2174);
#1806=AXIS2_PLACEMENT_3D('',#2665,#2175,#2176);
#1807=AXIS2_PLACEMENT_3D('',#2667,#2177,#2178);
#1808=AXIS2_PLACEMENT_3D('',#2669,#2180,#2181);
#1809=AXIS2_PLACEMENT_3D('',#2675,#2185,#2186);
#1810=AXIS2_PLACEMENT_3D('',#2676,#2187,#2188);
#1811=AXIS2_PLACEMENT_3D('',#2677,#2189,#2190);
#1812=AXIS2_PLACEMENT_3D('',#2678,#2191,#2192);
#1813=AXIS2_PLACEMENT_3D('',#2687,#2197,#2198);
#1814=AXIS2_PLACEMENT_3D('',#2689,#2199,#2200);
#1815=AXIS2_PLACEMENT_3D('',#2691,#2201,#2202);
#1816=AXIS2_PLACEMENT_3D('',#2693,#2204,#2205);
#1817=AXIS2_PLACEMENT_3D('',#2699,#2209,#2210);
#1818=AXIS2_PLACEMENT_3D('',#2701,#2211,#2212);
#1819=AXIS2_PLACEMENT_3D('',#2703,#2213,#2214);
#1820=AXIS2_PLACEMENT_3D('',#2705,#2216,#2217);
#1821=AXIS2_PLACEMENT_3D('',#2711,#2221,#2222);
#1822=AXIS2_PLACEMENT_3D('',#2713,#2223,#2224);
#1823=AXIS2_PLACEMENT_3D('',#2715,#2225,#2226);
#1824=AXIS2_PLACEMENT_3D('',#2717,#2228,#2229);
#1825=AXIS2_PLACEMENT_3D('',#2723,#2233,#2234);
#1826=AXIS2_PLACEMENT_3D('',#2724,#2235,#2236);
#1827=AXIS2_PLACEMENT_3D('',#2725,#2237,#2238);
#1828=AXIS2_PLACEMENT_3D('',#2726,#2239,#2240);
#1829=AXIS2_PLACEMENT_3D('',#2735,#2245,#2246);
#1830=AXIS2_PLACEMENT_3D('',#2737,#2247,#2248);
#1831=AXIS2_PLACEMENT_3D('',#2739,#2249,#2250);
#1832=AXIS2_PLACEMENT_3D('',#2741,#2252,#2253);
#1833=AXIS2_PLACEMENT_3D('',#2747,#2257,#2258);
#1834=AXIS2_PLACEMENT_3D('',#2749,#2259,#2260);
#1835=AXIS2_PLACEMENT_3D('',#2751,#2261,#2262);
#1836=AXIS2_PLACEMENT_3D('',#2753,#2264,#2265);
#1837=AXIS2_PLACEMENT_3D('',#2759,#2269,#2270);
#1838=AXIS2_PLACEMENT_3D('',#2761,#2271,#2272);
#1839=AXIS2_PLACEMENT_3D('',#2763,#2273,#2274);
#1840=AXIS2_PLACEMENT_3D('',#2765,#2276,#2277);
#1841=AXIS2_PLACEMENT_3D('',#2771,#2281,#2282);
#1842=AXIS2_PLACEMENT_3D('',#2772,#2283,#2284);
#1843=AXIS2_PLACEMENT_3D('',#2773,#2285,#2286);
#1844=AXIS2_PLACEMENT_3D('',#2774,#2287,#2288);
#1845=AXIS2_PLACEMENT_3D('',#2783,#2293,#2294);
#1846=AXIS2_PLACEMENT_3D('',#2785,#2295,#2296);
#1847=AXIS2_PLACEMENT_3D('',#2787,#2297,#2298);
#1848=AXIS2_PLACEMENT_3D('',#2789,#2300,#2301);
#1849=AXIS2_PLACEMENT_3D('',#2795,#2305,#2306);
#1850=AXIS2_PLACEMENT_3D('',#2797,#2307,#2308);
#1851=AXIS2_PLACEMENT_3D('',#2799,#2309,#2310);
#1852=AXIS2_PLACEMENT_3D('',#2801,#2312,#2313);
#1853=AXIS2_PLACEMENT_3D('',#2807,#2317,#2318);
#1854=AXIS2_PLACEMENT_3D('',#2809,#2319,#2320);
#1855=AXIS2_PLACEMENT_3D('',#2811,#2321,#2322);
#1856=AXIS2_PLACEMENT_3D('',#2813,#2324,#2325);
#1857=AXIS2_PLACEMENT_3D('',#2819,#2329,#2330);
#1858=AXIS2_PLACEMENT_3D('',#2820,#2331,#2332);
#1859=AXIS2_PLACEMENT_3D('',#2821,#2333,#2334);
#1860=AXIS2_PLACEMENT_3D('',#2822,#2335,#2336);
#1861=AXIS2_PLACEMENT_3D('',#2831,#2341,#2342);
#1862=AXIS2_PLACEMENT_3D('',#2837,#2346,#2347);
#1863=AXIS2_PLACEMENT_3D('',#2843,#2351,#2352);
#1864=AXIS2_PLACEMENT_3D('',#2846,#2355,#2356);
#1865=AXIS2_PLACEMENT_3D('',#2847,#2357,#2358);
#1866=DIRECTION('axis',(0.,0.,1.));
#1867=DIRECTION('refdir',(1.,0.,0.));
#1868=DIRECTION('center_axis',(0.,0.,-1.));
#1869=DIRECTION('ref_axis',(1.,0.,0.));
#1870=DIRECTION('center_axis',(0.,0.,-1.));
#1871=DIRECTION('ref_axis',(1.,0.,0.));
#1872=DIRECTION('',(0.,0.,-1.));
#1873=DIRECTION('center_axis',(0.,0.,1.));
#1874=DIRECTION('ref_axis',(1.,0.,0.));
#1875=DIRECTION('center_axis',(0.,0.,-1.));
#1876=DIRECTION('ref_axis',(1.,0.,0.));
#1877=DIRECTION('center_axis',(0.,0.,-1.));
#1878=DIRECTION('ref_axis',(1.,0.,0.));
#1879=DIRECTION('',(0.,0.,-1.));
#1880=DIRECTION('center_axis',(0.,0.,1.));
#1881=DIRECTION('ref_axis',(1.,0.,0.));
#1882=DIRECTION('center_axis',(0.,0.,-1.));
#1883=DIRECTION('ref_axis',(1.,0.,0.));
#1884=DIRECTION('center_axis',(0.,0.,-1.));
#1885=DIRECTION('ref_axis',(1.,0.,0.));
#1886=DIRECTION('',(0.,0.,-1.));
#1887=DIRECTION('center_axis',(0.,0.,1.));
#1888=DIRECTION('ref_axis',(1.,0.,0.));
#1889=DIRECTION('center_axis',(0.,0.,-1.));
#1890=DIRECTION('ref_axis',(1.,0.,0.));
#1891=DIRECTION('center_axis',(0.,0.,-1.));
#1892=DIRECTION('ref_axis',(1.,0.,0.));
#1893=DIRECTION('',(0.,0.,-1.));
#1894=DIRECTION('center_axis',(0.,0.,1.));
#1895=DIRECTION('ref_axis',(1.,0.,0.));
#1896=DIRECTION('center_axis',(0.,0.,-1.));
#1897=DIRECTION('ref_axis',(1.,0.,0.));
#1898=DIRECTION('center_axis',(0.,0.,-1.));
#1899=DIRECTION('ref_axis',(1.,0.,0.));
#1900=DIRECTION('',(0.,0.,-1.));
#1901=DIRECTION('center_axis',(0.,0.,1.));
#1902=DIRECTION('ref_axis',(1.,0.,0.));
#1903=DIRECTION('center_axis',(0.999894622823997,-0.0145169985760279,0.));
#1904=DIRECTION('ref_axis',(0.0145169985760279,0.999894622823997,0.));
#1905=DIRECTION('',(0.0145169985760279,0.999894622823997,0.));
#1906=DIRECTION('',(0.,0.,1.));
#1907=DIRECTION('',(0.0145169985760279,0.999894622823997,0.));
#1908=DIRECTION('',(0.,0.,1.));
#1909=DIRECTION('center_axis',(0.,0.,1.));
#1910=DIRECTION('ref_axis',(-1.,8.8817841970012E-15,0.));
#1911=DIRECTION('center_axis',(0.,0.,-1.));
#1912=DIRECTION('ref_axis',(-1.,8.8817841970012E-15,0.));
#1913=DIRECTION('center_axis',(0.,0.,-1.));
#1914=DIRECTION('ref_axis',(-1.,8.8817841970012E-15,0.));
#1915=DIRECTION('',(0.,0.,1.));
#1916=DIRECTION('center_axis',(-0.0102213938738689,0.999947760189139,0.));
#1917=DIRECTION('ref_axis',(-0.999947760189139,-0.0102213938738689,0.));
#1918=DIRECTION('',(-0.999947760189139,-0.0102213938738689,0.));
#1919=DIRECTION('',(-0.999947760189139,-0.0102213938738689,0.));
#1920=DIRECTION('',(0.,0.,1.));
#1921=DIRECTION('center_axis',(0.,0.,1.));
#1922=DIRECTION('ref_axis',(0.,-1.,0.));
#1923=DIRECTION('center_axis',(0.,0.,-1.));
#1924=DIRECTION('ref_axis',(0.,-1.,0.));
#1925=DIRECTION('center_axis',(0.,0.,-1.));
#1926=DIRECTION('ref_axis',(0.,-1.,0.));
#1927=DIRECTION('',(0.,0.,1.));
#1928=DIRECTION('center_axis',(-0.999982066888313,0.00598881472223112,0.));
#1929=DIRECTION('ref_axis',(-0.00598881472223112,-0.999982066888313,0.));
#1930=DIRECTION('',(-0.00598881472223112,-0.999982066888313,0.));
#1931=DIRECTION('',(-0.00598881472223112,-0.999982066888313,0.));
#1932=DIRECTION('',(0.,0.,1.));
#1933=DIRECTION('center_axis',(0.,0.,1.));
#1934=DIRECTION('ref_axis',(1.,0.,0.));
#1935=DIRECTION('center_axis',(0.,0.,-1.));
#1936=DIRECTION('ref_axis',(1.,0.,0.));
#1937=DIRECTION('center_axis',(0.,0.,-1.));
#1938=DIRECTION('ref_axis',(1.,0.,0.));
#1939=DIRECTION('',(0.,0.,1.));
#1940=DIRECTION('center_axis',(-0.00750422315386128,-0.999971842921018,
0.));
#1941=DIRECTION('ref_axis',(0.999971842921018,-0.00750422315386128,0.));
#1942=DIRECTION('',(0.999971842921018,-0.00750422315386128,0.));
#1943=DIRECTION('',(0.999971842921018,-0.00750422315386128,0.));
#1944=DIRECTION('',(0.,0.,1.));
#1945=DIRECTION('center_axis',(0.,0.,1.));
#1946=DIRECTION('ref_axis',(0.,1.,0.));
#1947=DIRECTION('center_axis',(0.,0.,-1.));
#1948=DIRECTION('ref_axis',(0.,1.,0.));
#1949=DIRECTION('center_axis',(0.,0.,-1.));
#1950=DIRECTION('ref_axis',(0.,1.,0.));
#1951=DIRECTION('center_axis',(0.999988315195725,0.00483419817717733,0.));
#1952=DIRECTION('ref_axis',(-0.00483419817717733,0.999988315195725,0.));
#1953=DIRECTION('',(-0.00483419817717733,0.999988315195725,0.));
#1954=DIRECTION('',(0.,0.,1.));
#1955=DIRECTION('',(-0.00483419817717733,0.999988315195725,0.));
#1956=DIRECTION('',(0.,0.,1.));
#1957=DIRECTION('center_axis',(0.,0.,1.));
#1958=DIRECTION('ref_axis',(-1.,0.,0.));
#1959=DIRECTION('center_axis',(0.,0.,-1.));
#1960=DIRECTION('ref_axis',(-1.,0.,0.));
#1961=DIRECTION('center_axis',(0.,0.,-1.));
#1962=DIRECTION('ref_axis',(-1.,0.,0.));
#1963=DIRECTION('',(0.,0.,1.));
#1964=DIRECTION('center_axis',(-0.0123791766764189,0.999923375056716,0.));
#1965=DIRECTION('ref_axis',(-0.999923375056716,-0.0123791766764189,0.));
#1966=DIRECTION('',(-0.999923375056716,-0.0123791766764189,0.));
#1967=DIRECTION('',(-0.999923375056716,-0.0123791766764189,0.));
#1968=DIRECTION('',(0.,0.,1.));
#1969=DIRECTION('center_axis',(0.,0.,1.));
#1970=DIRECTION('ref_axis',(0.,-1.,0.));
#1971=DIRECTION('center_axis',(0.,0.,-1.));
#1972=DIRECTION('ref_axis',(0.,-1.,0.));
#1973=DIRECTION('center_axis',(0.,0.,-1.));
#1974=DIRECTION('ref_axis',(0.,-1.,0.));
#1975=DIRECTION('',(0.,0.,1.));
#1976=DIRECTION('center_axis',(-0.999932767797664,-0.0115956838739105,0.));
#1977=DIRECTION('ref_axis',(0.0115956838739105,-0.999932767797664,0.));
#1978=DIRECTION('',(0.0115956838739105,-0.999932767797664,0.));
#1979=DIRECTION('',(0.0115956838739105,-0.999932767797664,0.));
#1980=DIRECTION('',(0.,0.,1.));
#1981=DIRECTION('center_axis',(0.,0.,1.));
#1982=DIRECTION('ref_axis',(1.,0.,0.));
#1983=DIRECTION('center_axis',(0.,0.,-1.));
#1984=DIRECTION('ref_axis',(1.,0.,0.));
#1985=DIRECTION('center_axis',(0.,0.,-1.));
#1986=DIRECTION('ref_axis',(1.,0.,0.));
#1987=DIRECTION('',(0.,0.,1.));
#1988=DIRECTION('center_axis',(0.0293360009970179,-0.999569606903643,0.));
#1989=DIRECTION('ref_axis',(0.999569606903643,0.0293360009970179,0.));
#1990=DIRECTION('',(0.999569606903643,0.0293360009970179,0.));
#1991=DIRECTION('',(0.999569606903643,0.0293360009970179,0.));
#1992=DIRECTION('',(0.,0.,1.));
#1993=DIRECTION('center_axis',(0.,0.,1.));
#1994=DIRECTION('ref_axis',(0.,1.,0.));
#1995=DIRECTION('center_axis',(0.,0.,-1.));
#1996=DIRECTION('ref_axis',(0.,1.,0.));
#1997=DIRECTION('center_axis',(0.,0.,-1.));
#1998=DIRECTION('ref_axis',(0.,1.,0.));
#1999=DIRECTION('center_axis',(0.999989878365892,-0.00449924057693332,0.));
#2000=DIRECTION('ref_axis',(0.00449924057693332,0.999989878365892,0.));
#2001=DIRECTION('',(0.00449924057693332,0.999989878365892,0.));
#2002=DIRECTION('',(0.,0.,1.));
#2003=DIRECTION('',(0.00449924057693332,0.999989878365892,0.));
#2004=DIRECTION('',(0.,0.,1.));
#2005=DIRECTION('center_axis',(0.,0.,1.));
#2006=DIRECTION('ref_axis',(-1.,0.,0.));
#2007=DIRECTION('center_axis',(0.,0.,-1.));
#2008=DIRECTION('ref_axis',(-1.,0.,0.));
#2009=DIRECTION('center_axis',(0.,0.,-1.));
#2010=DIRECTION('ref_axis',(-1.,0.,0.));
#2011=DIRECTION('',(0.,0.,1.));
#2012=DIRECTION('center_axis',(0.0140225544568812,0.999901679149757,0.));
#2013=DIRECTION('ref_axis',(-0.999901679149757,0.0140225544568812,0.));
#2014=DIRECTION('',(-0.999901679149757,0.0140225544568812,0.));
#2015=DIRECTION('',(-0.999901679149757,0.0140225544568812,0.));
#2016=DIRECTION('',(0.,0.,1.));
#2017=DIRECTION('center_axis',(0.,0.,1.));
#2018=DIRECTION('ref_axis',(0.,-1.,0.));
#2019=DIRECTION('center_axis',(0.,0.,-1.));
#2020=DIRECTION('ref_axis',(0.,-1.,0.));
#2021=DIRECTION('center_axis',(0.,0.,-1.));
#2022=DIRECTION('ref_axis',(0.,-1.,0.));
#2023=DIRECTION('',(0.,0.,1.));
#2024=DIRECTION('center_axis',(-0.99995839639363,-0.00912170389129152,0.));
#2025=DIRECTION('ref_axis',(0.00912170389129152,-0.99995839639363,0.));
#2026=DIRECTION('',(0.00912170389129152,-0.99995839639363,0.));
#2027=DIRECTION('',(0.00912170389129152,-0.99995839639363,0.));
#2028=DIRECTION('',(0.,0.,1.));
#2029=DIRECTION('center_axis',(0.,0.,1.));
#2030=DIRECTION('ref_axis',(1.,0.,0.));
#2031=DIRECTION('center_axis',(0.,0.,-1.));
#2032=DIRECTION('ref_axis',(1.,0.,0.));
#2033=DIRECTION('center_axis',(0.,0.,-1.));
#2034=DIRECTION('ref_axis',(1.,0.,0.));
#2035=DIRECTION('',(0.,0.,1.));
#2036=DIRECTION('center_axis',(-0.00149172176096661,-0.999998887382475,
0.));
#2037=DIRECTION('ref_axis',(0.999998887382475,-0.00149172176096661,0.));
#2038=DIRECTION('',(0.999998887382475,-0.00149172176096661,0.));
#2039=DIRECTION('',(0.999998887382475,-0.00149172176096661,0.));
#2040=DIRECTION('',(0.,0.,1.));
#2041=DIRECTION('center_axis',(0.,0.,1.));
#2042=DIRECTION('ref_axis',(0.,1.,0.));
#2043=DIRECTION('center_axis',(0.,0.,-1.));
#2044=DIRECTION('ref_axis',(0.,1.,0.));
#2045=DIRECTION('center_axis',(0.,0.,-1.));
#2046=DIRECTION('ref_axis',(0.,1.,0.));
#2047=DIRECTION('center_axis',(1.,0.,0.));
#2048=DIRECTION('ref_axis',(0.,1.,0.));
#2049=DIRECTION('',(0.,1.,0.));
#2050=DIRECTION('',(0.,0.,1.));
#2051=DIRECTION('',(0.,1.,0.));
#2052=DIRECTION('',(0.,0.,1.));
#2053=DIRECTION('center_axis',(0.,0.,1.));
#2054=DIRECTION('ref_axis',(-1.,8.88178419700128E-15,0.));
#2055=DIRECTION('center_axis',(0.,0.,-1.));
#2056=DIRECTION('ref_axis',(-1.,8.88178419700128E-15,0.));
#2057=DIRECTION('center_axis',(0.,0.,-1.));
#2058=DIRECTION('ref_axis',(-1.,8.88178419700128E-15,0.));
#2059=DIRECTION('',(0.,0.,1.));
#2060=DIRECTION('center_axis',(0.0016682153510133,0.999998608527803,0.));
#2061=DIRECTION('ref_axis',(-0.999998608527803,0.0016682153510133,0.));
#2062=DIRECTION('',(-0.999998608527803,0.0016682153510133,0.));
#2063=DIRECTION('',(-0.999998608527803,0.0016682153510133,0.));
#2064=DIRECTION('',(0.,0.,1.));
#2065=DIRECTION('center_axis',(0.,0.,1.));
#2066=DIRECTION('ref_axis',(0.,-1.,0.));
#2067=DIRECTION('center_axis',(0.,0.,-1.));
#2068=DIRECTION('ref_axis',(0.,-1.,0.));
#2069=DIRECTION('center_axis',(0.,0.,-1.));
#2070=DIRECTION('ref_axis',(0.,-1.,0.));
#2071=DIRECTION('',(0.,0.,1.));
#2072=DIRECTION('center_axis',(-0.999987816371859,-0.00493630507982884,
0.));
#2073=DIRECTION('ref_axis',(0.00493630507982884,-0.999987816371859,0.));
#2074=DIRECTION('',(0.00493630507982884,-0.999987816371859,0.));
#2075=DIRECTION('',(0.00493630507982884,-0.999987816371859,0.));
#2076=DIRECTION('',(0.,0.,1.));
#2077=DIRECTION('center_axis',(0.,0.,1.));
#2078=DIRECTION('ref_axis',(1.,0.,0.));
#2079=DIRECTION('center_axis',(0.,0.,-1.));
#2080=DIRECTION('ref_axis',(1.,0.,0.));
#2081=DIRECTION('center_axis',(0.,0.,-1.));
#2082=DIRECTION('ref_axis',(1.,0.,0.));
#2083=DIRECTION('',(0.,0.,1.));
#2084=DIRECTION('center_axis',(-0.00889037231458276,-0.999960479859133,
0.));
#2085=DIRECTION('ref_axis',(0.999960479859133,-0.00889037231458276,0.));
#2086=DIRECTION('',(0.999960479859133,-0.00889037231458276,0.));
#2087=DIRECTION('',(0.999960479859133,-0.00889037231458276,0.));
#2088=DIRECTION('',(0.,0.,1.));
#2089=DIRECTION('center_axis',(0.,0.,1.));
#2090=DIRECTION('ref_axis',(0.,1.,0.));
#2091=DIRECTION('center_axis',(0.,0.,-1.));
#2092=DIRECTION('ref_axis',(0.,1.,0.));
#2093=DIRECTION('center_axis',(0.,0.,-1.));
#2094=DIRECTION('ref_axis',(0.,1.,0.));
#2095=DIRECTION('center_axis',(0.999901042359767,-0.0140678885356778,0.));
#2096=DIRECTION('ref_axis',(0.0140678885356778,0.999901042359767,0.));
#2097=DIRECTION('',(0.0140678885356778,0.999901042359767,0.));
#2098=DIRECTION('',(0.,0.,1.));
#2099=DIRECTION('',(0.0140678885356778,0.999901042359767,0.));
#2100=DIRECTION('',(0.,0.,1.));
#2101=DIRECTION('center_axis',(0.,0.,1.));
#2102=DIRECTION('ref_axis',(-1.,0.,0.));
#2103=DIRECTION('center_axis',(0.,0.,-1.));
#2104=DIRECTION('ref_axis',(-1.,0.,0.));
#2105=DIRECTION('center_axis',(0.,0.,-1.));
#2106=DIRECTION('ref_axis',(-1.,0.,0.));
#2107=DIRECTION('',(0.,0.,1.));
#2108=DIRECTION('center_axis',(-0.0128347122847597,0.999917631688014,0.));
#2109=DIRECTION('ref_axis',(-0.999917631688014,-0.0128347122847597,0.));
#2110=DIRECTION('',(-0.999917631688014,-0.0128347122847597,0.));
#2111=DIRECTION('',(-0.999917631688014,-0.0128347122847597,0.));
#2112=DIRECTION('',(0.,0.,1.));
#2113=DIRECTION('center_axis',(0.,0.,1.));
#2114=DIRECTION('ref_axis',(1.77635683940026E-14,-1.,0.));
#2115=DIRECTION('center_axis',(0.,0.,-1.));
#2116=DIRECTION('ref_axis',(1.77635683940026E-14,-1.,0.));
#2117=DIRECTION('center_axis',(0.,0.,-1.));
#2118=DIRECTION('ref_axis',(1.77635683940026E-14,-1.,0.));
#2119=DIRECTION('',(0.,0.,1.));
#2120=DIRECTION('center_axis',(-0.999987951114005,0.0049089333683968,0.));
#2121=DIRECTION('ref_axis',(-0.0049089333683968,-0.999987951114005,0.));
#2122=DIRECTION('',(-0.0049089333683968,-0.999987951114005,0.));
#2123=DIRECTION('',(-0.0049089333683968,-0.999987951114005,0.));
#2124=DIRECTION('',(0.,0.,1.));
#2125=DIRECTION('center_axis',(0.,0.,1.));
#2126=DIRECTION('ref_axis',(1.,0.,0.));
#2127=DIRECTION('center_axis',(0.,0.,-1.));
#2128=DIRECTION('ref_axis',(1.,0.,0.));
#2129=DIRECTION('center_axis',(0.,0.,-1.));
#2130=DIRECTION('ref_axis',(1.,0.,0.));
#2131=DIRECTION('',(0.,0.,1.));
#2132=DIRECTION('center_axis',(-0.0114402623231159,-0.999934558057665,0.));
#2133=DIRECTION('ref_axis',(0.999934558057665,-0.0114402623231159,0.));
#2134=DIRECTION('',(0.999934558057665,-0.0114402623231159,0.));
#2135=DIRECTION('',(0.999934558057665,-0.0114402623231159,0.));
#2136=DIRECTION('',(0.,0.,1.));
#2137=DIRECTION('center_axis',(0.,0.,1.));
#2138=DIRECTION('ref_axis',(0.,1.,0.));
#2139=DIRECTION('center_axis',(0.,0.,-1.));
#2140=DIRECTION('ref_axis',(0.,1.,0.));
#2141=DIRECTION('center_axis',(0.,0.,-1.));
#2142=DIRECTION('ref_axis',(0.,1.,0.));
#2143=DIRECTION('center_axis',(0.999919526524252,-0.0126862317303147,0.));
#2144=DIRECTION('ref_axis',(0.0126862317303147,0.999919526524252,0.));
#2145=DIRECTION('',(0.0126862317303147,0.999919526524252,0.));
#2146=DIRECTION('',(0.,0.,1.));
#2147=DIRECTION('',(0.0126862317303147,0.999919526524252,0.));
#2148=DIRECTION('',(0.,0.,1.));
#2149=DIRECTION('center_axis',(0.,0.,1.));
#2150=DIRECTION('ref_axis',(-1.,0.,0.));
#2151=DIRECTION('center_axis',(0.,0.,-1.));
#2152=DIRECTION('ref_axis',(-1.,0.,0.));
#2153=DIRECTION('center_axis',(0.,0.,-1.));
#2154=DIRECTION('ref_axis',(-1.,0.,0.));
#2155=DIRECTION('',(0.,0.,1.));
#2156=DIRECTION('center_axis',(-0.00416507708310221,0.999991326028827,0.));
#2157=DIRECTION('ref_axis',(-0.999991326028827,-0.00416507708310221,0.));
#2158=DIRECTION('',(-0.999991326028827,-0.00416507708310221,0.));
#2159=DIRECTION('',(-0.999991326028827,-0.00416507708310221,0.));
#2160=DIRECTION('',(0.,0.,1.));
#2161=DIRECTION('center_axis',(0.,0.,1.));
#2162=DIRECTION('ref_axis',(0.,-1.,0.));
#2163=DIRECTION('center_axis',(0.,0.,-1.));
#2164=DIRECTION('ref_axis',(0.,-1.,0.));
#2165=DIRECTION('center_axis',(0.,0.,-1.));
#2166=DIRECTION('ref_axis',(0.,-1.,0.));
#2167=DIRECTION('',(0.,0.,1.));
#2168=DIRECTION('center_axis',(-0.999949868162082,0.0100130496171527,0.));
#2169=DIRECTION('ref_axis',(-0.0100130496171527,-0.999949868162082,0.));
#2170=DIRECTION('',(-0.0100130496171527,-0.999949868162082,0.));
#2171=DIRECTION('',(-0.0100130496171527,-0.999949868162082,0.));
#2172=DIRECTION('',(0.,0.,1.));
#2173=DIRECTION('center_axis',(0.,0.,1.));
#2174=DIRECTION('ref_axis',(1.,0.,0.));
#2175=DIRECTION('center_axis',(0.,0.,-1.));
#2176=DIRECTION('ref_axis',(1.,0.,0.));
#2177=DIRECTION('center_axis',(0.,0.,-1.));
#2178=DIRECTION('ref_axis',(1.,0.,0.));
#2179=DIRECTION('',(0.,0.,1.));
#2180=DIRECTION('center_axis',(5.55111504040772E-16,-1.,0.));
#2181=DIRECTION('ref_axis',(1.,5.55111504040772E-16,0.));
#2182=DIRECTION('',(1.,5.55111504040772E-16,0.));
#2183=DIRECTION('',(1.,5.55111504040772E-16,0.));
#2184=DIRECTION('',(0.,0.,1.));
#2185=DIRECTION('center_axis',(0.,0.,1.));
#2186=DIRECTION('ref_axis',(0.,1.,0.));
#2187=DIRECTION('center_axis',(0.,0.,-1.));
#2188=DIRECTION('ref_axis',(0.,1.,0.));
#2189=DIRECTION('center_axis',(0.,0.,-1.));
#2190=DIRECTION('ref_axis',(0.,1.,0.));
#2191=DIRECTION('center_axis',(1.,0.,0.));
#2192=DIRECTION('ref_axis',(0.,1.,0.));
#2193=DIRECTION('',(0.,1.,0.));
#2194=DIRECTION('',(0.,0.,1.));
#2195=DIRECTION('',(0.,1.,0.));
#2196=DIRECTION('',(0.,0.,1.));
#2197=DIRECTION('center_axis',(0.,0.,1.));
#2198=DIRECTION('ref_axis',(-1.,8.88178419700113E-15,0.));
#2199=DIRECTION('center_axis',(0.,0.,-1.));
#2200=DIRECTION('ref_axis',(-1.,8.88178419700113E-15,0.));
#2201=DIRECTION('center_axis',(0.,0.,-1.));
#2202=DIRECTION('ref_axis',(-1.,8.88178419700113E-15,0.));
#2203=DIRECTION('',(0.,0.,1.));
#2204=DIRECTION('center_axis',(0.00737313783330745,0.999972818049816,0.));
#2205=DIRECTION('ref_axis',(-0.999972818049816,0.00737313783330745,0.));
#2206=DIRECTION('',(-0.999972818049816,0.00737313783330745,0.));
#2207=DIRECTION('',(-0.999972818049816,0.00737313783330745,0.));
#2208=DIRECTION('',(0.,0.,1.));
#2209=DIRECTION('center_axis',(0.,0.,1.));
#2210=DIRECTION('ref_axis',(0.,-1.,0.));
#2211=DIRECTION('center_axis',(0.,0.,-1.));
#2212=DIRECTION('ref_axis',(0.,-1.,0.));
#2213=DIRECTION('center_axis',(0.,0.,-1.));
#2214=DIRECTION('ref_axis',(0.,-1.,0.));
#2215=DIRECTION('',(0.,0.,1.));
#2216=DIRECTION('center_axis',(-0.999999274761535,-0.00120435725788092,
0.));
#2217=DIRECTION('ref_axis',(0.00120435725788092,-0.999999274761535,0.));
#2218=DIRECTION('',(0.00120435725788092,-0.999999274761535,0.));
#2219=DIRECTION('',(0.00120435725788092,-0.999999274761535,0.));
#2220=DIRECTION('',(0.,0.,1.));
#2221=DIRECTION('center_axis',(0.,0.,1.));
#2222=DIRECTION('ref_axis',(1.,0.,0.));
#2223=DIRECTION('center_axis',(0.,0.,-1.));
#2224=DIRECTION('ref_axis',(1.,0.,0.));
#2225=DIRECTION('center_axis',(0.,0.,-1.));
#2226=DIRECTION('ref_axis',(1.,0.,0.));
#2227=DIRECTION('',(0.,0.,1.));
#2228=DIRECTION('center_axis',(0.000956987574671415,-0.999999542087286,
0.));
#2229=DIRECTION('ref_axis',(0.999999542087286,0.000956987574671415,0.));
#2230=DIRECTION('',(0.999999542087286,0.000956987574671415,0.));
#2231=DIRECTION('',(0.999999542087286,0.000956987574671415,0.));
#2232=DIRECTION('',(0.,0.,1.));
#2233=DIRECTION('center_axis',(0.,0.,1.));
#2234=DIRECTION('ref_axis',(1.77635683940029E-14,1.,0.));
#2235=DIRECTION('center_axis',(0.,0.,-1.));
#2236=DIRECTION('ref_axis',(1.77635683940029E-14,1.,0.));
#2237=DIRECTION('center_axis',(0.,0.,-1.));
#2238=DIRECTION('ref_axis',(1.77635683940029E-14,1.,0.));
#2239=DIRECTION('center_axis',(1.,1.18423787528698E-15,0.));
#2240=DIRECTION('ref_axis',(-1.18423787528698E-15,1.,0.));
#2241=DIRECTION('',(-1.18423787528698E-15,1.,0.));
#2242=DIRECTION('',(0.,0.,1.));
#2243=DIRECTION('',(-1.18423787528698E-15,1.,0.));
#2244=DIRECTION('',(0.,0.,1.));
#2245=DIRECTION('center_axis',(0.,0.,1.));
#2246=DIRECTION('ref_axis',(-1.,0.,0.));
#2247=DIRECTION('center_axis',(0.,0.,-1.));
#2248=DIRECTION('ref_axis',(-1.,0.,0.));
#2249=DIRECTION('center_axis',(0.,0.,-1.));
#2250=DIRECTION('ref_axis',(-1.,0.,0.));
#2251=DIRECTION('',(0.,0.,1.));
#2252=DIRECTION('center_axis',(2.0816681401529E-16,1.,0.));
#2253=DIRECTION('ref_axis',(-1.,2.0816681401529E-16,0.));
#2254=DIRECTION('',(-1.,2.0816681401529E-16,0.));
#2255=DIRECTION('',(-1.,2.0816681401529E-16,0.));
#2256=DIRECTION('',(0.,0.,1.));
#2257=DIRECTION('center_axis',(0.,0.,1.));
#2258=DIRECTION('ref_axis',(0.,-1.,0.));
#2259=DIRECTION('center_axis',(0.,0.,-1.));
#2260=DIRECTION('ref_axis',(0.,-1.,0.));
#2261=DIRECTION('center_axis',(0.,0.,-1.));
#2262=DIRECTION('ref_axis',(0.,-1.,0.));
#2263=DIRECTION('',(0.,0.,1.));
#2264=DIRECTION('center_axis',(-1.,0.,0.));
#2265=DIRECTION('ref_axis',(0.,-1.,0.));
#2266=DIRECTION('',(0.,-1.,0.));
#2267=DIRECTION('',(0.,-1.,0.));
#2268=DIRECTION('',(0.,0.,1.));
#2269=DIRECTION('center_axis',(0.,0.,1.));
#2270=DIRECTION('ref_axis',(1.,0.,0.));
#2271=DIRECTION('center_axis',(0.,0.,-1.));
#2272=DIRECTION('ref_axis',(1.,0.,0.));
#2273=DIRECTION('center_axis',(0.,0.,-1.));
#2274=DIRECTION('ref_axis',(1.,0.,0.));
#2275=DIRECTION('',(0.,0.,1.));
#2276=DIRECTION('center_axis',(-2.77555752020386E-16,-1.,0.));
#2277=DIRECTION('ref_axis',(1.,-2.77555752020386E-16,0.));
#2278=DIRECTION('',(1.,-2.77555752020386E-16,0.));
#2279=DIRECTION('',(1.,-2.77555752020386E-16,0.));
#2280=DIRECTION('',(0.,0.,1.));
#2281=DIRECTION('center_axis',(0.,0.,1.));
#2282=DIRECTION('ref_axis',(0.,1.,0.));
#2283=DIRECTION('center_axis',(0.,0.,-1.));
#2284=DIRECTION('ref_axis',(0.,1.,0.));
#2285=DIRECTION('center_axis',(0.,0.,-1.));
#2286=DIRECTION('ref_axis',(0.,1.,0.));
#2287=DIRECTION('center_axis',(0.999999999877768,-1.56353629076144E-5,0.));
#2288=DIRECTION('ref_axis',(1.56353629076144E-5,0.999999999877768,0.));
#2289=DIRECTION('',(1.56353629076144E-5,0.999999999877768,0.));
#2290=DIRECTION('',(0.,0.,1.));
#2291=DIRECTION('',(1.56353629076144E-5,0.999999999877768,0.));
#2292=DIRECTION('',(0.,0.,1.));
#2293=DIRECTION('center_axis',(0.,0.,1.));
#2294=DIRECTION('ref_axis',(-1.,0.,0.));
#2295=DIRECTION('center_axis',(0.,0.,-1.));
#2296=DIRECTION('ref_axis',(-1.,0.,0.));
#2297=DIRECTION('center_axis',(0.,0.,-1.));
#2298=DIRECTION('ref_axis',(-1.,0.,0.));
#2299=DIRECTION('',(0.,0.,1.));
#2300=DIRECTION('center_axis',(0.00116352398191411,0.999999323105743,0.));
#2301=DIRECTION('ref_axis',(-0.999999323105743,0.00116352398191411,0.));
#2302=DIRECTION('',(-0.999999323105743,0.00116352398191411,0.));
#2303=DIRECTION('',(-0.999999323105743,0.00116352398191411,0.));
#2304=DIRECTION('',(0.,0.,1.));
#2305=DIRECTION('center_axis',(0.,0.,1.));
#2306=DIRECTION('ref_axis',(1.77635683940026E-14,-1.,0.));
#2307=DIRECTION('center_axis',(0.,0.,-1.));
#2308=DIRECTION('ref_axis',(1.77635683940026E-14,-1.,0.));
#2309=DIRECTION('center_axis',(0.,0.,-1.));
#2310=DIRECTION('ref_axis',(1.77635683940026E-14,-1.,0.));
#2311=DIRECTION('',(0.,0.,1.));
#2312=DIRECTION('center_axis',(-1.,-6.87621992432647E-15,0.));
#2313=DIRECTION('ref_axis',(6.87621992432647E-15,-1.,0.));
#2314=DIRECTION('',(6.87621992432647E-15,-1.,0.));
#2315=DIRECTION('',(6.87621992432647E-15,-1.,0.));
#2316=DIRECTION('',(0.,0.,1.));
#2317=DIRECTION('center_axis',(0.,0.,1.));
#2318=DIRECTION('ref_axis',(1.,0.,0.));
#2319=DIRECTION('center_axis',(0.,0.,-1.));
#2320=DIRECTION('ref_axis',(1.,0.,0.));
#2321=DIRECTION('center_axis',(0.,0.,-1.));
#2322=DIRECTION('ref_axis',(1.,0.,0.));
#2323=DIRECTION('',(0.,0.,1.));
#2324=DIRECTION('center_axis',(-0.00673322949997098,-0.999977331553321,
0.));
#2325=DIRECTION('ref_axis',(0.999977331553321,-0.00673322949997098,0.));
#2326=DIRECTION('',(0.999977331553321,-0.00673322949997098,0.));
#2327=DIRECTION('',(0.999977331553321,-0.00673322949997098,0.));
#2328=DIRECTION('',(0.,0.,1.));
#2329=DIRECTION('center_axis',(0.,0.,1.));
#2330=DIRECTION('ref_axis',(0.,1.,0.));
#2331=DIRECTION('center_axis',(0.,0.,-1.));
#2332=DIRECTION('ref_axis',(0.,1.,0.));
#2333=DIRECTION('center_axis',(0.,0.,-1.));
#2334=DIRECTION('ref_axis',(0.,1.,0.));
#2335=DIRECTION('center_axis',(9.30244817609283E-5,0.999999995673223,0.));
#2336=DIRECTION('ref_axis',(-0.999999995673223,9.30244817609283E-5,0.));
#2337=DIRECTION('',(0.999999995673223,-9.30244817609283E-5,0.));
#2338=DIRECTION('',(0.,0.,1.));
#2339=DIRECTION('',(-0.999999995673223,9.30244817609283E-5,0.));
#2340=DIRECTION('',(0.,0.,1.));
#2341=DIRECTION('center_axis',(0.999999977152447,-0.000213764132742629,
0.));
#2342=DIRECTION('ref_axis',(0.000213764132742629,0.999999977152447,0.));
#2343=DIRECTION('',(-0.000213764132742629,-0.999999977152447,0.));
#2344=DIRECTION('',(0.000213764132742629,0.999999977152447,0.));
#2345=DIRECTION('',(0.,0.,1.));
#2346=DIRECTION('center_axis',(-3.83617263087214E-5,-0.999999999264189,
0.));
#2347=DIRECTION('ref_axis',(0.999999999264189,-3.83617263087214E-5,0.));
#2348=DIRECTION('',(0.999999999264189,-3.83617263087214E-5,0.));
#2349=DIRECTION('',(0.999999999264189,-3.83617263087214E-5,0.));
#2350=DIRECTION('',(0.,0.,1.));
#2351=DIRECTION('center_axis',(-0.999999937702271,0.000352980811733157,
0.));
#2352=DIRECTION('ref_axis',(-0.000352980811733157,-0.999999937702271,0.));
#2353=DIRECTION('',(-0.000352980811733157,-0.999999937702271,0.));
#2354=DIRECTION('',(-0.000352980811733157,-0.999999937702271,0.));
#2355=DIRECTION('center_axis',(0.,0.,1.));
#2356=DIRECTION('ref_axis',(1.,0.,0.));
#2357=DIRECTION('center_axis',(0.,0.,1.));
#2358=DIRECTION('ref_axis',(1.,0.,0.));
#2359=CARTESIAN_POINT('',(0.,0.,0.));
#2360=CARTESIAN_POINT('Origin',(99.9167382798836,69.9812675590705,16.));
#2361=CARTESIAN_POINT('',(97.4167382798836,69.9812675590705,18.));
#2362=CARTESIAN_POINT('Origin',(99.9167382798836,69.9812675590705,18.));
#2363=CARTESIAN_POINT('',(97.4167382798836,69.9812675590705,15.));
#2364=CARTESIAN_POINT('',(97.4167382798836,69.9812675590705,16.));
#2365=CARTESIAN_POINT('Origin',(99.9167382798836,69.9812675590705,15.));
#2366=CARTESIAN_POINT('Origin',(99.9167437922919,-5.66386364231774,16.));
#2367=CARTESIAN_POINT('',(97.4167437922919,-5.66386364231774,18.));
#2368=CARTESIAN_POINT('Origin',(99.9167437922919,-5.66386364231774,18.));
#2369=CARTESIAN_POINT('',(97.4167437922919,-5.66386364231774,15.));
#2370=CARTESIAN_POINT('',(97.4167437922919,-5.66386364231774,16.));
#2371=CARTESIAN_POINT('Origin',(99.9167437922919,-5.66386364231774,15.));
#2372=CARTESIAN_POINT('Origin',(-4.04986397524497,-5.07288388504199,16.));
#2373=CARTESIAN_POINT('',(-6.54986397524497,-5.07288388504199,18.));
#2374=CARTESIAN_POINT('Origin',(-4.04986397524497,-5.07288388504199,18.));
#2375=CARTESIAN_POINT('',(-6.54986397524497,-5.07288388504199,15.));
#2376=CARTESIAN_POINT('',(-6.54986397524497,-5.07288388504199,16.));
#2377=CARTESIAN_POINT('Origin',(-4.04986397524497,-5.07288388504199,15.));
#2378=CARTESIAN_POINT('Origin',(-3.91348371835016,69.5721347820984,16.));
#2379=CARTESIAN_POINT('',(-6.41348371835016,69.5721347820984,18.));
#2380=CARTESIAN_POINT('Origin',(-3.91348371835016,69.5721347820984,18.));
#2381=CARTESIAN_POINT('',(-6.41348371835016,69.5721347820984,15.));
#2382=CARTESIAN_POINT('',(-6.41348371835016,69.5721347820984,16.));
#2383=CARTESIAN_POINT('Origin',(-3.91348371835016,69.5721347820984,15.));
#2384=CARTESIAN_POINT('Origin',(10.2054181197707,45.2893933801869,16.));
#2385=CARTESIAN_POINT('',(5.20541811977072,45.2893933801869,18.));
#2386=CARTESIAN_POINT('Origin',(10.2054181197707,45.2893933801869,18.));
#2387=CARTESIAN_POINT('',(5.20541811977072,45.2893933801869,15.));
#2388=CARTESIAN_POINT('',(5.20541811977072,45.2893933801869,16.));
#2389=CARTESIAN_POINT('Origin',(10.2054181197707,45.2893933801869,15.));
#2390=CARTESIAN_POINT('Origin',(33.2756457573691,25.5470055427422,15.));
#2391=CARTESIAN_POINT('',(33.2756457573691,25.5470055427422,15.));
#2392=CARTESIAN_POINT('',(33.5000005066395,41.0000006109476,15.));
#2393=CARTESIAN_POINT('',(33.5000005066395,41.0000006109476,15.));
#2394=CARTESIAN_POINT('',(33.5000005066395,41.0000006109476,18.));
#2395=CARTESIAN_POINT('',(33.5000005066395,41.0000006109476,15.));
#2396=CARTESIAN_POINT('',(33.2756457573691,25.5470055427422,18.));
#2397=CARTESIAN_POINT('',(33.5000005066395,41.0000006109476,18.));
#2398=CARTESIAN_POINT('',(33.2756457573691,25.5470055427422,15.));
#2399=CARTESIAN_POINT('Origin',(33.7756457573691,25.5470055427422,15.));
#2400=CARTESIAN_POINT('',(33.7756457573691,25.0470055427422,15.));
#2401=CARTESIAN_POINT('Origin',(33.7756457573691,25.5470055427422,15.));
#2402=CARTESIAN_POINT('',(33.7756457573691,25.0470055427422,18.));
#2403=CARTESIAN_POINT('Origin',(33.7756457573691,25.5470055427422,18.));
#2404=CARTESIAN_POINT('',(33.7756457573691,25.0470055427422,15.));
#2405=CARTESIAN_POINT('Origin',(49.6861759100037,25.2096418342634,15.));
#2406=CARTESIAN_POINT('',(49.6861759100037,25.2096418342634,15.));
#2407=CARTESIAN_POINT('',(33.7756457573691,25.0470055427422,15.));
#2408=CARTESIAN_POINT('',(49.6861759100037,25.2096418342634,18.));
#2409=CARTESIAN_POINT('',(33.7756457573691,25.0470055427422,18.));
#2410=CARTESIAN_POINT('',(49.6861759100037,25.2096418342634,15.));
#2411=CARTESIAN_POINT('Origin',(49.6861759100037,25.7096418342634,15.));
#2412=CARTESIAN_POINT('',(50.1861759100037,25.7096418342634,15.));
#2413=CARTESIAN_POINT('Origin',(49.6861759100037,25.7096418342634,15.));
#2414=CARTESIAN_POINT('',(50.1861759100037,25.7096418342634,18.));
#2415=CARTESIAN_POINT('Origin',(49.6861759100037,25.7096418342634,18.));
#2416=CARTESIAN_POINT('',(50.1861759100037,25.7096418342634,15.));
#2417=CARTESIAN_POINT('Origin',(50.2770396029993,40.8816028551264,15.));
#2418=CARTESIAN_POINT('',(50.2770396029993,40.8816028551264,15.));
#2419=CARTESIAN_POINT('',(50.2770396029993,40.8816028551264,15.));
#2420=CARTESIAN_POINT('',(50.2770396029993,40.8816028551264,18.));
#2421=CARTESIAN_POINT('',(50.2770396029993,40.8816028551264,18.));
#2422=CARTESIAN_POINT('',(50.2770396029993,40.8816028551264,15.));
#2423=CARTESIAN_POINT('Origin',(49.7770396029993,40.8816028551264,15.));
#2424=CARTESIAN_POINT('',(49.7770396029993,41.3816028551264,15.));
#2425=CARTESIAN_POINT('Origin',(49.7770396029993,40.8816028551264,15.));
#2426=CARTESIAN_POINT('',(49.7770396029993,41.3816028551264,18.));
#2427=CARTESIAN_POINT('Origin',(49.7770396029993,40.8816028551264,18.));
#2428=CARTESIAN_POINT('',(49.7770396029993,41.3816028551264,15.));
#2429=CARTESIAN_POINT('Origin',(34.0000005066395,41.5000006109476,15.));
#2430=CARTESIAN_POINT('',(34.0000005066395,41.5000006109476,15.));
#2431=CARTESIAN_POINT('',(34.0000005066395,41.5000006109476,15.));
#2432=CARTESIAN_POINT('',(34.0000005066395,41.5000006109476,18.));
#2433=CARTESIAN_POINT('',(34.0000005066395,41.5000006109476,18.));
#2434=CARTESIAN_POINT('',(34.0000005066395,41.5000006109476,15.));
#2435=CARTESIAN_POINT('Origin',(34.0000005066395,41.0000006109476,15.));
#2436=CARTESIAN_POINT('Origin',(34.0000005066395,41.0000006109476,15.));
#2437=CARTESIAN_POINT('Origin',(34.0000005066395,41.0000006109476,18.));
#2438=CARTESIAN_POINT('Origin',(72.0231409156252,44.6262430635115,15.));
#2439=CARTESIAN_POINT('',(72.0231409156252,44.6262430635115,15.));
#2440=CARTESIAN_POINT('',(71.9512129978871,59.5050450154025,15.));
#2441=CARTESIAN_POINT('',(71.9512129978871,59.5050450154025,15.));
#2442=CARTESIAN_POINT('',(71.9512129978871,59.5050450154025,18.));
#2443=CARTESIAN_POINT('',(71.9512129978871,59.5050450154025,15.));
#2444=CARTESIAN_POINT('',(72.0231409156252,44.6262430635115,18.));
#2445=CARTESIAN_POINT('',(71.9512129978871,59.5050450154025,18.));
#2446=CARTESIAN_POINT('',(72.0231409156252,44.6262430635115,15.));
#2447=CARTESIAN_POINT('Origin',(72.5231409156252,44.6262430635115,15.));
#2448=CARTESIAN_POINT('',(72.5231409156252,44.1262430635115,15.));
#2449=CARTESIAN_POINT('Origin',(72.5231409156252,44.6262430635115,15.));
#2450=CARTESIAN_POINT('',(72.5231409156252,44.1262430635115,18.));
#2451=CARTESIAN_POINT('Origin',(72.5231409156252,44.6262430635115,18.));
#2452=CARTESIAN_POINT('',(72.5231409156252,44.1262430635115,15.));
#2453=CARTESIAN_POINT('Origin',(88.177249913448,44.3200428944085,15.));
#2454=CARTESIAN_POINT('',(88.177249913448,44.3200428944085,15.));
#2455=CARTESIAN_POINT('',(72.5231409156252,44.1262430635115,15.));
#2456=CARTESIAN_POINT('',(88.177249913448,44.3200428944085,18.));
#2457=CARTESIAN_POINT('',(72.5231409156252,44.1262430635115,18.));
#2458=CARTESIAN_POINT('',(88.177249913448,44.3200428944085,15.));
#2459=CARTESIAN_POINT('Origin',(88.177249913448,44.8200428944085,15.));
#2460=CARTESIAN_POINT('',(88.677249913448,44.8200428944085,15.));
#2461=CARTESIAN_POINT('Origin',(88.177249913448,44.8200428944085,15.));
#2462=CARTESIAN_POINT('',(88.677249913448,44.8200428944085,18.));
#2463=CARTESIAN_POINT('Origin',(88.177249913448,44.8200428944085,18.));
#2464=CARTESIAN_POINT('',(88.677249913448,44.8200428944085,15.));
#2465=CARTESIAN_POINT('Origin',(88.5016633762593,59.9614294679242,15.));
#2466=CARTESIAN_POINT('',(88.5016633762593,59.9614294679242,15.));
#2467=CARTESIAN_POINT('',(88.5016633762593,59.9614294679242,15.));
#2468=CARTESIAN_POINT('',(88.5016633762593,59.9614294679242,18.));
#2469=CARTESIAN_POINT('',(88.5016633762593,59.9614294679242,18.));
#2470=CARTESIAN_POINT('',(88.5016633762593,59.9614294679242,15.));
#2471=CARTESIAN_POINT('Origin',(88.0016633762593,59.9614294679242,15.));
#2472=CARTESIAN_POINT('',(88.0016633762593,60.4614294679242,15.));
#2473=CARTESIAN_POINT('Origin',(88.0016633762593,59.9614294679242,15.));
#2474=CARTESIAN_POINT('',(88.0016633762593,60.4614294679242,18.));
#2475=CARTESIAN_POINT('Origin',(88.0016633762593,59.9614294679242,18.));
#2476=CARTESIAN_POINT('',(88.0016633762593,60.4614294679242,15.));
#2477=CARTESIAN_POINT('Origin',(72.4512129978871,60.0050450154025,15.));
#2478=CARTESIAN_POINT('',(72.4512129978871,60.0050450154025,15.));
#2479=CARTESIAN_POINT('',(72.4512129978871,60.0050450154025,15.));
#2480=CARTESIAN_POINT('',(72.4512129978871,60.0050450154025,18.));
#2481=CARTESIAN_POINT('',(72.4512129978871,60.0050450154025,18.));
#2482=CARTESIAN_POINT('',(72.4512129978871,60.0050450154025,15.));
#2483=CARTESIAN_POINT('Origin',(72.4512129978871,59.5050450154025,15.));
#2484=CARTESIAN_POINT('Origin',(72.4512129978871,59.5050450154025,15.));
#2485=CARTESIAN_POINT('Origin',(72.4512129978871,59.5050450154025,18.));
#2486=CARTESIAN_POINT('Origin',(33.432040955792,44.8954822928339,15.));
#2487=CARTESIAN_POINT('',(33.432040955792,44.8954822928339,15.));
#2488=CARTESIAN_POINT('',(33.5000005066395,60.0000008940697,15.));
#2489=CARTESIAN_POINT('',(33.5000005066395,60.0000008940697,15.));
#2490=CARTESIAN_POINT('',(33.5000005066395,60.0000008940697,18.));
#2491=CARTESIAN_POINT('',(33.5000005066395,60.0000008940697,15.));
#2492=CARTESIAN_POINT('',(33.432040955792,44.8954822928339,18.));
#2493=CARTESIAN_POINT('',(33.5000005066395,60.0000008940697,18.));
#2494=CARTESIAN_POINT('',(33.432040955792,44.8954822928339,15.));
#2495=CARTESIAN_POINT('Origin',(33.9320409557921,44.8954822928339,15.));
#2496=CARTESIAN_POINT('',(33.9320409557921,44.3954822928339,15.));
#2497=CARTESIAN_POINT('Origin',(33.9320409557921,44.8954822928339,15.));
#2498=CARTESIAN_POINT('',(33.9320409557921,44.3954822928339,18.));
#2499=CARTESIAN_POINT('Origin',(33.9320409557921,44.8954822928339,18.));
#2500=CARTESIAN_POINT('',(33.9320409557921,44.3954822928339,15.));
#2501=CARTESIAN_POINT('Origin',(49.9007752036501,44.1715378288258,15.));
#2502=CARTESIAN_POINT('',(49.9007752036501,44.1715378288258,15.));
#2503=CARTESIAN_POINT('',(33.9320409557921,44.3954822928339,15.));
#2504=CARTESIAN_POINT('',(49.9007752036501,44.1715378288258,18.));
#2505=CARTESIAN_POINT('',(33.9320409557921,44.3954822928339,18.));
#2506=CARTESIAN_POINT('',(49.9007752036501,44.1715378288258,15.));
#2507=CARTESIAN_POINT('Origin',(49.9007752036501,44.6715378288258,15.));
#2508=CARTESIAN_POINT('',(50.4007752036501,44.6715378288258,15.));
#2509=CARTESIAN_POINT('Origin',(49.9007752036501,44.6715378288258,15.));
#2510=CARTESIAN_POINT('',(50.4007752036501,44.6715378288258,18.));
#2511=CARTESIAN_POINT('Origin',(49.9007752036501,44.6715378288258,18.));
#2512=CARTESIAN_POINT('',(50.4007752036501,44.6715378288258,15.));
#2513=CARTESIAN_POINT('Origin',(50.2611621571158,59.9764896000985,15.));
#2514=CARTESIAN_POINT('',(50.2611621571158,59.9764896000985,15.));
#2515=CARTESIAN_POINT('',(50.2611621571158,59.9764896000985,15.));
#2516=CARTESIAN_POINT('',(50.2611621571158,59.9764896000985,18.));
#2517=CARTESIAN_POINT('',(50.2611621571158,59.9764896000985,18.));
#2518=CARTESIAN_POINT('',(50.2611621571158,59.9764896000985,15.));
#2519=CARTESIAN_POINT('Origin',(49.7611621571158,59.9764896000985,15.));
#2520=CARTESIAN_POINT('',(49.7611621571158,60.4764896000985,15.));
#2521=CARTESIAN_POINT('Origin',(49.7611621571158,59.9764896000985,15.));
#2522=CARTESIAN_POINT('',(49.7611621571158,60.4764896000985,18.));
#2523=CARTESIAN_POINT('Origin',(49.7611621571158,59.9764896000985,18.));
#2524=CARTESIAN_POINT('',(49.7611621571158,60.4764896000985,15.));
#2525=CARTESIAN_POINT('Origin',(34.0000005066395,60.5000008940697,15.));
#2526=CARTESIAN_POINT('',(34.0000005066395,60.5000008940697,15.));
#2527=CARTESIAN_POINT('',(34.0000005066395,60.5000008940697,15.));
#2528=CARTESIAN_POINT('',(34.0000005066395,60.5000008940697,18.));
#2529=CARTESIAN_POINT('',(34.0000005066395,60.5000008940697,18.));
#2530=CARTESIAN_POINT('',(34.0000005066395,60.5000008940697,15.));
#2531=CARTESIAN_POINT('Origin',(34.0000005066395,60.0000008940697,15.));
#2532=CARTESIAN_POINT('Origin',(34.0000005066395,60.0000008940697,15.));
#2533=CARTESIAN_POINT('Origin',(34.0000005066395,60.0000008940697,18.));
#2534=CARTESIAN_POINT('Origin',(71.5000010728836,26.0000003874302,15.));
#2535=CARTESIAN_POINT('',(71.5000010728836,26.0000003874302,15.));
#2536=CARTESIAN_POINT('',(71.5000010728836,41.0000006109476,15.));
#2537=CARTESIAN_POINT('',(71.5000010728836,41.0000006109476,15.));
#2538=CARTESIAN_POINT('',(71.5000010728836,41.0000006109476,18.));
#2539=CARTESIAN_POINT('',(71.5000010728836,41.0000006109476,15.));
#2540=CARTESIAN_POINT('',(71.5000010728836,26.0000003874302,18.));
#2541=CARTESIAN_POINT('',(71.5000010728836,41.0000006109476,18.));
#2542=CARTESIAN_POINT('',(71.5000010728836,26.0000003874302,15.));
#2543=CARTESIAN_POINT('Origin',(72.0000010728836,26.0000003874302,15.));
#2544=CARTESIAN_POINT('',(72.0000010728836,25.5000003874302,15.));
#2545=CARTESIAN_POINT('Origin',(72.0000010728836,26.0000003874302,15.));
#2546=CARTESIAN_POINT('',(72.0000010728836,25.5000003874302,18.));
#2547=CARTESIAN_POINT('Origin',(72.0000010728836,26.0000003874302,18.));
#2548=CARTESIAN_POINT('',(72.0000010728836,25.5000003874302,15.));
#2549=CARTESIAN_POINT('Origin',(88.0516233633934,25.4732227874562,15.));
#2550=CARTESIAN_POINT('',(88.0516233633934,25.4732227874562,15.));
#2551=CARTESIAN_POINT('',(72.0000010728836,25.5000003874302,15.));
#2552=CARTESIAN_POINT('',(88.0516233633934,25.4732227874562,18.));
#2553=CARTESIAN_POINT('',(72.0000010728836,25.5000003874302,18.));
#2554=CARTESIAN_POINT('',(88.0516233633934,25.4732227874562,15.));
#2555=CARTESIAN_POINT('Origin',(88.0516233633934,25.9732227874562,15.));
#2556=CARTESIAN_POINT('',(88.5516233633934,25.9732227874562,15.));
#2557=CARTESIAN_POINT('Origin',(88.0516233633934,25.9732227874562,15.));
#2558=CARTESIAN_POINT('',(88.5516233633934,25.9732227874562,18.));
#2559=CARTESIAN_POINT('Origin',(88.0516233633934,25.9732227874562,18.));
#2560=CARTESIAN_POINT('',(88.5516233633934,25.9732227874562,15.));
#2561=CARTESIAN_POINT('Origin',(88.4781469465526,40.8579433311102,15.));
#2562=CARTESIAN_POINT('',(88.4781469465526,40.8579433311102,15.));
#2563=CARTESIAN_POINT('',(88.4781469465526,40.8579433311102,15.));
#2564=CARTESIAN_POINT('',(88.4781469465526,40.8579433311102,18.));
#2565=CARTESIAN_POINT('',(88.4781469465526,40.8579433311102,18.));
#2566=CARTESIAN_POINT('',(88.4781469465526,40.8579433311102,15.));
#2567=CARTESIAN_POINT('Origin',(87.9781469465526,40.8579433311102,15.));
#2568=CARTESIAN_POINT('',(87.9781469465526,41.3579433311103,15.));
#2569=CARTESIAN_POINT('Origin',(87.9781469465526,40.8579433311102,15.));
#2570=CARTESIAN_POINT('',(87.9781469465526,41.3579433311103,18.));
#2571=CARTESIAN_POINT('Origin',(87.9781469465526,40.8579433311102,18.));
#2572=CARTESIAN_POINT('',(87.9781469465526,41.3579433311103,15.));
#2573=CARTESIAN_POINT('Origin',(72.0000010728836,41.5000006109476,15.));
#2574=CARTESIAN_POINT('',(72.0000010728836,41.5000006109476,15.));
#2575=CARTESIAN_POINT('',(72.0000010728836,41.5000006109476,15.));
#2576=CARTESIAN_POINT('',(72.0000010728836,41.5000006109476,18.));
#2577=CARTESIAN_POINT('',(72.0000010728836,41.5000006109476,18.));
#2578=CARTESIAN_POINT('',(72.0000010728836,41.5000006109476,15.));
#2579=CARTESIAN_POINT('Origin',(72.0000010728836,41.0000006109476,15.));
#2580=CARTESIAN_POINT('Origin',(72.0000010728836,41.0000006109476,15.));
#2581=CARTESIAN_POINT('Origin',(72.0000010728836,41.0000006109476,18.));
#2582=CARTESIAN_POINT('Origin',(52.284104214705,6.65475431642556,15.));
#2583=CARTESIAN_POINT('',(52.284104214705,6.65475431642556,15.));
#2584=CARTESIAN_POINT('',(52.5000007897616,22.0000003278256,15.));
#2585=CARTESIAN_POINT('',(52.5000007897615,22.0000003278256,15.));
#2586=CARTESIAN_POINT('',(52.5000007897616,22.0000003278256,18.));
#2587=CARTESIAN_POINT('',(52.5000007897616,22.0000003278256,15.));
#2588=CARTESIAN_POINT('',(52.284104214705,6.65475431642556,18.));
#2589=CARTESIAN_POINT('',(52.5000007897615,22.0000003278256,18.));
#2590=CARTESIAN_POINT('',(52.284104214705,6.65475431642556,15.));
#2591=CARTESIAN_POINT('Origin',(52.784104214705,6.65475431642556,15.));
#2592=CARTESIAN_POINT('',(52.784104214705,6.15475431642555,15.));
#2593=CARTESIAN_POINT('Origin',(52.784104214705,6.65475431642556,15.));
#2594=CARTESIAN_POINT('',(52.784104214705,6.15475431642555,18.));
#2595=CARTESIAN_POINT('Origin',(52.784104214705,6.65475431642556,18.));
#2596=CARTESIAN_POINT('',(52.784104214705,6.15475431642555,15.));
#2597=CARTESIAN_POINT('Origin',(68.4628462201222,6.35600303556936,15.));
#2598=CARTESIAN_POINT('',(68.4628462201222,6.35600303556936,15.));
#2599=CARTESIAN_POINT('',(52.784104214705,6.15475431642557,15.));
#2600=CARTESIAN_POINT('',(68.4628462201222,6.35600303556935,18.));
#2601=CARTESIAN_POINT('',(52.784104214705,6.15475431642557,18.));
#2602=CARTESIAN_POINT('',(68.4628462201222,6.35600303556936,15.));
#2603=CARTESIAN_POINT('Origin',(68.4628462201222,6.85600303556935,15.));
#2604=CARTESIAN_POINT('',(68.9628462201222,6.85600303556935,15.));
#2605=CARTESIAN_POINT('Origin',(68.4628462201222,6.85600303556935,15.));
#2606=CARTESIAN_POINT('',(68.9628462201222,6.85600303556935,18.));
#2607=CARTESIAN_POINT('Origin',(68.4628462201222,6.85600303556935,18.));
#2608=CARTESIAN_POINT('',(68.9628462201222,6.85600303556935,15.));
#2609=CARTESIAN_POINT('Origin',(69.0363154104453,21.8222491806502,15.));
#2610=CARTESIAN_POINT('',(69.0363154104453,21.8222491806502,15.));
#2611=CARTESIAN_POINT('',(69.0363154104453,21.8222491806502,15.));
#2612=CARTESIAN_POINT('',(69.0363154104453,21.8222491806502,18.));
#2613=CARTESIAN_POINT('',(69.0363154104453,21.8222491806502,18.));
#2614=CARTESIAN_POINT('',(69.0363154104453,21.8222491806502,15.));
#2615=CARTESIAN_POINT('Origin',(68.5363154104453,21.8222491806502,15.));
#2616=CARTESIAN_POINT('',(68.5363154104453,22.3222491806502,15.));
#2617=CARTESIAN_POINT('Origin',(68.5363154104453,21.8222491806502,15.));
#2618=CARTESIAN_POINT('',(68.5363154104453,22.3222491806502,18.));
#2619=CARTESIAN_POINT('Origin',(68.5363154104453,21.8222491806502,18.));
#2620=CARTESIAN_POINT('',(68.5363154104453,22.3222491806502,15.));
#2621=CARTESIAN_POINT('Origin',(53.0000007897616,22.5000003278256,15.));
#2622=CARTESIAN_POINT('',(53.0000007897616,22.5000003278256,15.));
#2623=CARTESIAN_POINT('',(53.0000007897616,22.5000003278256,15.));
#2624=CARTESIAN_POINT('',(53.0000007897616,22.5000003278256,18.));
#2625=CARTESIAN_POINT('',(53.0000007897616,22.5000003278256,18.));
#2626=CARTESIAN_POINT('',(53.0000007897616,22.5000003278256,15.));
#2627=CARTESIAN_POINT('Origin',(53.0000007897616,22.0000003278256,15.));
#2628=CARTESIAN_POINT('Origin',(53.0000007897616,22.0000003278256,15.));
#2629=CARTESIAN_POINT('Origin',(53.0000007897616,22.0000003278256,18.));
#2630=CARTESIAN_POINT('Origin',(33.3051794368988,6.64434579200913,15.));
#2631=CARTESIAN_POINT('',(33.3051794368988,6.64434579200913,15.));
#2632=CARTESIAN_POINT('',(33.5000005066395,22.0000003278255,15.));
#2633=CARTESIAN_POINT('',(33.5000005066395,22.0000003278255,15.));
#2634=CARTESIAN_POINT('',(33.5000005066395,22.0000003278255,18.));
#2635=CARTESIAN_POINT('',(33.5000005066395,22.0000003278255,15.));
#2636=CARTESIAN_POINT('',(33.3051794368988,6.64434579200913,18.));
#2637=CARTESIAN_POINT('',(33.5000005066395,22.0000003278255,18.));
#2638=CARTESIAN_POINT('',(33.3051794368988,6.64434579200913,15.));
#2639=CARTESIAN_POINT('Origin',(33.8051794368988,6.64434579200913,15.));
#2640=CARTESIAN_POINT('',(33.8051794368988,6.14434579200913,15.));
#2641=CARTESIAN_POINT('Origin',(33.8051794368988,6.64434579200913,15.));
#2642=CARTESIAN_POINT('',(33.8051794368988,6.14434579200913,18.));
#2643=CARTESIAN_POINT('Origin',(33.8051794368988,6.64434579200913,18.));
#2644=CARTESIAN_POINT('',(33.8051794368988,6.14434579200913,15.));
#2645=CARTESIAN_POINT('Origin',(49.8469051672801,6.21116139577877,15.));
#2646=CARTESIAN_POINT('',(49.8469051672801,6.21116139577877,15.));
#2647=CARTESIAN_POINT('',(33.8051794368988,6.14434579200913,15.));
#2648=CARTESIAN_POINT('',(49.8469051672801,6.21116139577877,18.));
#2649=CARTESIAN_POINT('',(33.8051794368988,6.14434579200913,18.));
#2650=CARTESIAN_POINT('',(49.8469051672801,6.21116139577877,15.));
#2651=CARTESIAN_POINT('Origin',(49.8469051672801,6.71116139577877,15.));
#2652=CARTESIAN_POINT('',(50.3469051672801,6.71116139577877,15.));
#2653=CARTESIAN_POINT('Origin',(49.8469051672801,6.71116139577877,15.));
#2654=CARTESIAN_POINT('',(50.3469051672801,6.71116139577877,18.));
#2655=CARTESIAN_POINT('Origin',(49.8469051672801,6.71116139577877,18.));
#2656=CARTESIAN_POINT('',(50.3469051672801,6.71116139577877,15.));
#2657=CARTESIAN_POINT('Origin',(50.5000007450581,22.0000003278256,15.));
#2658=CARTESIAN_POINT('',(50.5000007450581,22.0000003278256,15.));
#2659=CARTESIAN_POINT('',(50.5000007450581,22.0000003278256,15.));
#2660=CARTESIAN_POINT('',(50.5000007450581,22.0000003278256,18.));
#2661=CARTESIAN_POINT('',(50.5000007450581,22.0000003278256,18.));
#2662=CARTESIAN_POINT('',(50.5000007450581,22.0000003278256,15.));
#2663=CARTESIAN_POINT('Origin',(50.0000007450581,22.0000003278256,15.));
#2664=CARTESIAN_POINT('',(50.0000007450581,22.5000003278256,15.));
#2665=CARTESIAN_POINT('Origin',(50.0000007450581,22.0000003278256,15.));
#2666=CARTESIAN_POINT('',(50.0000007450581,22.5000003278256,18.));
#2667=CARTESIAN_POINT('Origin',(50.0000007450581,22.0000003278256,18.));
#2668=CARTESIAN_POINT('',(50.0000007450581,22.5000003278256,15.));
#2669=CARTESIAN_POINT('Origin',(34.0000005066395,22.5000003278255,15.));
#2670=CARTESIAN_POINT('',(34.0000005066395,22.5000003278255,15.));
#2671=CARTESIAN_POINT('',(34.0000005066395,22.5000003278255,15.));
#2672=CARTESIAN_POINT('',(34.0000005066395,22.5000003278255,18.));
#2673=CARTESIAN_POINT('',(34.0000005066395,22.5000003278255,18.));
#2674=CARTESIAN_POINT('',(34.0000005066395,22.5000003278255,15.));
#2675=CARTESIAN_POINT('Origin',(34.0000005066395,22.0000003278255,15.));
#2676=CARTESIAN_POINT('Origin',(34.0000005066395,22.0000003278255,15.));
#2677=CARTESIAN_POINT('Origin',(34.0000005066395,22.0000003278255,18.));
#2678=CARTESIAN_POINT('Origin',(52.5000007897615,26.0000003874302,15.));
#2679=CARTESIAN_POINT('',(52.5000007897615,26.0000003874302,15.));
#2680=CARTESIAN_POINT('',(52.5000007897616,41.0000006109476,15.));
#2681=CARTESIAN_POINT('',(52.5000007897615,41.0000006109476,15.));
#2682=CARTESIAN_POINT('',(52.5000007897616,41.0000006109476,18.));
#2683=CARTESIAN_POINT('',(52.5000007897616,41.0000006109476,15.));
#2684=CARTESIAN_POINT('',(52.5000007897615,26.0000003874302,18.));
#2685=CARTESIAN_POINT('',(52.5000007897615,41.0000006109476,18.));
#2686=CARTESIAN_POINT('',(52.5000007897615,26.0000003874302,15.));
#2687=CARTESIAN_POINT('Origin',(53.0000007897616,26.0000003874302,15.));
#2688=CARTESIAN_POINT('',(53.0000007897615,25.5000003874302,15.));
#2689=CARTESIAN_POINT('Origin',(53.0000007897616,26.0000003874302,15.));
#2690=CARTESIAN_POINT('',(53.0000007897615,25.5000003874302,18.));
#2691=CARTESIAN_POINT('Origin',(53.0000007897616,26.0000003874302,18.));
#2692=CARTESIAN_POINT('',(53.0000007897615,25.5000003874302,15.));
#2693=CARTESIAN_POINT('Origin',(68.5485419455275,25.3853557341166,15.));
#2694=CARTESIAN_POINT('',(68.5485419455275,25.3853557341166,15.));
#2695=CARTESIAN_POINT('',(53.0000007897616,25.5000003874302,15.));
#2696=CARTESIAN_POINT('',(68.5485419455275,25.3853557341166,18.));
#2697=CARTESIAN_POINT('',(53.0000007897616,25.5000003874302,18.));
#2698=CARTESIAN_POINT('',(68.5485419455275,25.3853557341166,15.));
#2699=CARTESIAN_POINT('Origin',(68.5485419455275,25.8853557341166,15.));
#2700=CARTESIAN_POINT('',(69.0485419455275,25.8853557341166,15.));
#2701=CARTESIAN_POINT('Origin',(68.5485419455275,25.8853557341166,15.));
#2702=CARTESIAN_POINT('',(69.0485419455275,25.8853557341166,18.));
#2703=CARTESIAN_POINT('Origin',(68.5485419455275,25.8853557341166,18.));
#2704=CARTESIAN_POINT('',(69.0485419455275,25.8853557341166,15.));
#2705=CARTESIAN_POINT('Origin',(69.0303206005001,41.0148629408428,15.));
#2706=CARTESIAN_POINT('',(69.0303206005001,41.0148629408428,15.));
#2707=CARTESIAN_POINT('',(69.0303206005001,41.0148629408428,15.));
#2708=CARTESIAN_POINT('',(69.0303206005001,41.0148629408428,18.));
#2709=CARTESIAN_POINT('',(69.0303206005001,41.0148629408428,18.));
#2710=CARTESIAN_POINT('',(69.0303206005001,41.0148629408428,15.));
#2711=CARTESIAN_POINT('Origin',(68.5303206005001,41.0148629408428,15.));
#2712=CARTESIAN_POINT('',(68.5303206005001,41.5148629408428,15.));
#2713=CARTESIAN_POINT('Origin',(68.5303206005001,41.0148629408428,15.));
#2714=CARTESIAN_POINT('',(68.5303206005001,41.5148629408428,18.));
#2715=CARTESIAN_POINT('Origin',(68.5303206005001,41.0148629408428,18.));
#2716=CARTESIAN_POINT('',(68.5303206005001,41.5148629408428,15.));
#2717=CARTESIAN_POINT('Origin',(53.0000007897616,41.5000006109476,15.));
#2718=CARTESIAN_POINT('',(53.0000007897616,41.5000006109476,15.));
#2719=CARTESIAN_POINT('',(53.0000007897616,41.5000006109476,15.));
#2720=CARTESIAN_POINT('',(53.0000007897616,41.5000006109476,18.));
#2721=CARTESIAN_POINT('',(53.0000007897616,41.5000006109476,18.));
#2722=CARTESIAN_POINT('',(53.0000007897616,41.5000006109476,15.));
#2723=CARTESIAN_POINT('Origin',(53.0000007897616,41.0000006109476,15.));
#2724=CARTESIAN_POINT('Origin',(53.0000007897616,41.0000006109476,15.));
#2725=CARTESIAN_POINT('Origin',(53.0000007897616,41.0000006109476,18.));
#2726=CARTESIAN_POINT('Origin',(71.5000010728836,7.00000010430813,15.));
#2727=CARTESIAN_POINT('',(71.5000010728836,7.00000010430813,15.));
#2728=CARTESIAN_POINT('',(71.5000010728836,22.0000003278255,15.));
#2729=CARTESIAN_POINT('',(71.5000010728836,22.0000003278255,15.));
#2730=CARTESIAN_POINT('',(71.5000010728836,22.0000003278255,18.));
#2731=CARTESIAN_POINT('',(71.5000010728836,22.0000003278255,15.));
#2732=CARTESIAN_POINT('',(71.5000010728836,7.00000010430813,18.));
#2733=CARTESIAN_POINT('',(71.5000010728836,22.0000003278255,18.));
#2734=CARTESIAN_POINT('',(71.5000010728836,7.00000010430813,15.));
#2735=CARTESIAN_POINT('Origin',(72.0000010728836,7.00000010430813,15.));
#2736=CARTESIAN_POINT('',(72.0000010728836,6.50000010430813,15.));
#2737=CARTESIAN_POINT('Origin',(72.0000010728836,7.00000010430813,15.));
#2738=CARTESIAN_POINT('',(72.0000010728836,6.50000010430813,18.));
#2739=CARTESIAN_POINT('Origin',(72.0000010728836,7.00000010430813,18.));
#2740=CARTESIAN_POINT('',(72.0000010728836,6.50000010430813,15.));
#2741=CARTESIAN_POINT('Origin',(88.0000013113022,6.50000010430813,15.));
#2742=CARTESIAN_POINT('',(88.0000013113022,6.50000010430813,15.));
#2743=CARTESIAN_POINT('',(72.0000010728836,6.50000010430813,15.));
#2744=CARTESIAN_POINT('',(88.0000013113022,6.50000010430813,18.));
#2745=CARTESIAN_POINT('',(72.0000010728836,6.50000010430813,18.));
#2746=CARTESIAN_POINT('',(88.0000013113022,6.50000010430813,15.));
#2747=CARTESIAN_POINT('Origin',(88.0000013113022,7.00000010430813,15.));
#2748=CARTESIAN_POINT('',(88.5000013113022,7.00000010430813,15.));
#2749=CARTESIAN_POINT('Origin',(88.0000013113022,7.00000010430813,15.));
#2750=CARTESIAN_POINT('',(88.5000013113022,7.00000010430813,18.));
#2751=CARTESIAN_POINT('Origin',(88.0000013113022,7.00000010430813,18.));
#2752=CARTESIAN_POINT('',(88.5000013113022,7.00000010430813,15.));
#2753=CARTESIAN_POINT('Origin',(88.5000013113022,22.0000003278255,15.));
#2754=CARTESIAN_POINT('',(88.5000013113022,22.0000003278255,15.));
#2755=CARTESIAN_POINT('',(88.5000013113022,22.0000003278255,15.));
#2756=CARTESIAN_POINT('',(88.5000013113022,22.0000003278255,18.));
#2757=CARTESIAN_POINT('',(88.5000013113022,22.0000003278255,18.));
#2758=CARTESIAN_POINT('',(88.5000013113022,22.0000003278255,15.));
#2759=CARTESIAN_POINT('Origin',(88.0000013113022,22.0000003278255,15.));
#2760=CARTESIAN_POINT('',(88.0000013113022,22.5000003278256,15.));
#2761=CARTESIAN_POINT('Origin',(88.0000013113022,22.0000003278255,15.));
#2762=CARTESIAN_POINT('',(88.0000013113022,22.5000003278256,18.));
#2763=CARTESIAN_POINT('Origin',(88.0000013113022,22.0000003278255,18.));
#2764=CARTESIAN_POINT('',(88.0000013113022,22.5000003278256,15.));
#2765=CARTESIAN_POINT('Origin',(72.0000010728836,22.5000003278255,15.));
#2766=CARTESIAN_POINT('',(72.0000010728836,22.5000003278255,15.));
#2767=CARTESIAN_POINT('',(72.0000010728836,22.5000003278255,15.));
#2768=CARTESIAN_POINT('',(72.0000010728836,22.5000003278255,18.));
#2769=CARTESIAN_POINT('',(72.0000010728836,22.5000003278255,18.));
#2770=CARTESIAN_POINT('',(72.0000010728836,22.5000003278255,15.));
#2771=CARTESIAN_POINT('Origin',(72.0000010728836,22.0000003278255,15.));
#2772=CARTESIAN_POINT('Origin',(72.0000010728836,22.0000003278255,15.));
#2773=CARTESIAN_POINT('Origin',(72.0000010728836,22.0000003278255,18.));
#2774=CARTESIAN_POINT('Origin',(52.8253325865327,44.5182385355378,15.));
#2775=CARTESIAN_POINT('',(52.8253325865327,44.5182385355378,15.));
#2776=CARTESIAN_POINT('',(52.8255762996914,60.1055427855173,15.));
#2777=CARTESIAN_POINT('',(52.8255762996914,60.1055427855173,15.));
#2778=CARTESIAN_POINT('',(52.8255762996914,60.1055427855173,18.));
#2779=CARTESIAN_POINT('',(52.8255762996914,60.1055427855173,15.));
#2780=CARTESIAN_POINT('',(52.8253325865327,44.5182385355378,18.));
#2781=CARTESIAN_POINT('',(52.8255762996914,60.1055427855173,18.));
#2782=CARTESIAN_POINT('',(52.8253325865327,44.5182385355378,15.));
#2783=CARTESIAN_POINT('Origin',(53.3253325865327,44.5182385355378,15.));
#2784=CARTESIAN_POINT('',(53.3253325865327,44.0182385355378,15.));
#2785=CARTESIAN_POINT('Origin',(53.3253325865327,44.5182385355378,15.));
#2786=CARTESIAN_POINT('',(53.3253325865327,44.0182385355378,18.));
#2787=CARTESIAN_POINT('Origin',(53.3253325865327,44.5182385355378,18.));
#2788=CARTESIAN_POINT('',(53.3253325865327,44.0182385355378,15.));
#2789=CARTESIAN_POINT('Origin',(69.0000010281802,44.0000006705523,15.));
#2790=CARTESIAN_POINT('',(69.0000010281802,44.0000006705523,15.));
#2791=CARTESIAN_POINT('',(53.3253325865327,44.0182385355378,15.));
#2792=CARTESIAN_POINT('',(69.0000010281802,44.0000006705523,18.));
#2793=CARTESIAN_POINT('',(53.3253325865327,44.0182385355378,18.));
#2794=CARTESIAN_POINT('',(69.0000010281802,44.0000006705523,15.));
#2795=CARTESIAN_POINT('Origin',(69.0000010281802,44.5000006705523,15.));
#2796=CARTESIAN_POINT('',(69.5000010281802,44.5000006705523,15.));
#2797=CARTESIAN_POINT('Origin',(69.0000010281802,44.5000006705523,15.));
#2798=CARTESIAN_POINT('',(69.5000010281802,44.5000006705523,18.));
#2799=CARTESIAN_POINT('Origin',(69.0000010281802,44.5000006705523,18.));
#2800=CARTESIAN_POINT('',(69.5000010281802,44.5000006705523,15.));
#2801=CARTESIAN_POINT('Origin',(69.5000010281801,60.0000008940697,15.));
#2802=CARTESIAN_POINT('',(69.5000010281801,60.0000008940697,15.));
#2803=CARTESIAN_POINT('',(69.5000010281801,60.0000008940697,15.));
#2804=CARTESIAN_POINT('',(69.5000010281801,60.0000008940697,18.));
#2805=CARTESIAN_POINT('',(69.5000010281801,60.0000008940697,18.));
#2806=CARTESIAN_POINT('',(69.5000010281801,60.0000008940697,15.));
#2807=CARTESIAN_POINT('Origin',(69.0000010281801,60.0000008940697,15.));
#2808=CARTESIAN_POINT('',(69.0000010281801,60.5000008940697,15.));
#2809=CARTESIAN_POINT('Origin',(69.0000010281801,60.0000008940697,15.));
#2810=CARTESIAN_POINT('',(69.0000010281801,60.5000008940697,18.));
#2811=CARTESIAN_POINT('Origin',(69.0000010281801,60.0000008940697,18.));
#2812=CARTESIAN_POINT('',(69.0000010281801,60.5000008940697,15.));
#2813=CARTESIAN_POINT('Origin',(53.3255762996914,60.6055427855173,15.));
#2814=CARTESIAN_POINT('',(53.3255762996914,60.6055427855173,15.));
#2815=CARTESIAN_POINT('',(53.3255762996914,60.6055427855173,15.));
#2816=CARTESIAN_POINT('',(53.3255762996914,60.6055427855173,18.));
#2817=CARTESIAN_POINT('',(53.3255762996914,60.6055427855173,18.));
#2818=CARTESIAN_POINT('',(53.3255762996914,60.6055427855173,15.));
#2819=CARTESIAN_POINT('Origin',(53.3255762996914,60.1055427855173,15.));
#2820=CARTESIAN_POINT('Origin',(53.3255762996914,60.1055427855173,15.));
#2821=CARTESIAN_POINT('Origin',(53.3255762996914,60.1055427855173,18.));
#2822=CARTESIAN_POINT('Origin',(105.618307284125,75.753490428308,15.));
#2823=CARTESIAN_POINT('',(-8.497174262382,75.7641059618857,15.));
#2824=CARTESIAN_POINT('',(105.618307284125,75.753490428308,15.));
#2825=CARTESIAN_POINT('',(-8.497174262382,75.7641059618857,15.));
#2826=CARTESIAN_POINT('',(-8.497174262382,75.7641059618857,18.));
#2827=CARTESIAN_POINT('',(-8.497174262382,75.7641059618857,15.));
#2828=CARTESIAN_POINT('',(105.618307284125,75.753490428308,18.));
#2829=CARTESIAN_POINT('',(-8.497174262382,75.7641059618857,18.));
#2830=CARTESIAN_POINT('',(105.618307284125,75.753490428308,15.));
#2831=CARTESIAN_POINT('Origin',(105.599997639656,-9.89999977871775,15.));
#2832=CARTESIAN_POINT('',(105.599997639656,-9.89999977871776,15.));
#2833=CARTESIAN_POINT('',(105.618307284125,75.753490428308,15.));
#2834=CARTESIAN_POINT('',(105.599997639656,-9.89999977871776,18.));
#2835=CARTESIAN_POINT('',(105.618307284125,75.753490428308,18.));
#2836=CARTESIAN_POINT('',(105.599997639656,-9.89999977871776,15.));
#2837=CARTESIAN_POINT('Origin',(-8.52741050445246,-9.89562165431899,15.));
#2838=CARTESIAN_POINT('',(-8.52741050445246,-9.89562165431899,15.));
#2839=CARTESIAN_POINT('',(-8.52741050445246,-9.89562165431899,15.));
#2840=CARTESIAN_POINT('',(-8.52741050445246,-9.89562165431899,18.));
#2841=CARTESIAN_POINT('',(-8.52741050445246,-9.89562165431899,18.));
#2842=CARTESIAN_POINT('',(-8.52741050445246,-9.89562165431899,15.));
#2843=CARTESIAN_POINT('Origin',(-8.497174262382,75.7641059618857,15.));
#2844=CARTESIAN_POINT('',(-8.497174262382,75.7641059618857,15.));
#2845=CARTESIAN_POINT('',(-8.497174262382,75.7641059618857,18.));
#2846=CARTESIAN_POINT('Origin',(48.5454483898362,32.932053091584,18.));
#2847=CARTESIAN_POINT('Origin',(48.5454483898362,32.932053091584,15.));
#2848=UNCERTAINTY_MEASURE_WITH_UNIT(LENGTH_MEASURE(0.01),#2852,
'DISTANCE_ACCURACY_VALUE',
'Maximum model space distance between geometric entities at asserted c
onnectivities');
#2849=UNCERTAINTY_MEASURE_WITH_UNIT(LENGTH_MEASURE(0.01),#2852,
'DISTANCE_ACCURACY_VALUE',
'Maximum model space distance between geometric entities at asserted c
onnectivities');
#2850=(
GEOMETRIC_REPRESENTATION_CONTEXT(3)
GLOBAL_UNCERTAINTY_ASSIGNED_CONTEXT((#2848))
GLOBAL_UNIT_ASSIGNED_CONTEXT((#2852,#2853,#2854))
REPRESENTATION_CONTEXT('','3D')
);
#2851=(
GEOMETRIC_REPRESENTATION_CONTEXT(3)
GLOBAL_UNCERTAINTY_ASSIGNED_CONTEXT((#2849))
GLOBAL_UNIT_ASSIGNED_CONTEXT((#2852,#2853,#2854))
REPRESENTATION_CONTEXT('','3D')
);
#2852=(
LENGTH_UNIT()
NAMED_UNIT(*)
SI_UNIT(.MILLI.,.METRE.)
);
#2853=(
NAMED_UNIT(*)
PLANE_ANGLE_UNIT()
SI_UNIT($,.RADIAN.)
);
#2854=(
NAMED_UNIT(*)
SI_UNIT($,.STERADIAN.)
SOLID_ANGLE_UNIT()
);
#2855=SHAPE_DEFINITION_REPRESENTATION(#2856,#2857);
#2856=PRODUCT_DEFINITION_SHAPE('',$,#2859);
#2857=SHAPE_REPRESENTATION('',(#1700),#2850);
#2858=PRODUCT_DEFINITION_CONTEXT('part definition',#2863,'design');
#2859=PRODUCT_DEFINITION('2026-08-16-17-15-37-049','AmateurPad',#2860,#2858);
#2860=PRODUCT_DEFINITION_FORMATION('',$,#2865);
#2861=PRODUCT_RELATED_PRODUCT_CATEGORY('AmateurPad','AmateurPad',(#2865));
#2862=APPLICATION_PROTOCOL_DEFINITION('international standard',
'automotive_design',2009,#2863);
#2863=APPLICATION_CONTEXT(
'Core Data for Automotive Mechanical Design Process');
#2864=PRODUCT_CONTEXT('part definition',#2863,'mechanical');
#2865=PRODUCT('2026-08-16-17-15-37-049','AmateurPad',$,(#2864));
#2866=PRESENTATION_STYLE_ASSIGNMENT((#2874));
#2867=PRESENTATION_STYLE_ASSIGNMENT((#2875));
#2868=PRESENTATION_STYLE_ASSIGNMENT((#2876));
#2869=PRESENTATION_STYLE_ASSIGNMENT((#2877));
#2870=PRESENTATION_STYLE_ASSIGNMENT((#2878));
#2871=PRESENTATION_STYLE_ASSIGNMENT((#2879));
#2872=PRESENTATION_STYLE_ASSIGNMENT((#2880));
#2873=PRESENTATION_STYLE_ASSIGNMENT((#2881));
#2874=SURFACE_STYLE_USAGE(.BOTH.,#2882);
#2875=SURFACE_STYLE_USAGE(.BOTH.,#2883);
#2876=SURFACE_STYLE_USAGE(.BOTH.,#2884);
#2877=SURFACE_STYLE_USAGE(.BOTH.,#2885);
#2878=SURFACE_STYLE_USAGE(.BOTH.,#2886);
#2879=SURFACE_STYLE_USAGE(.BOTH.,#2887);
#2880=SURFACE_STYLE_USAGE(.BOTH.,#2888);
#2881=SURFACE_STYLE_USAGE(.BOTH.,#2889);
#2882=SURFACE_SIDE_STYLE('',(#2890));
#2883=SURFACE_SIDE_STYLE('',(#2891));
#2884=SURFACE_SIDE_STYLE('',(#2892));
#2885=SURFACE_SIDE_STYLE('',(#2893));
#2886=SURFACE_SIDE_STYLE('',(#2894));
#2887=SURFACE_SIDE_STYLE('',(#2895));
#2888=SURFACE_SIDE_STYLE('',(#2896));
#2889=SURFACE_SIDE_STYLE('',(#2897));
#2890=SURFACE_STYLE_FILL_AREA(#2898);
#2891=SURFACE_STYLE_FILL_AREA(#2899);
#2892=SURFACE_STYLE_FILL_AREA(#2900);
#2893=SURFACE_STYLE_FILL_AREA(#2901);
#2894=SURFACE_STYLE_FILL_AREA(#2902);
#2895=SURFACE_STYLE_FILL_AREA(#2903);
#2896=SURFACE_STYLE_FILL_AREA(#2904);
#2897=SURFACE_STYLE_FILL_AREA(#2905);
#2898=FILL_AREA_STYLE('Opaque(80,79,79)',(#2906));
#2899=FILL_AREA_STYLE('Opaque(128,128,128)',(#2907));
#2900=FILL_AREA_STYLE('Opaque(0,192,0)',(#2908));
#2901=FILL_AREA_STYLE('Opaque(192,192,192)',(#2909));
#2902=FILL_AREA_STYLE('Steel - Satin',(#2910));
#2903=FILL_AREA_STYLE('Plastic - Translucent Glossy (Red)',(#2911));
#2904=FILL_AREA_STYLE('Plastic - Translucent Matte (Red)',(#2912));
#2905=FILL_AREA_STYLE('Tough 2000 (with Formlabs SLA 3D Printers)',(#2913));
#2906=FILL_AREA_STYLE_COLOUR('Opaque(80,79,79)',#2914);
#2907=FILL_AREA_STYLE_COLOUR('Opaque(128,128,128)',#2915);
#2908=FILL_AREA_STYLE_COLOUR('Opaque(0,192,0)',#2916);
#2909=FILL_AREA_STYLE_COLOUR('Opaque(192,192,192)',#2917);
#2910=FILL_AREA_STYLE_COLOUR('Steel - Satin',#2918);
#2911=FILL_AREA_STYLE_COLOUR('Plastic - Translucent Glossy (Red)',#2919);
#2912=FILL_AREA_STYLE_COLOUR('Plastic - Translucent Matte (Red)',#2920);
#2913=FILL_AREA_STYLE_COLOUR(
'Tough 2000 (with Formlabs SLA 3D Printers)',#2921);
#2914=COLOUR_RGB('Opaque(80,79,79)',0.313725490196078,0.309803921568627,
0.309803921568627);
#2915=COLOUR_RGB('Opaque(128,128,128)',0.501960784313725,0.501960784313725,
0.501960784313725);
#2916=COLOUR_RGB('Opaque(0,192,0)',0.,0.752941176470588,0.);
#2917=COLOUR_RGB('Opaque(192,192,192)',0.752941176470588,0.752941176470588,
0.752941176470588);
#2918=COLOUR_RGB('Steel - Satin',0.627450980392157,0.627450980392157,0.627450980392157);
#2919=COLOUR_RGB('Plastic - Translucent Glossy (Red)',0.768627450980392,
0.207843137254902,0.152941176470588);
#2920=COLOUR_RGB('Plastic - Translucent Matte (Red)',0.768627450980392,
0.207843137254902,0.152941176470588);
#2921=COLOUR_RGB('Tough 2000 (with Formlabs SLA 3D Printers)',0.247058823529412,
0.247058823529412,0.247058823529412);
ENDSEC;
END-ISO-10303-21;
